reading_id,city,region,date,aqi,pm25,pm10
1,Delhi,North,2024-01-01,376.8,205.4,320.5
2,Delhi,North,2024-01-02,361.4,195.6,307.2
3,Delhi,North,2024-01-03,356.5,189.1,309.1
4,Delhi,North,2024-01-04,363.7,197.5,308.1
5,Delhi,North,2024-01-05,362.6,198.4,306.8
6,Delhi,North,2024-01-06,339.1,188.7,289.0
7,Delhi,North,2024-01-07,359.8,191.8,315.7
8,Delhi,North,2024-01-08,358.4,195.6,316.8
9,Delhi,North,2024-01-09,356.0,190.0,300.2
10,Delhi,North,2024-01-10,329.0,185.1,277.2
11,Delhi,North,2024-01-11,347.6,195.5,285.6
12,Delhi,North,2024-01-12,362.9,191.3,304.5
13,Delhi,North,2024-01-13,342.0,193.9,301.3
14,Delhi,North,2024-01-14,,,
15,Delhi,North,2024-01-15,363.3,196.8,298.6
16,Delhi,North,2024-01-16,334.9,185.7,298.2
17,Delhi,North,2024-01-17,359.7,195.7,317.2
18,Delhi,North,2024-01-18,359.3,198.0,306.9
19,Delhi,North,2024-01-19,354.9,194.0,293.1
20,Delhi,North,2024-01-20,362.5,199.0,315.3
21,Delhi,North,2024-01-21,352.1,186.0,298.7
22,Delhi,North,2024-01-22,376.9,205.8,315.0
23,Delhi,North,2024-01-23,342.2,184.0,289.1
24,Delhi,North,2024-01-24,342.3,194.3,289.3
25,Delhi,North,2024-01-25,,,
26,Delhi,North,2024-01-26,353.9,196.0,305.2
27,Delhi,North,2024-01-27,354.2,187.7,305.0
28,Delhi,North,2024-01-28,367.2,203.6,306.6
29,Delhi,North,2024-01-29,354.1,192.4,299.2
30,Delhi,North,2024-01-30,372.1,210.8,320.3
31,Delhi,North,2024-01-31,363.1,202.4,308.6
32,Delhi,North,2024-02-01,254.8,137.4,216.2
33,Delhi,North,2024-02-02,282.9,159.1,238.4
34,Delhi,North,2024-02-03,250.1,134.1,214.8
35,Delhi,North,2024-02-04,260.4,137.4,224.3
36,Delhi,North,2024-02-05,248.9,142.6,212.5
37,Delhi,North,2024-02-06,276.4,150.2,233.2
38,Delhi,North,2024-02-07,259.3,146.8,223.8
39,Delhi,North,2024-02-08,240.9,133.2,204.9
40,Delhi,North,2024-02-09,250.6,135.2,223.5
41,Delhi,North,2024-02-10,251.1,134.7,217.3
42,Delhi,North,2024-02-11,257.3,141.2,223.4
43,Delhi,North,2024-02-12,261.6,145.3,228.1
44,Delhi,North,2024-02-13,259.2,140.1,218.1
45,Delhi,North,2024-02-14,249.5,138.1,205.6
46,Delhi,North,2024-02-15,233.8,128.9,190.7
47,Delhi,North,2024-02-16,232.3,129.3,193.2
48,Delhi,North,2024-02-17,261.7,141.8,215.7
49,Delhi,North,2024-02-18,240.8,130.4,203.0
50,Delhi,North,2024-02-19,245.9,134.1,199.8
51,Delhi,North,2024-02-20,255.9,133.6,216.4
52,Delhi,North,2024-02-21,264.1,149.6,234.8
53,Delhi,North,2024-02-22,237.1,133.4,208.8
54,Delhi,North,2024-02-23,267.5,143.4,229.8
55,Delhi,North,2024-02-24,278.1,147.0,239.2
56,Delhi,North,2024-02-25,,,
57,Delhi,North,2024-02-26,242.9,130.3,201.6
58,Delhi,North,2024-02-27,258.1,141.6,225.1
59,Delhi,North,2024-02-28,244.5,133.9,213.6
60,Delhi,North,2024-02-29,262.5,139.1,227.1
61,Delhi,North,2024-03-01,250.0,139.0,214.3
62,Delhi,North,2024-03-02,270.4,149.2,218.7
63,Delhi,North,2024-03-03,239.3,134.5,201.9
64,Delhi,North,2024-03-04,269.4,149.3,224.5
65,Delhi,North,2024-03-05,268.7,144.6,216.1
66,Delhi,North,2024-03-06,280.5,146.6,242.2
67,Delhi,North,2024-03-07,267.0,147.4,216.8
68,Delhi,North,2024-03-08,267.9,141.6,219.7
69,Delhi,North,2024-03-09,251.4,141.4,215.5
70,Delhi,North,2024-03-10,265.5,144.3,224.6
71,Delhi,North,2024-03-11,242.1,131.9,209.3
72,Delhi,North,2024-03-12,252.2,140.6,210.9
73,Delhi,North,2024-03-13,248.6,136.9,210.1
74,Delhi,North,2024-03-14,262.9,145.3,233.9
75,Delhi,North,2024-03-15,253.1,138.3,208.9
76,Delhi,North,2024-03-16,256.0,143.5,213.2
77,Delhi,North,2024-03-17,255.2,143.2,216.2
78,Delhi,North,2024-03-18,249.5,141.1,212.7
79,Delhi,North,2024-03-19,260.5,148.0,228.3
80,Delhi,North,2024-03-20,251.6,136.3,215.6
81,Delhi,North,2024-03-21,254.2,132.2,223.7
82,Delhi,North,2024-03-22,256.0,143.7,210.6
83,Delhi,North,2024-03-23,271.2,146.8,229.9
84,Delhi,North,2024-03-24,238.9,130.7,201.7
85,Delhi,North,2024-03-25,253.5,141.2,215.8
86,Delhi,North,2024-03-26,267.5,145.3,221.4
87,Delhi,North,2024-03-27,255.5,143.0,224.6
88,Delhi,North,2024-03-28,265.5,139.0,227.9
89,Delhi,North,2024-03-29,273.3,150.6,229.2
90,Delhi,North,2024-03-30,259.5,140.7,224.4
91,Delhi,North,2024-03-31,255.6,146.2,220.3
92,Delhi,North,2024-04-01,123.1,70.1,110.3
93,Delhi,North,2024-04-02,124.9,67.0,92.3
94,Delhi,North,2024-04-03,142.6,76.1,108.5
95,Delhi,North,2024-04-04,110.5,59.9,98.5
96,Delhi,North,2024-04-05,130.7,73.8,104.5
97,Delhi,North,2024-04-06,115.7,67.2,101.3
98,Delhi,North,2024-04-07,131.4,77.4,106.0
99,Delhi,North,2024-04-08,126.7,73.8,118.7
100,Delhi,North,2024-04-09,131.9,79.3,108.5
101,Delhi,North,2024-04-10,135.7,73.9,105.8
102,Delhi,North,2024-04-11,134.8,77.9,113.7
103,Delhi,North,2024-04-12,130.9,77.6,103.8
104,Delhi,North,2024-04-13,113.8,60.0,89.6
105,Delhi,North,2024-04-14,147.9,82.6,120.5
106,Delhi,North,2024-04-15,124.4,79.9,102.1
107,Delhi,North,2024-04-16,122.6,68.6,108.0
108,Delhi,North,2024-04-17,134.4,70.3,107.3
109,Delhi,North,2024-04-18,138.9,76.2,108.2
110,Delhi,North,2024-04-19,145.8,83.3,122.5
111,Delhi,North,2024-04-20,128.6,71.7,105.2
112,Delhi,North,2024-04-21,115.6,64.9,89.6
113,Delhi,North,2024-04-22,136.4,69.3,115.3
114,Delhi,North,2024-04-23,130.1,78.7,104.2
115,Delhi,North,2024-04-24,114.8,60.6,90.8
116,Delhi,North,2024-04-25,,,
117,Delhi,North,2024-04-26,151.7,80.5,144.8
118,Delhi,North,2024-04-27,155.5,84.7,118.4
119,Delhi,North,2024-04-28,130.8,72.2,97.4
120,Delhi,North,2024-04-29,132.6,72.1,108.0
121,Delhi,North,2024-04-30,139.3,80.6,115.5
122,Delhi,North,2024-05-01,134.5,71.4,109.6
123,Delhi,North,2024-05-02,132.7,75.1,109.4
124,Delhi,North,2024-05-03,105.2,60.2,79.8
125,Delhi,North,2024-05-04,133.2,80.4,113.1
126,Delhi,North,2024-05-05,117.5,58.8,106.9
127,Delhi,North,2024-05-06,131.5,74.5,117.3
128,Delhi,North,2024-05-07,131.2,70.9,105.8
129,Delhi,North,2024-05-08,94.8,46.1,80.2
130,Delhi,North,2024-05-09,129.6,72.9,109.4
131,Delhi,North,2024-05-10,133.7,76.7,108.3
132,Delhi,North,2024-05-11,128.3,64.1,114.9
133,Delhi,North,2024-05-12,132.2,74.7,121.6
134,Delhi,North,2024-05-13,144.7,79.3,127.7
135,Delhi,North,2024-05-14,114.6,64.8,98.2
136,Delhi,North,2024-05-15,112.3,67.1,91.2
137,Delhi,North,2024-05-16,139.9,75.3,124.9
138,Delhi,North,2024-05-17,147.5,77.8,116.2
139,Delhi,North,2024-05-18,130.2,75.0,108.4
140,Delhi,North,2024-05-19,124.4,70.4,89.2
141,Delhi,North,2024-05-20,123.8,62.6,107.0
142,Delhi,North,2024-05-21,122.9,63.1,102.3
143,Delhi,North,2024-05-22,114.1,62.7,92.9
144,Delhi,North,2024-05-23,127.2,67.1,113.6
145,Delhi,North,2024-05-24,130.4,73.8,113.7
146,Delhi,North,2024-05-25,122.1,69.4,105.9
147,Delhi,North,2024-05-26,,,
148,Delhi,North,2024-05-27,141.2,86.4,115.0
149,Delhi,North,2024-05-28,138.2,74.5,122.2
150,Delhi,North,2024-05-29,137.0,79.6,99.7
151,Delhi,North,2024-05-30,124.5,64.5,105.2
152,Delhi,North,2024-05-31,123.1,65.1,108.7
153,Delhi,North,2024-06-01,108.1,48.2,90.0
154,Delhi,North,2024-06-02,,,
155,Delhi,North,2024-06-03,69.0,34.2,63.0
156,Delhi,North,2024-06-04,98.2,54.4,78.5
157,Delhi,North,2024-06-05,86.4,46.6,76.7
158,Delhi,North,2024-06-06,86.7,45.2,74.8
159,Delhi,North,2024-06-07,71.1,42.4,67.5
160,Delhi,North,2024-06-08,71.1,40.8,54.5
161,Delhi,North,2024-06-09,98.1,57.6,82.0
162,Delhi,North,2024-06-10,97.2,51.7,78.8
163,Delhi,North,2024-06-11,78.4,42.6,64.7
164,Delhi,North,2024-06-12,87.1,45.4,78.6
165,Delhi,North,2024-06-13,,,
166,Delhi,North,2024-06-14,93.9,56.2,78.8
167,Delhi,North,2024-06-15,69.8,39.5,68.5
168,Delhi,North,2024-06-16,62.7,36.4,51.4
169,Delhi,North,2024-06-17,75.0,43.2,56.0
170,Delhi,North,2024-06-18,88.8,54.1,76.5
171,Delhi,North,2024-06-19,74.7,34.0,55.8
172,Delhi,North,2024-06-20,63.2,41.2,52.2
173,Delhi,North,2024-06-21,72.7,34.8,55.4
174,Delhi,North,2024-06-22,81.2,39.5,79.1
175,Delhi,North,2024-06-23,76.3,38.8,66.7
176,Delhi,North,2024-06-24,102.7,61.8,84.4
177,Delhi,North,2024-06-25,88.3,49.2,78.2
178,Delhi,North,2024-06-26,88.3,44.8,67.5
179,Delhi,North,2024-06-27,87.4,43.3,82.5
180,Delhi,North,2024-06-28,85.7,43.0,70.9
181,Delhi,North,2024-06-29,79.2,43.0,73.0
182,Delhi,North,2024-06-30,67.9,29.9,59.7
183,Delhi,North,2024-07-01,83.1,46.4,73.3
184,Delhi,North,2024-07-02,83.1,48.9,65.3
185,Delhi,North,2024-07-03,86.0,44.0,66.3
186,Delhi,North,2024-07-04,92.6,53.2,67.1
187,Delhi,North,2024-07-05,71.8,40.7,67.5
188,Delhi,North,2024-07-06,77.3,41.8,57.2
189,Delhi,North,2024-07-07,115.4,65.4,103.5
190,Delhi,North,2024-07-08,93.1,54.9,82.8
191,Delhi,North,2024-07-09,81.2,47.6,69.5
192,Delhi,North,2024-07-10,100.8,52.5,82.4
193,Delhi,North,2024-07-11,93.2,56.4,80.1
194,Delhi,North,2024-07-12,76.7,41.7,62.2
195,Delhi,North,2024-07-13,108.0,63.0,99.4
196,Delhi,North,2024-07-14,88.9,46.7,82.6
197,Delhi,North,2024-07-15,105.1,60.1,89.2
198,Delhi,North,2024-07-16,98.2,52.5,88.1
199,Delhi,North,2024-07-17,76.7,38.3,68.6
200,Delhi,North,2024-07-18,89.3,56.7,74.2
201,Delhi,North,2024-07-19,85.5,42.5,61.5
202,Delhi,North,2024-07-20,63.9,37.0,47.3
203,Delhi,North,2024-07-21,98.8,60.0,82.3
204,Delhi,North,2024-07-22,105.2,58.8,96.2
205,Delhi,North,2024-07-23,82.5,49.2,64.5
206,Delhi,North,2024-07-24,92.7,49.1,78.0
207,Delhi,North,2024-07-25,92.8,51.7,78.4
208,Delhi,North,2024-07-26,94.0,54.9,71.6
209,Delhi,North,2024-07-27,92.0,53.3,73.7
210,Delhi,North,2024-07-28,89.9,44.1,85.1
211,Delhi,North,2024-07-29,82.4,45.0,77.2
212,Delhi,North,2024-07-30,83.5,48.3,64.7
213,Delhi,North,2024-07-31,78.4,37.6,65.4
214,Delhi,North,2024-08-01,,,
215,Delhi,North,2024-08-02,72.9,36.6,59.2
216,Delhi,North,2024-08-03,92.1,52.1,78.2
217,Delhi,North,2024-08-04,92.7,50.4,78.7
218,Delhi,North,2024-08-05,100.9,53.1,86.9
219,Delhi,North,2024-08-06,104.6,57.9,93.1
220,Delhi,North,2024-08-07,78.0,50.7,52.8
221,Delhi,North,2024-08-08,71.6,35.2,70.6
222,Delhi,North,2024-08-09,89.5,48.2,68.4
223,Delhi,North,2024-08-10,89.6,49.7,72.0
224,Delhi,North,2024-08-11,67.4,32.7,58.6
225,Delhi,North,2024-08-12,89.0,49.2,74.7
226,Delhi,North,2024-08-13,64.0,35.4,48.2
227,Delhi,North,2024-08-14,85.8,49.1,68.9
228,Delhi,North,2024-08-15,73.0,44.1,64.2
229,Delhi,North,2024-08-16,77.6,30.7,65.7
230,Delhi,North,2024-08-17,92.8,55.5,74.8
231,Delhi,North,2024-08-18,77.5,40.9,70.9
232,Delhi,North,2024-08-19,,,
233,Delhi,North,2024-08-20,88.5,42.5,77.5
234,Delhi,North,2024-08-21,79.3,42.7,70.6
235,Delhi,North,2024-08-22,99.0,47.7,90.2
236,Delhi,North,2024-08-23,91.9,49.4,86.5
237,Delhi,North,2024-08-24,87.5,53.3,70.8
238,Delhi,North,2024-08-25,74.8,46.0,76.6
239,Delhi,North,2024-08-26,92.9,54.7,76.1
240,Delhi,North,2024-08-27,69.3,37.2,67.9
241,Delhi,North,2024-08-28,62.9,32.6,42.0
242,Delhi,North,2024-08-29,86.5,51.1,66.1
243,Delhi,North,2024-08-30,80.3,49.5,67.7
244,Delhi,North,2024-08-31,70.4,33.5,47.8
245,Delhi,North,2024-09-01,94.5,49.0,86.6
246,Delhi,North,2024-09-02,95.7,50.0,78.2
247,Delhi,North,2024-09-03,94.6,52.6,82.0
248,Delhi,North,2024-09-04,65.5,39.6,50.4
249,Delhi,North,2024-09-05,58.0,29.4,51.8
250,Delhi,North,2024-09-06,110.4,59.2,85.9
251,Delhi,North,2024-09-07,110.7,61.5,92.5
252,Delhi,North,2024-09-08,72.3,35.7,70.3
253,Delhi,North,2024-09-09,82.0,42.9,66.6
254,Delhi,North,2024-09-10,104.1,54.9,92.3
255,Delhi,North,2024-09-11,88.4,49.6,69.9
256,Delhi,North,2024-09-12,93.2,57.7,78.9
257,Delhi,North,2024-09-13,74.2,35.6,64.2
258,Delhi,North,2024-09-14,82.0,44.7,69.8
259,Delhi,North,2024-09-15,67.5,40.3,58.8
260,Delhi,North,2024-09-16,84.4,47.3,77.3
261,Delhi,North,2024-09-17,85.9,43.8,80.0
262,Delhi,North,2024-09-18,80.1,41.2,58.7
263,Delhi,North,2024-09-19,85.3,42.7,69.4
264,Delhi,North,2024-09-20,90.6,50.0,83.1
265,Delhi,North,2024-09-21,88.9,47.3,73.6
266,Delhi,North,2024-09-22,79.2,46.1,67.4
267,Delhi,North,2024-09-23,80.3,47.5,68.8
268,Delhi,North,2024-09-24,79.7,37.8,70.4
269,Delhi,North,2024-09-25,88.1,48.7,72.3
270,Delhi,North,2024-09-26,75.2,40.5,65.3
271,Delhi,North,2024-09-27,83.7,45.5,68.3
272,Delhi,North,2024-09-28,89.3,50.0,71.4
273,Delhi,North,2024-09-29,94.4,55.1,85.1
274,Delhi,North,2024-09-30,83.7,45.3,64.2
275,Delhi,North,2024-10-01,264.8,137.1,222.7
276,Delhi,North,2024-10-02,251.7,141.9,213.9
277,Delhi,North,2024-10-03,244.2,128.6,203.2
278,Delhi,North,2024-10-04,257.0,141.6,217.3
279,Delhi,North,2024-10-05,247.5,135.3,216.4
280,Delhi,North,2024-10-06,242.5,133.5,215.8
281,Delhi,North,2024-10-07,262.4,142.5,227.0
282,Delhi,North,2024-10-08,246.7,135.7,219.0
283,Delhi,North,2024-10-09,278.5,146.3,240.9
284,Delhi,North,2024-10-10,279.1,151.3,238.8
285,Delhi,North,2024-10-11,273.8,148.6,235.4
286,Delhi,North,2024-10-12,255.0,132.5,218.8
287,Delhi,North,2024-10-13,253.5,143.1,228.0
288,Delhi,North,2024-10-14,264.0,143.7,227.1
289,Delhi,North,2024-10-15,258.2,146.1,210.8
290,Delhi,North,2024-10-16,241.8,124.8,209.2
291,Delhi,North,2024-10-17,255.5,138.0,212.8
292,Delhi,North,2024-10-18,248.9,133.2,209.6
293,Delhi,North,2024-10-19,249.8,142.9,214.3
294,Delhi,North,2024-10-20,245.9,132.9,216.2
295,Delhi,North,2024-10-21,261.2,144.8,226.3
296,Delhi,North,2024-10-22,274.8,146.3,229.1
297,Delhi,North,2024-10-23,234.9,131.2,197.4
298,Delhi,North,2024-10-24,247.7,133.2,214.7
299,Delhi,North,2024-10-25,254.0,137.6,223.4
300,Delhi,North,2024-10-26,243.2,128.7,222.3
301,Delhi,North,2024-10-27,251.3,136.0,209.2
302,Delhi,North,2024-10-28,254.1,142.9,220.5
303,Delhi,North,2024-10-29,262.3,143.2,214.0
304,Delhi,North,2024-10-30,259.1,148.6,226.7
305,Delhi,North,2024-10-31,253.7,142.7,213.3
306,Delhi,North,2024-11-01,400.8,215.5,338.8
307,Delhi,North,2024-11-02,403.2,221.1,347.3
308,Delhi,North,2024-11-03,424.1,238.5,358.7
309,Delhi,North,2024-11-04,392.7,213.4,327.9
310,Delhi,North,2024-11-05,,,
311,Delhi,North,2024-11-06,358.8,198.0,304.2
312,Delhi,North,2024-11-07,347.6,198.1,301.7
313,Delhi,North,2024-11-08,345.6,186.5,290.2
314,Delhi,North,2024-11-09,,,
315,Delhi,North,2024-11-10,369.3,207.5,320.5
316,Delhi,North,2024-11-11,365.3,202.7,309.8
317,Delhi,North,2024-11-12,335.6,184.1,296.1
318,Delhi,North,2024-11-13,350.0,190.0,303.6
319,Delhi,North,2024-11-14,357.5,194.7,313.2
320,Delhi,North,2024-11-15,364.0,203.2,306.0
321,Delhi,North,2024-11-16,362.5,200.9,312.8
322,Delhi,North,2024-11-17,370.3,208.2,315.8
323,Delhi,North,2024-11-18,364.8,196.1,313.9
324,Delhi,North,2024-11-19,364.7,199.0,305.4
325,Delhi,North,2024-11-20,355.8,190.8,304.5
326,Delhi,North,2024-11-21,360.0,194.2,306.3
327,Delhi,North,2024-11-22,369.3,207.4,320.0
328,Delhi,North,2024-11-23,354.7,193.7,299.1
329,Delhi,North,2024-11-24,363.6,209.4,317.5
330,Delhi,North,2024-11-25,375.5,211.9,309.5
331,Delhi,North,2024-11-26,354.1,193.0,308.5
332,Delhi,North,2024-11-27,376.8,204.6,320.5
333,Delhi,North,2024-11-28,363.2,197.8,304.9
334,Delhi,North,2024-11-29,348.4,195.2,290.7
335,Delhi,North,2024-11-30,370.1,203.9,319.1
336,Delhi,North,2024-12-01,375.0,203.6,313.8
337,Delhi,North,2024-12-02,361.6,194.8,303.0
338,Delhi,North,2024-12-03,355.1,195.9,294.4
339,Delhi,North,2024-12-04,351.9,195.9,307.2
340,Delhi,North,2024-12-05,333.0,188.4,288.3
341,Delhi,North,2024-12-06,343.5,183.1,294.5
342,Delhi,North,2024-12-07,351.5,193.9,303.9
343,Delhi,North,2024-12-08,352.0,194.2,302.0
344,Delhi,North,2024-12-09,367.1,208.9,322.2
345,Delhi,North,2024-12-10,359.4,196.7,319.7
346,Delhi,North,2024-12-11,364.2,202.0,303.0
347,Delhi,North,2024-12-12,365.8,198.1,308.2
348,Delhi,North,2024-12-13,340.6,185.3,289.9
349,Delhi,North,2024-12-14,338.6,182.7,287.3
350,Delhi,North,2024-12-15,341.4,182.8,285.2
351,Delhi,North,2024-12-16,339.7,189.3,282.8
352,Delhi,North,2024-12-17,365.7,204.8,303.7
353,Delhi,North,2024-12-18,357.0,194.4,296.7
354,Delhi,North,2024-12-19,352.5,192.9,303.9
355,Delhi,North,2024-12-20,368.8,198.5,311.1
356,Delhi,North,2024-12-21,362.8,204.2,293.8
357,Delhi,North,2024-12-22,371.8,203.8,325.2
358,Delhi,North,2024-12-23,351.4,190.0,299.0
359,Delhi,North,2024-12-24,370.5,203.9,300.8
360,Delhi,North,2024-12-25,364.7,194.2,304.1
361,Delhi,North,2024-12-26,342.6,181.1,283.7
362,Delhi,North,2024-12-27,344.7,187.1,292.7
363,Delhi,North,2024-12-28,352.5,188.0,298.5
364,Delhi,North,2024-12-29,368.2,206.3,313.8
365,Delhi,North,2024-12-30,363.9,203.7,317.5
366,Delhi,North,2024-12-31,376.9,206.0,318.7
367,Delhi,North,2025-01-01,374.2,212.1,327.3
368,Delhi,North,2025-01-02,328.4,179.7,259.6
369,Delhi,North,2025-01-03,365.3,201.1,310.8
370,Delhi,North,2025-01-04,354.8,200.4,299.8
371,Delhi,North,2025-01-05,368.9,205.1,315.7
372,Delhi,North,2025-01-06,362.1,199.6,301.2
373,Delhi,North,2025-01-07,365.1,203.7,309.5
374,Delhi,North,2025-01-08,365.3,204.5,302.8
375,Delhi,North,2025-01-09,354.8,193.4,296.1
376,Delhi,North,2025-01-10,360.4,194.8,303.7
377,Delhi,North,2025-01-11,359.4,199.1,307.4
378,Delhi,North,2025-01-12,383.3,208.8,327.3
379,Delhi,North,2025-01-13,342.0,190.0,297.6
380,Delhi,North,2025-01-14,371.1,201.6,313.8
381,Delhi,North,2025-01-15,371.6,204.0,321.6
382,Delhi,North,2025-01-16,344.8,195.2,299.2
383,Delhi,North,2025-01-17,362.1,196.0,306.8
384,Delhi,North,2025-01-18,358.3,198.1,303.9
385,Delhi,North,2025-01-19,353.9,195.4,309.2
386,Delhi,North,2025-01-20,332.4,177.3,273.3
387,Delhi,North,2025-01-21,348.3,184.6,299.4
388,Delhi,North,2025-01-22,357.6,195.7,299.9
389,Delhi,North,2025-01-23,358.4,197.8,306.6
390,Delhi,North,2025-01-24,347.8,193.9,286.8
391,Delhi,North,2025-01-25,371.5,192.0,312.2
392,Delhi,North,2025-01-26,342.1,191.3,281.9
393,Delhi,North,2025-01-27,378.4,201.9,333.8
394,Delhi,North,2025-01-28,361.9,199.2,310.2
395,Delhi,North,2025-01-29,382.8,214.1,312.0
396,Delhi,North,2025-01-30,370.8,204.9,305.5
397,Delhi,North,2025-01-31,365.6,196.2,311.8
398,Delhi,North,2025-02-01,258.5,139.6,223.6
399,Delhi,North,2025-02-02,243.5,134.7,203.7
400,Delhi,North,2025-02-03,253.6,147.2,216.2
401,Delhi,North,2025-02-04,242.7,133.0,201.7
402,Delhi,North,2025-02-05,256.1,141.5,218.2
403,Delhi,North,2025-02-06,256.8,139.1,221.0
404,Delhi,North,2025-02-07,268.4,145.1,227.8
405,Delhi,North,2025-02-08,256.5,146.1,224.5
406,Delhi,North,2025-02-09,247.0,136.1,201.0
407,Delhi,North,2025-02-10,244.2,134.4,211.3
408,Delhi,North,2025-02-11,267.2,145.7,219.0
409,Delhi,North,2025-02-12,260.5,142.6,224.0
410,Delhi,North,2025-02-13,257.7,144.6,223.0
411,Delhi,North,2025-02-14,265.9,144.4,232.0
412,Delhi,North,2025-02-15,249.7,137.7,223.4
413,Delhi,North,2025-02-16,260.0,138.3,229.9
414,Delhi,North,2025-02-17,267.8,151.9,228.8
415,Delhi,North,2025-02-18,259.9,142.0,216.7
416,Delhi,North,2025-02-19,274.1,149.3,230.1
417,Delhi,North,2025-02-20,250.4,145.2,218.1
418,Delhi,North,2025-02-21,251.3,138.0,216.7
419,Delhi,North,2025-02-22,266.3,140.0,231.8
420,Delhi,North,2025-02-23,253.1,136.5,212.8
421,Delhi,North,2025-02-24,265.3,152.9,226.4
422,Delhi,North,2025-02-25,262.4,141.1,226.0
423,Delhi,North,2025-02-26,265.6,140.1,222.7
424,Delhi,North,2025-02-27,265.2,138.8,223.2
425,Delhi,North,2025-02-28,263.0,137.9,221.2
426,Delhi,North,2025-03-01,256.4,144.6,210.3
427,Delhi,North,2025-03-02,269.1,149.2,235.9
428,Delhi,North,2025-03-03,269.7,149.7,232.2
429,Delhi,North,2025-03-04,234.9,123.8,193.6
430,Delhi,North,2025-03-05,251.6,142.1,203.2
431,Delhi,North,2025-03-06,251.9,133.3,204.8
432,Delhi,North,2025-03-07,273.5,150.8,242.3
433,Delhi,North,2025-03-08,270.0,144.8,218.4
434,Delhi,North,2025-03-09,280.6,152.7,231.6
435,Delhi,North,2025-03-10,264.0,145.7,220.4
436,Delhi,North,2025-03-11,251.6,139.0,214.3
437,Delhi,North,2025-03-12,264.8,144.2,223.0
438,Delhi,North,2025-03-13,263.0,145.9,230.1
439,Delhi,North,2025-03-14,252.8,138.6,207.9
440,Delhi,North,2025-03-15,273.7,145.0,233.9
441,Delhi,North,2025-03-16,245.0,136.1,212.7
442,Delhi,North,2025-03-17,236.1,129.0,190.1
443,Delhi,North,2025-03-18,272.6,148.2,222.3
444,Delhi,North,2025-03-19,247.3,141.3,219.1
445,Delhi,North,2025-03-20,271.0,145.9,229.4
446,Delhi,North,2025-03-21,275.4,148.5,232.1
447,Delhi,North,2025-03-22,244.3,129.7,214.9
448,Delhi,North,2025-03-23,263.3,146.6,227.3
449,Delhi,North,2025-03-24,268.0,153.4,227.8
450,Delhi,North,2025-03-25,251.7,134.3,220.4
451,Delhi,North,2025-03-26,249.6,131.3,210.5
452,Delhi,North,2025-03-27,256.0,144.1,223.6
453,Delhi,North,2025-03-28,247.0,132.6,208.0
454,Delhi,North,2025-03-29,241.2,132.2,207.8
455,Delhi,North,2025-03-30,256.3,134.5,210.7
456,Delhi,North,2025-03-31,271.2,145.1,235.0
457,Delhi,North,2025-04-01,139.3,75.3,112.4
458,Delhi,North,2025-04-02,134.3,70.3,113.1
459,Delhi,North,2025-04-03,133.0,70.3,111.7
460,Delhi,North,2025-04-04,128.0,65.5,107.7
461,Delhi,North,2025-04-05,124.1,61.0,103.5
462,Delhi,North,2025-04-06,128.4,68.2,96.8
463,Delhi,North,2025-04-07,141.1,80.3,123.8
464,Delhi,North,2025-04-08,135.6,69.6,116.0
465,Delhi,North,2025-04-09,120.6,75.1,99.4
466,Delhi,North,2025-04-10,139.8,70.7,111.8
467,Delhi,North,2025-04-11,125.3,71.7,109.8
468,Delhi,North,2025-04-12,135.2,66.9,121.7
469,Delhi,North,2025-04-13,120.6,72.8,113.7
470,Delhi,North,2025-04-14,141.7,81.9,112.9
471,Delhi,North,2025-04-15,162.7,90.4,144.3
472,Delhi,North,2025-04-16,121.5,66.6,96.2
473,Delhi,North,2025-04-17,128.9,71.0,111.1
474,Delhi,North,2025-04-18,148.5,83.6,127.7
475,Delhi,North,2025-04-19,132.2,80.8,108.9
476,Delhi,North,2025-04-20,146.0,72.5,118.8
477,Delhi,North,2025-04-21,136.7,74.5,134.2
478,Delhi,North,2025-04-22,162.7,83.4,131.9
479,Delhi,North,2025-04-23,130.0,78.5,117.3
480,Delhi,North,2025-04-24,135.7,69.0,110.3
481,Delhi,North,2025-04-25,99.5,48.6,87.1
482,Delhi,North,2025-04-26,141.3,72.5,120.8
483,Delhi,North,2025-04-27,151.3,83.9,126.8
484,Delhi,North,2025-04-28,139.1,78.6,118.7
485,Delhi,North,2025-04-29,125.4,67.3,107.2
486,Delhi,North,2025-04-30,125.2,74.2,111.8
487,Delhi,North,2025-05-01,144.9,87.8,132.7
488,Delhi,North,2025-05-02,148.8,83.3,125.4
489,Delhi,North,2025-05-03,159.4,85.0,131.8
490,Delhi,North,2025-05-04,121.4,67.6,105.7
491,Delhi,North,2025-05-05,144.2,78.4,112.2
492,Delhi,North,2025-05-06,135.6,78.5,115.5
493,Delhi,North,2025-05-07,130.2,73.9,119.3
494,Delhi,North,2025-05-08,131.0,66.4,108.0
495,Delhi,North,2025-05-09,129.8,64.2,115.0
496,Delhi,North,2025-05-10,122.6,69.5,105.4
497,Delhi,North,2025-05-11,128.0,76.9,105.4
498,Delhi,North,2025-05-12,123.7,69.2,110.2
499,Delhi,North,2025-05-13,131.7,68.5,116.1
500,Delhi,North,2025-05-14,139.0,84.8,116.8
501,Delhi,North,2025-05-15,,,
502,Delhi,North,2025-05-16,132.7,76.4,106.7
503,Delhi,North,2025-05-17,123.7,63.3,113.2
504,Delhi,North,2025-05-18,124.2,70.6,100.4
505,Delhi,North,2025-05-19,132.7,70.5,98.7
506,Delhi,North,2025-05-20,132.7,75.1,100.3
507,Delhi,North,2025-05-21,129.7,69.6,103.8
508,Delhi,North,2025-05-22,128.7,63.0,110.9
509,Delhi,North,2025-05-23,146.0,75.3,123.7
510,Delhi,North,2025-05-24,148.9,82.4,123.5
511,Delhi,North,2025-05-25,120.8,67.2,101.9
512,Delhi,North,2025-05-26,139.3,70.5,124.9
513,Delhi,North,2025-05-27,126.9,72.4,103.5
514,Delhi,North,2025-05-28,116.2,61.6,93.0
515,Delhi,North,2025-05-29,127.3,72.6,114.7
516,Delhi,North,2025-05-30,134.2,71.6,111.4
517,Delhi,North,2025-05-31,138.9,80.9,116.1
518,Delhi,North,2025-06-01,83.7,43.0,72.4
519,Delhi,North,2025-06-02,96.7,41.6,83.7
520,Delhi,North,2025-06-03,78.6,33.9,68.7
521,Delhi,North,2025-06-04,84.2,47.8,63.4
522,Delhi,North,2025-06-05,,,
523,Delhi,North,2025-06-06,103.5,59.5,93.0
524,Delhi,North,2025-06-07,99.2,46.3,94.3
525,Delhi,North,2025-06-08,81.1,45.7,74.5
526,Delhi,North,2025-06-09,76.7,43.5,69.8
527,Delhi,North,2025-06-10,84.7,48.6,62.4
528,Delhi,North,2025-06-11,70.9,34.4,62.5
529,Delhi,North,2025-06-12,130.2,72.7,109.8
530,Delhi,North,2025-06-13,84.5,50.4,76.1
531,Delhi,North,2025-06-14,71.5,43.4,60.6
532,Delhi,North,2025-06-15,95.1,44.3,71.5
533,Delhi,North,2025-06-16,92.4,43.6,80.9
534,Delhi,North,2025-06-17,89.3,49.7,78.0
535,Delhi,North,2025-06-18,88.4,50.4,72.7
536,Delhi,North,2025-06-19,85.0,58.5,79.1
537,Delhi,North,2025-06-20,92.6,52.5,74.3
538,Delhi,North,2025-06-21,88.0,47.4,80.5
539,Delhi,North,2025-06-22,74.3,31.4,59.8
540,Delhi,North,2025-06-23,93.6,61.3,85.7
541,Delhi,North,2025-06-24,73.5,39.5,56.8
542,Delhi,North,2025-06-25,83.0,42.1,60.7
543,Delhi,North,2025-06-26,90.6,50.6,76.0
544,Delhi,North,2025-06-27,89.4,57.3,76.7
545,Delhi,North,2025-06-28,80.7,47.8,58.7
546,Delhi,North,2025-06-29,94.3,48.8,75.3
547,Delhi,North,2025-06-30,86.6,54.3,69.1
548,Delhi,North,2025-07-01,96.7,54.7,73.8
549,Delhi,North,2025-07-02,96.2,49.6,72.9
550,Delhi,North,2025-07-03,75.8,38.8,68.0
551,Delhi,North,2025-07-04,76.5,48.0,66.4
552,Delhi,North,2025-07-05,76.6,38.8,66.5
553,Delhi,North,2025-07-06,60.9,24.8,46.5
554,Delhi,North,2025-07-07,92.8,51.8,79.0
555,Delhi,North,2025-07-08,82.7,36.8,68.3
556,Delhi,North,2025-07-09,63.9,38.5,54.3
557,Delhi,North,2025-07-10,84.2,47.9,73.5
558,Delhi,North,2025-07-11,88.0,49.8,71.3
559,Delhi,North,2025-07-12,69.2,39.4,67.5
560,Delhi,North,2025-07-13,97.4,52.7,86.5
561,Delhi,North,2025-07-14,80.0,45.5,64.4
562,Delhi,North,2025-07-15,86.9,55.8,78.5
563,Delhi,North,2025-07-16,103.2,53.7,83.6
564,Delhi,North,2025-07-17,84.8,48.9,70.8
565,Delhi,North,2025-07-18,97.4,51.4,91.0
566,Delhi,North,2025-07-19,96.9,48.8,85.9
567,Delhi,North,2025-07-20,82.6,49.5,67.0
568,Delhi,North,2025-07-21,89.0,51.1,59.1
569,Delhi,North,2025-07-22,62.7,35.0,52.5
570,Delhi,North,2025-07-23,,,
571,Delhi,North,2025-07-24,89.2,46.1,74.4
572,Delhi,North,2025-07-25,79.1,44.9,58.7
573,Delhi,North,2025-07-26,71.8,30.6,73.9
574,Delhi,North,2025-07-27,73.3,36.9,55.4
575,Delhi,North,2025-07-28,77.5,40.9,69.6
576,Delhi,North,2025-07-29,87.4,49.4,70.7
577,Delhi,North,2025-07-30,84.4,51.3,71.6
578,Delhi,North,2025-07-31,88.9,40.8,78.7
579,Delhi,North,2025-08-01,88.3,53.7,58.5
580,Delhi,North,2025-08-02,85.5,46.5,73.1
581,Delhi,North,2025-08-03,77.6,43.5,70.1
582,Delhi,North,2025-08-04,85.6,45.8,71.4
583,Delhi,North,2025-08-05,80.4,44.3,63.9
584,Delhi,North,2025-08-06,61.1,38.9,41.3
585,Delhi,North,2025-08-07,83.6,40.7,69.2
586,Delhi,North,2025-08-08,73.4,40.1,57.2
587,Delhi,North,2025-08-09,69.3,39.2,66.7
588,Delhi,North,2025-08-10,89.0,49.3,69.1
589,Delhi,North,2025-08-11,83.8,47.7,67.1
590,Delhi,North,2025-08-12,95.6,52.3,83.2
591,Delhi,North,2025-08-13,78.8,41.2,68.1
592,Delhi,North,2025-08-14,,,
593,Delhi,North,2025-08-15,75.9,41.5,53.1
594,Delhi,North,2025-08-16,97.2,54.5,82.6
595,Delhi,North,2025-08-17,76.1,44.9,62.8
596,Delhi,North,2025-08-18,107.5,60.5,82.1
597,Delhi,North,2025-08-19,93.4,49.1,76.0
598,Delhi,North,2025-08-20,81.7,44.2,70.6
599,Delhi,North,2025-08-21,93.8,53.2,75.1
600,Delhi,North,2025-08-22,68.4,34.2,60.0
601,Delhi,North,2025-08-23,95.0,59.2,72.3
602,Delhi,North,2025-08-24,85.5,45.9,69.9
603,Delhi,North,2025-08-25,86.2,46.2,71.3
604,Delhi,North,2025-08-26,76.8,43.6,71.3
605,Delhi,North,2025-08-27,104.1,54.9,81.8
606,Delhi,North,2025-08-28,81.4,41.2,75.0
607,Delhi,North,2025-08-29,74.7,41.1,55.1
608,Delhi,North,2025-08-30,80.3,44.7,77.1
609,Delhi,North,2025-08-31,76.2,43.2,51.9
610,Delhi,North,2025-09-01,70.0,35.0,56.1
611,Delhi,North,2025-09-02,89.7,51.6,66.2
612,Delhi,North,2025-09-03,90.9,45.3,87.9
613,Delhi,North,2025-09-04,88.3,48.9,73.6
614,Delhi,North,2025-09-05,84.1,46.0,67.0
615,Delhi,North,2025-09-06,93.4,52.2,83.5
616,Delhi,North,2025-09-07,83.8,48.6,66.3
617,Delhi,North,2025-09-08,127.3,66.9,105.1
618,Delhi,North,2025-09-09,96.0,57.5,76.4
619,Delhi,North,2025-09-10,64.5,29.6,48.5
620,Delhi,North,2025-09-11,75.1,40.4,69.6
621,Delhi,North,2025-09-12,97.4,50.9,85.6
622,Delhi,North,2025-09-13,95.0,57.6,79.4
623,Delhi,North,2025-09-14,75.5,44.3,72.9
624,Delhi,North,2025-09-15,78.2,50.5,76.4
625,Delhi,North,2025-09-16,81.3,38.2,65.1
626,Delhi,North,2025-09-17,80.2,46.0,57.7
627,Delhi,North,2025-09-18,113.6,71.6,91.8
628,Delhi,North,2025-09-19,62.1,33.2,54.9
629,Delhi,North,2025-09-20,100.6,57.9,83.9
630,Delhi,North,2025-09-21,60.8,35.2,56.3
631,Delhi,North,2025-09-22,80.7,45.2,69.4
632,Delhi,North,2025-09-23,81.5,39.9,70.9
633,Delhi,North,2025-09-24,67.4,42.4,51.5
634,Delhi,North,2025-09-25,90.3,46.5,78.6
635,Delhi,North,2025-09-26,81.8,46.8,64.3
636,Delhi,North,2025-09-27,64.8,34.2,52.5
637,Delhi,North,2025-09-28,66.3,33.4,45.9
638,Delhi,North,2025-09-29,85.7,45.3,72.5
639,Delhi,North,2025-09-30,115.6,63.9,100.1
640,Delhi,North,2025-10-01,262.4,143.5,219.0
641,Delhi,North,2025-10-02,265.4,149.8,207.6
642,Delhi,North,2025-10-03,,,
643,Delhi,North,2025-10-04,,,
644,Delhi,North,2025-10-05,248.3,134.6,215.0
645,Delhi,North,2025-10-06,246.0,134.3,202.0
646,Delhi,North,2025-10-07,244.2,136.9,210.6
647,Delhi,North,2025-10-08,241.1,127.6,219.7
648,Delhi,North,2025-10-09,247.1,132.1,212.6
649,Delhi,North,2025-10-10,245.5,133.2,213.6
650,Delhi,North,2025-10-11,266.8,145.6,234.3
651,Delhi,North,2025-10-12,253.1,137.9,214.6
652,Delhi,North,2025-10-13,251.1,139.9,214.6
653,Delhi,North,2025-10-14,245.5,135.4,204.9
654,Delhi,North,2025-10-15,247.9,135.5,216.3
655,Delhi,North,2025-10-16,258.1,146.7,228.3
656,Delhi,North,2025-10-17,254.4,137.2,211.0
657,Delhi,North,2025-10-18,258.1,145.1,228.4
658,Delhi,North,2025-10-19,239.1,134.9,209.2
659,Delhi,North,2025-10-20,284.0,156.6,240.7
660,Delhi,North,2025-10-21,236.6,126.7,194.0
661,Delhi,North,2025-10-22,,,
662,Delhi,North,2025-10-23,253.8,140.8,219.9
663,Delhi,North,2025-10-24,253.7,143.5,221.6
664,Delhi,North,2025-10-25,236.7,128.8,193.3
665,Delhi,North,2025-10-26,243.2,134.2,205.6
666,Delhi,North,2025-10-27,272.5,157.8,233.7
667,Delhi,North,2025-10-28,252.7,138.1,214.3
668,Delhi,North,2025-10-29,261.9,140.9,225.7
669,Delhi,North,2025-10-30,252.1,142.6,222.1
670,Delhi,North,2025-10-31,275.9,150.9,226.1
671,Delhi,North,2025-11-01,380.6,207.9,314.7
672,Delhi,North,2025-11-02,381.1,208.0,317.7
673,Delhi,North,2025-11-03,409.1,232.5,346.1
674,Delhi,North,2025-11-04,404.6,216.0,344.7
675,Delhi,North,2025-11-05,392.5,211.3,322.2
676,Delhi,North,2025-11-06,375.1,199.7,311.3
677,Delhi,North,2025-11-07,356.0,196.8,304.1
678,Delhi,North,2025-11-08,357.2,192.7,308.0
679,Delhi,North,2025-11-09,358.3,191.1,313.9
680,Delhi,North,2025-11-10,351.9,197.2,290.1
681,Delhi,North,2025-11-11,341.7,185.5,286.1
682,Delhi,North,2025-11-12,368.2,195.9,313.7
683,Delhi,North,2025-11-13,343.9,191.1,293.3
684,Delhi,North,2025-11-14,349.4,200.9,296.5
685,Delhi,North,2025-11-15,369.2,197.6,312.9
686,Delhi,North,2025-11-16,357.2,196.9,301.4
687,Delhi,North,2025-11-17,346.2,177.9,290.7
688,Delhi,North,2025-11-18,345.1,188.7,298.3
689,Delhi,North,2025-11-19,382.8,212.6,331.3
690,Delhi,North,2025-11-20,363.7,202.8,312.5
691,Delhi,North,2025-11-21,353.1,192.8,302.0
692,Delhi,North,2025-11-22,377.8,210.8,330.7
693,Delhi,North,2025-11-23,340.7,188.4,291.9
694,Delhi,North,2025-11-24,362.6,193.9,297.1
695,Delhi,North,2025-11-25,330.9,180.4,295.3
696,Delhi,North,2025-11-26,359.0,192.6,307.1
697,Delhi,North,2025-11-27,352.8,194.7,297.1
698,Delhi,North,2025-11-28,340.9,185.3,294.0
699,Delhi,North,2025-11-29,360.1,202.9,299.6
700,Delhi,North,2025-11-30,369.1,203.3,314.9
701,Delhi,North,2025-12-01,371.5,203.8,317.4
702,Delhi,North,2025-12-02,364.3,203.0,314.6
703,Delhi,North,2025-12-03,372.2,206.9,313.9
704,Delhi,North,2025-12-04,386.2,212.4,330.7
705,Delhi,North,2025-12-05,347.9,182.7,291.2
706,Delhi,North,2025-12-06,357.7,199.0,304.4
707,Delhi,North,2025-12-07,366.4,205.6,317.6
708,Delhi,North,2025-12-08,357.0,196.8,302.4
709,Delhi,North,2025-12-09,346.5,196.4,287.3
710,Delhi,North,2025-12-10,356.1,196.9,290.1
711,Delhi,North,2025-12-11,365.9,200.0,312.6
712,Delhi,North,2025-12-12,353.0,188.2,301.5
713,Delhi,North,2025-12-13,358.3,201.2,307.7
714,Delhi,North,2025-12-14,336.8,189.8,291.3
715,Delhi,North,2025-12-15,366.2,203.5,307.3
716,Delhi,North,2025-12-16,363.4,198.6,326.4
717,Delhi,North,2025-12-17,354.2,190.5,299.3
718,Delhi,North,2025-12-18,374.3,203.8,303.8
719,Delhi,North,2025-12-19,374.6,207.5,315.7
720,Delhi,North,2025-12-20,365.6,197.6,304.0
721,Delhi,North,2025-12-21,368.4,200.7,316.6
722,Delhi,North,2025-12-22,357.2,200.0,304.5
723,Delhi,North,2025-12-23,332.4,185.7,280.0
724,Delhi,North,2025-12-24,367.6,202.8,321.3
725,Delhi,North,2025-12-25,353.2,186.2,298.6
726,Delhi,North,2025-12-26,363.2,198.6,306.2
727,Delhi,North,2025-12-27,374.7,205.6,325.1
728,Delhi,North,2025-12-28,358.8,191.7,299.6
729,Delhi,North,2025-12-29,353.2,195.7,295.6
730,Delhi,North,2025-12-30,340.0,183.1,286.1
731,Delhi,North,2025-12-31,346.4,188.3,305.9
732,Delhi,North,2026-01-01,360.3,195.1,306.4
733,Delhi,North,2026-01-02,375.9,209.5,319.1
734,Delhi,North,2026-01-03,340.7,180.7,287.8
735,Delhi,North,2026-01-04,355.7,189.3,294.5
736,Delhi,North,2026-01-05,356.4,187.3,292.8
737,Delhi,North,2026-01-06,,,
738,Delhi,North,2026-01-07,368.9,209.3,319.2
739,Delhi,North,2026-01-08,353.7,203.2,311.0
740,Delhi,North,2026-01-09,368.2,199.4,315.6
741,Delhi,North,2026-01-10,331.9,181.4,267.4
742,Delhi,North,2026-01-11,352.0,197.9,299.6
743,Delhi,North,2026-01-12,376.4,207.2,320.8
744,Delhi,North,2026-01-13,353.4,196.7,300.5
745,Delhi,North,2026-01-14,371.5,211.0,318.3
746,Delhi,North,2026-01-15,343.6,191.4,300.5
747,Delhi,North,2026-01-16,365.0,202.1,316.2
748,Delhi,North,2026-01-17,373.0,194.9,326.5
749,Delhi,North,2026-01-18,366.5,203.7,308.5
750,Delhi,North,2026-01-19,359.9,200.6,297.4
751,Delhi,North,2026-01-20,366.2,201.9,320.4
752,Delhi,North,2026-01-21,365.3,200.5,311.2
753,Delhi,North,2026-01-22,364.9,201.5,313.8
754,Delhi,North,2026-01-23,348.7,187.0,293.3
755,Delhi,North,2026-01-24,340.1,184.2,291.6
756,Delhi,North,2026-01-25,337.6,181.0,291.7
757,Delhi,North,2026-01-26,350.9,193.2,291.2
758,Delhi,North,2026-01-27,344.7,188.6,303.1
759,Delhi,North,2026-01-28,362.5,192.9,311.2
760,Delhi,North,2026-01-29,368.3,205.6,306.1
761,Delhi,North,2026-01-30,356.4,204.8,297.7
762,Delhi,North,2026-01-31,361.2,195.9,299.8
763,Delhi,North,2026-02-01,251.3,142.6,220.9
764,Delhi,North,2026-02-02,245.9,133.6,204.0
765,Delhi,North,2026-02-03,231.5,130.0,206.5
766,Delhi,North,2026-02-04,274.5,149.4,241.7
767,Delhi,North,2026-02-05,269.6,147.2,229.5
768,Delhi,North,2026-02-06,252.1,139.9,225.6
769,Delhi,North,2026-02-07,245.4,130.5,214.2
770,Delhi,North,2026-02-08,257.3,134.2,213.1
771,Delhi,North,2026-02-09,246.7,133.5,212.1
772,Delhi,North,2026-02-10,268.6,147.4,229.6
773,Delhi,North,2026-02-11,247.7,140.6,219.1
774,Delhi,North,2026-02-12,253.5,136.8,228.4
775,Delhi,North,2026-02-13,267.8,144.0,217.9
776,Delhi,North,2026-02-14,253.2,144.4,212.4
777,Delhi,North,2026-02-15,253.8,137.9,220.1
778,Delhi,North,2026-02-16,273.5,145.7,231.2
779,Delhi,North,2026-02-17,254.3,137.7,209.5
780,Delhi,North,2026-02-18,266.6,147.6,231.4
781,Delhi,North,2026-02-19,274.9,150.1,237.4
782,Delhi,North,2026-02-20,251.9,138.5,216.6
783,Delhi,North,2026-02-21,254.8,134.4,226.2
784,Delhi,North,2026-02-22,258.6,138.0,207.1
785,Delhi,North,2026-02-23,256.5,144.0,224.6
786,Delhi,North,2026-02-24,270.2,147.4,234.1
787,Delhi,North,2026-02-25,238.3,132.0,208.6
788,Delhi,North,2026-02-26,249.5,136.9,213.2
789,Delhi,North,2026-02-27,258.5,148.5,213.8
790,Delhi,North,2026-02-28,272.9,145.5,228.5
791,Delhi,North,2026-03-01,247.5,136.1,207.9
792,Delhi,North,2026-03-02,262.6,144.8,237.0
793,Delhi,North,2026-03-03,261.5,143.2,225.1
794,Delhi,North,2026-03-04,,,
795,Delhi,North,2026-03-05,247.1,137.0,215.6
796,Delhi,North,2026-03-06,262.6,144.4,227.1
797,Delhi,North,2026-03-07,250.9,139.4,222.3
798,Delhi,North,2026-03-08,270.2,154.4,228.0
799,Delhi,North,2026-03-09,,,
800,Delhi,North,2026-03-10,251.7,133.5,211.5
801,Delhi,North,2026-03-11,259.8,134.4,212.8
802,Delhi,North,2026-03-12,268.6,148.5,228.6
803,Delhi,North,2026-03-13,237.5,137.3,208.6
804,Delhi,North,2026-03-14,265.2,141.8,229.4
805,Delhi,North,2026-03-15,270.5,147.8,228.9
806,Delhi,North,2026-03-16,251.1,140.8,212.5
807,Delhi,North,2026-03-17,252.9,133.6,205.5
808,Delhi,North,2026-03-18,268.0,154.0,233.5
809,Delhi,North,2026-03-19,273.8,148.8,232.9
810,Delhi,North,2026-03-20,261.2,143.3,232.5
811,Delhi,North,2026-03-21,240.8,130.5,203.1
812,Delhi,North,2026-03-22,248.2,140.2,199.5
813,Delhi,North,2026-03-23,270.3,152.6,232.1
814,Delhi,North,2026-03-24,273.5,160.1,234.1
815,Delhi,North,2026-03-25,265.5,147.9,229.3
816,Delhi,North,2026-03-26,250.7,135.4,217.3
817,Delhi,North,2026-03-27,250.6,141.9,218.3
818,Delhi,North,2026-03-28,251.5,140.2,214.8
819,Delhi,North,2026-03-29,255.2,145.3,217.7
820,Delhi,North,2026-03-30,,,
821,Delhi,North,2026-03-31,239.7,130.7,214.0
822,Delhi,North,2026-04-01,154.4,83.8,124.3
823,Delhi,North,2026-04-02,137.8,74.6,119.8
824,Delhi,North,2026-04-03,116.8,69.1,109.2
825,Delhi,North,2026-04-04,115.6,60.9,94.7
826,Delhi,North,2026-04-05,141.8,70.5,122.4
827,Delhi,North,2026-04-06,130.3,68.9,115.6
828,Delhi,North,2026-04-07,109.6,55.2,89.1
829,Delhi,North,2026-04-08,141.5,76.9,115.9
830,Delhi,North,2026-04-09,,,
831,Delhi,North,2026-04-10,129.4,73.0,126.8
832,Delhi,North,2026-04-11,120.0,67.6,101.8
833,Delhi,North,2026-04-12,130.0,78.0,115.8
834,Delhi,North,2026-04-13,141.2,76.3,115.7
835,Delhi,North,2026-04-14,136.7,74.5,113.5
836,Delhi,North,2026-04-15,141.3,73.4,116.5
837,Delhi,North,2026-04-16,142.7,78.7,126.1
838,Delhi,North,2026-04-17,123.1,71.0,101.2
839,Delhi,North,2026-04-18,149.6,86.0,130.8
840,Delhi,North,2026-04-19,151.8,85.4,126.1
841,Delhi,North,2026-04-20,152.0,85.5,137.4
842,Delhi,North,2026-04-21,135.3,79.6,110.7
843,Delhi,North,2026-04-22,118.3,60.0,106.0
844,Delhi,North,2026-04-23,110.0,54.0,85.9
845,Delhi,North,2026-04-24,136.3,77.3,111.9
846,Delhi,North,2026-04-25,143.0,80.5,129.7
847,Delhi,North,2026-04-26,144.9,77.6,125.3
848,Delhi,North,2026-04-27,131.7,74.9,114.1
849,Delhi,North,2026-04-28,134.0,77.2,115.2
850,Delhi,North,2026-04-29,142.5,79.2,121.2
851,Delhi,North,2026-04-30,144.7,84.0,131.4
852,Delhi,North,2026-05-01,141.3,77.5,122.2
853,Delhi,North,2026-05-02,135.6,68.2,109.5
854,Delhi,North,2026-05-03,152.0,84.0,113.1
855,Delhi,North,2026-05-04,132.3,74.1,106.1
856,Delhi,North,2026-05-05,161.0,93.7,142.7
857,Delhi,North,2026-05-06,131.4,74.8,117.7
858,Delhi,North,2026-05-07,139.4,74.6,120.6
859,Delhi,North,2026-05-08,135.3,76.2,109.7
860,Delhi,North,2026-05-09,136.8,75.9,118.6
861,Delhi,North,2026-05-10,136.0,69.7,121.6
862,Delhi,North,2026-05-11,142.5,73.6,121.4
863,Delhi,North,2026-05-12,123.3,66.6,111.7
864,Delhi,North,2026-05-13,139.8,85.3,120.2
865,Delhi,North,2026-05-14,120.0,67.0,88.2
866,Delhi,North,2026-05-15,154.6,86.6,134.8
867,Delhi,North,2026-05-16,135.0,71.3,114.7
868,Delhi,North,2026-05-17,123.7,66.4,107.7
869,Delhi,North,2026-05-18,118.5,72.1,94.9
870,Delhi,North,2026-05-19,142.7,76.3,114.3
871,Delhi,North,2026-05-20,137.3,76.5,115.8
872,Delhi,North,2026-05-21,131.8,70.2,114.9
873,Delhi,North,2026-05-22,126.6,69.9,114.5
874,Delhi,North,2026-05-23,116.5,62.0,95.2
875,Delhi,North,2026-05-24,122.6,62.2,102.7
876,Delhi,North,2026-05-25,133.9,73.3,104.4
877,Delhi,North,2026-05-26,140.1,79.9,119.6
878,Delhi,North,2026-05-27,120.0,62.6,113.7
879,Delhi,North,2026-05-28,152.4,85.7,124.2
880,Delhi,North,2026-05-29,146.9,81.5,134.9
881,Delhi,North,2026-05-30,125.0,70.6,105.0
882,Delhi,North,2026-05-31,140.8,74.9,125.2
883,Delhi,North,2026-06-01,80.7,40.9,72.0
884,Delhi,North,2026-06-02,88.1,40.1,74.7
885,Delhi,North,2026-06-03,86.5,48.3,85.7
886,Delhi,North,2026-06-04,77.6,42.6,55.8
887,Delhi,North,2026-06-05,67.9,35.1,56.9
888,Delhi,North,2026-06-06,82.9,48.1,74.8
889,Delhi,North,2026-06-07,97.3,52.9,85.6
890,Delhi,North,2026-06-08,76.7,43.6,68.1
891,Delhi,North,2026-06-09,79.2,30.7,63.4
892,Delhi,North,2026-06-10,116.0,63.4,94.8
893,Delhi,North,2026-06-11,86.5,52.0,75.5
894,Delhi,North,2026-06-12,82.8,40.4,68.6
895,Delhi,North,2026-06-13,70.9,40.4,69.3
896,Delhi,North,2026-06-14,97.8,51.4,77.2
897,Delhi,North,2026-06-15,68.5,39.4,61.6
898,Delhi,North,2026-06-16,94.6,53.4,73.1
899,Delhi,North,2026-06-17,62.2,38.6,47.8
900,Delhi,North,2026-06-18,107.9,50.9,85.0
901,Delhi,North,2026-06-19,73.9,41.6,66.7
902,Delhi,North,2026-06-20,78.5,45.5,58.8
903,Delhi,North,2026-06-21,79.1,38.6,63.8
904,Delhi,North,2026-06-22,77.3,43.7,86.2
905,Delhi,North,2026-06-23,68.6,36.8,62.3
906,Delhi,North,2026-06-24,85.8,52.8,66.7
907,Delhi,North,2026-06-25,94.3,48.6,84.9
908,Delhi,North,2026-06-26,87.0,48.8,70.3
909,Delhi,North,2026-06-27,62.8,30.0,57.5
910,Delhi,North,2026-06-28,81.8,47.8,61.5
911,Delhi,North,2026-06-29,92.7,54.9,65.4
912,Delhi,North,2026-06-30,88.8,56.5,70.8
913,Delhi,North,2026-07-01,97.0,53.4,87.5
914,Delhi,North,2026-07-02,80.4,41.1,65.7
915,Delhi,North,2026-07-03,80.7,42.0,63.2
916,Delhi,North,2026-07-04,98.3,51.7,76.2
917,Delhi,North,2026-07-05,,,
918,Delhi,North,2026-07-06,91.1,52.9,85.0
919,Delhi,North,2026-07-07,79.8,40.6,68.8
920,Delhi,North,2026-07-08,86.8,52.9,74.0
921,Delhi,North,2026-07-09,80.0,38.6,66.7
922,Delhi,North,2026-07-10,86.0,52.0,73.7
923,Delhi,North,2026-07-11,101.3,60.6,81.5
924,Delhi,North,2026-07-12,71.5,36.8,59.3
925,Delhi,North,2026-07-13,75.5,44.3,68.2
926,Delhi,North,2026-07-14,99.7,55.9,82.1
927,Delhi,North,2026-07-15,90.1,45.9,77.5
928,Delhi,North,2026-07-16,76.1,46.5,48.7
929,Delhi,North,2026-07-17,95.4,56.0,80.8
930,Delhi,North,2026-07-18,89.3,49.9,83.7
931,Delhi,North,2026-07-19,105.1,57.8,99.1
932,Delhi,North,2026-07-20,77.5,44.3,68.5
933,Delhi,North,2026-07-21,70.1,39.9,55.6
934,Delhi,North,2026-07-22,94.8,48.6,69.9
935,Delhi,North,2026-07-23,69.6,38.4,61.0
936,Delhi,North,2026-07-24,89.3,46.1,80.6
937,Delhi,North,2026-07-25,78.7,42.4,72.8
938,Delhi,North,2026-07-26,83.3,38.3,75.1
939,Delhi,North,2026-07-27,85.2,45.3,80.1
940,Delhi,North,2026-07-28,77.7,45.3,66.8
941,Delhi,North,2026-07-29,,,
942,Delhi,North,2026-07-30,89.4,53.6,73.5
943,Delhi,North,2026-07-31,77.6,48.2,63.4
944,Delhi,North,2026-08-01,88.6,48.5,77.6
945,Delhi,North,2026-08-02,69.1,35.8,58.4
946,Delhi,North,2026-08-03,86.5,51.9,76.6
947,Delhi,North,2026-08-04,92.1,50.4,85.8
948,Delhi,North,2026-08-05,77.9,42.5,57.3
949,Delhi,North,2026-08-06,72.6,43.3,61.4
950,Delhi,North,2026-08-07,63.0,34.5,52.1
951,Delhi,North,2026-08-08,71.6,40.7,59.2
952,Delhi,North,2026-08-09,85.3,50.7,68.8
953,Delhi,North,2026-08-10,98.1,52.9,81.8
954,Delhi,North,2026-08-11,100.6,56.8,83.0
955,Delhi,North,2026-08-12,83.7,46.9,62.4
956,Delhi,North,2026-08-13,93.1,51.2,71.3
957,Delhi,North,2026-08-14,73.8,44.0,55.1
958,Delhi,North,2026-08-15,110.9,56.7,95.4
959,Delhi,North,2026-08-16,54.5,29.6,43.1
960,Delhi,North,2026-08-17,90.9,50.7,75.2
961,Delhi,North,2026-08-18,110.8,63.9,89.7
962,Delhi,North,2026-08-19,89.2,37.4,72.2
963,Patna,East,2024-01-01,308.6,167.4,263.0
964,Patna,East,2024-01-02,279.8,156.9,238.3
965,Patna,East,2024-01-03,293.5,165.0,259.1
966,Patna,East,2024-01-04,303.1,159.6,259.8
967,Patna,East,2024-01-05,296.6,158.4,242.1
968,Patna,East,2024-01-06,288.5,157.3,244.5
969,Patna,East,2024-01-07,284.6,156.9,243.3
970,Patna,East,2024-01-08,289.9,160.8,242.5
971,Patna,East,2024-01-09,274.4,150.7,238.2
972,Patna,East,2024-01-10,325.6,170.3,273.4
973,Patna,East,2024-01-11,282.8,156.4,234.8
974,Patna,East,2024-01-12,294.8,165.9,245.7
975,Patna,East,2024-01-13,292.4,167.1,253.5
976,Patna,East,2024-01-14,273.9,158.7,228.4
977,Patna,East,2024-01-15,297.0,161.5,249.4
978,Patna,East,2024-01-16,,,
979,Patna,East,2024-01-17,278.3,150.6,236.2
980,Patna,East,2024-01-18,269.3,151.1,224.3
981,Patna,East,2024-01-19,302.1,171.5,258.4
982,Patna,East,2024-01-20,299.8,162.9,250.5
983,Patna,East,2024-01-21,270.7,147.9,226.5
984,Patna,East,2024-01-22,265.0,146.7,234.1
985,Patna,East,2024-01-23,298.3,168.5,251.7
986,Patna,East,2024-01-24,281.3,154.8,236.8
987,Patna,East,2024-01-25,279.9,157.9,238.7
988,Patna,East,2024-01-26,285.6,157.7,241.6
989,Patna,East,2024-01-27,300.9,171.7,251.8
990,Patna,East,2024-01-28,279.2,158.9,251.4
991,Patna,East,2024-01-29,286.2,153.6,235.8
992,Patna,East,2024-01-30,293.5,161.7,247.7
993,Patna,East,2024-01-31,303.6,163.6,254.3
994,Patna,East,2024-02-01,201.5,116.2,177.5
995,Patna,East,2024-02-02,232.3,124.3,205.3
996,Patna,East,2024-02-03,220.1,123.8,190.4
997,Patna,East,2024-02-04,212.8,116.3,171.5
998,Patna,East,2024-02-05,210.1,114.5,171.5
999,Patna,East,2024-02-06,217.9,124.9,182.1
1000,Patna,East,2024-02-07,205.2,109.4,175.4
1001,Patna,East,2024-02-08,237.6,131.2,202.2
1002,Patna,East,2024-02-09,201.9,112.3,175.2
1003,Patna,East,2024-02-10,211.9,116.4,176.0
1004,Patna,East,2024-02-11,225.6,129.3,193.9
1005,Patna,East,2024-02-12,222.8,122.7,185.4
1006,Patna,East,2024-02-13,207.5,112.4,176.9
1007,Patna,East,2024-02-14,216.7,123.1,188.5
1008,Patna,East,2024-02-15,234.6,132.1,197.8
1009,Patna,East,2024-02-16,217.9,113.3,195.1
1010,Patna,East,2024-02-17,209.8,113.7,189.1
1011,Patna,East,2024-02-18,204.0,109.7,172.9
1012,Patna,East,2024-02-19,209.9,115.7,179.8
1013,Patna,East,2024-02-20,224.4,122.9,194.8
1014,Patna,East,2024-02-21,212.9,119.5,187.9
1015,Patna,East,2024-02-22,196.2,107.0,167.8
1016,Patna,East,2024-02-23,194.3,94.7,167.0
1017,Patna,East,2024-02-24,209.2,118.1,177.7
1018,Patna,East,2024-02-25,216.7,117.8,184.7
1019,Patna,East,2024-02-26,206.1,111.3,179.8
1020,Patna,East,2024-02-27,213.9,119.6,181.7
1021,Patna,East,2024-02-28,,,
1022,Patna,East,2024-02-29,207.0,115.3,166.6
1023,Patna,East,2024-03-01,220.1,122.5,183.2
1024,Patna,East,2024-03-02,197.6,108.0,168.5
1025,Patna,East,2024-03-03,210.6,113.1,184.4
1026,Patna,East,2024-03-04,215.5,116.8,188.1
1027,Patna,East,2024-03-05,216.6,116.3,189.2
1028,Patna,East,2024-03-06,212.6,120.6,176.6
1029,Patna,East,2024-03-07,220.7,126.2,190.2
1030,Patna,East,2024-03-08,222.8,124.3,194.4
1031,Patna,East,2024-03-09,217.9,121.6,183.8
1032,Patna,East,2024-03-10,239.8,128.4,208.7
1033,Patna,East,2024-03-11,205.2,115.0,182.2
1034,Patna,East,2024-03-12,203.9,119.1,167.6
1035,Patna,East,2024-03-13,207.2,115.2,169.5
1036,Patna,East,2024-03-14,228.5,127.6,178.0
1037,Patna,East,2024-03-15,200.0,107.1,172.4
1038,Patna,East,2024-03-16,204.2,109.4,177.2
1039,Patna,East,2024-03-17,205.1,113.9,166.2
1040,Patna,East,2024-03-18,228.7,131.3,187.5
1041,Patna,East,2024-03-19,188.8,97.1,166.1
1042,Patna,East,2024-03-20,210.0,119.6,170.4
1043,Patna,East,2024-03-21,205.6,112.5,180.9
1044,Patna,East,2024-03-22,214.1,113.6,183.6
1045,Patna,East,2024-03-23,217.7,121.6,183.8
1046,Patna,East,2024-03-24,209.3,115.1,163.1
1047,Patna,East,2024-03-25,219.8,125.6,189.9
1048,Patna,East,2024-03-26,205.4,106.8,182.2
1049,Patna,East,2024-03-27,210.6,114.9,180.2
1050,Patna,East,2024-03-28,209.6,115.3,186.9
1051,Patna,East,2024-03-29,210.8,123.4,181.3
1052,Patna,East,2024-03-30,220.5,124.9,192.7
1053,Patna,East,2024-03-31,229.2,128.2,191.2
1054,Patna,East,2024-04-01,138.0,75.2,112.2
1055,Patna,East,2024-04-02,129.3,73.6,109.6
1056,Patna,East,2024-04-03,119.6,68.0,112.9
1057,Patna,East,2024-04-04,117.8,59.7,96.6
1058,Patna,East,2024-04-05,124.8,67.8,102.0
1059,Patna,East,2024-04-06,127.4,72.9,106.9
1060,Patna,East,2024-04-07,122.1,64.5,100.0
1061,Patna,East,2024-04-08,114.7,57.6,99.3
1062,Patna,East,2024-04-09,117.7,62.6,100.5
1063,Patna,East,2024-04-10,120.2,63.0,98.4
1064,Patna,East,2024-04-11,109.1,65.2,82.5
1065,Patna,East,2024-04-12,117.5,67.7,93.1
1066,Patna,East,2024-04-13,106.9,54.7,79.8
1067,Patna,East,2024-04-14,132.1,71.4,105.1
1068,Patna,East,2024-04-15,110.2,60.8,91.0
1069,Patna,East,2024-04-16,106.8,60.2,84.7
1070,Patna,East,2024-04-17,112.6,62.0,90.5
1071,Patna,East,2024-04-18,118.1,61.8,115.3
1072,Patna,East,2024-04-19,112.3,63.9,89.4
1073,Patna,East,2024-04-20,103.8,55.9,85.2
1074,Patna,East,2024-04-21,113.0,61.4,100.3
1075,Patna,East,2024-04-22,139.6,84.1,118.0
1076,Patna,East,2024-04-23,138.6,82.2,113.0
1077,Patna,East,2024-04-24,111.0,59.9,104.8
1078,Patna,East,2024-04-25,114.9,61.4,104.7
1079,Patna,East,2024-04-26,114.4,61.5,99.5
1080,Patna,East,2024-04-27,118.5,54.8,92.0
1081,Patna,East,2024-04-28,124.7,62.0,111.9
1082,Patna,East,2024-04-29,,,
1083,Patna,East,2024-04-30,95.0,48.5,73.1
1084,Patna,East,2024-05-01,119.1,70.6,98.5
1085,Patna,East,2024-05-02,117.1,55.8,96.0
1086,Patna,East,2024-05-03,113.4,60.7,98.6
1087,Patna,East,2024-05-04,133.0,72.2,114.1
1088,Patna,East,2024-05-05,97.8,55.3,82.0
1089,Patna,East,2024-05-06,95.6,53.0,76.0
1090,Patna,East,2024-05-07,128.4,71.6,108.3
1091,Patna,East,2024-05-08,136.8,73.7,113.2
1092,Patna,East,2024-05-09,116.8,63.9,93.0
1093,Patna,East,2024-05-10,123.3,68.7,100.5
1094,Patna,East,2024-05-11,98.1,57.9,90.1
1095,Patna,East,2024-05-12,127.5,73.3,118.1
1096,Patna,East,2024-05-13,121.1,72.5,101.3
1097,Patna,East,2024-05-14,107.2,58.6,88.6
1098,Patna,East,2024-05-15,123.6,74.8,107.0
1099,Patna,East,2024-05-16,130.3,79.8,120.9
1100,Patna,East,2024-05-17,119.1,62.5,113.4
1101,Patna,East,2024-05-18,105.3,50.4,77.2
1102,Patna,East,2024-05-19,132.1,66.5,110.3
1103,Patna,East,2024-05-20,116.6,69.0,90.5
1104,Patna,East,2024-05-21,,,
1105,Patna,East,2024-05-22,115.3,64.2,96.0
1106,Patna,East,2024-05-23,131.3,75.7,108.9
1107,Patna,East,2024-05-24,124.8,62.5,106.1
1108,Patna,East,2024-05-25,107.7,57.4,97.3
1109,Patna,East,2024-05-26,144.1,79.9,121.4
1110,Patna,East,2024-05-27,114.4,65.7,95.9
1111,Patna,East,2024-05-28,130.2,77.6,114.2
1112,Patna,East,2024-05-29,113.9,65.5,92.4
1113,Patna,East,2024-05-30,97.5,58.0,94.1
1114,Patna,East,2024-05-31,134.4,72.3,93.7
1115,Patna,East,2024-06-01,67.7,39.5,54.9
1116,Patna,East,2024-06-02,93.1,47.8,81.8
1117,Patna,East,2024-06-03,79.1,44.3,58.5
1118,Patna,East,2024-06-04,75.1,42.1,61.1
1119,Patna,East,2024-06-05,60.6,31.2,45.4
1120,Patna,East,2024-06-06,80.4,47.9,69.9
1121,Patna,East,2024-06-07,80.7,43.4,69.4
1122,Patna,East,2024-06-08,52.8,29.1,49.8
1123,Patna,East,2024-06-09,69.9,41.0,50.0
1124,Patna,East,2024-06-10,76.7,41.2,67.6
1125,Patna,East,2024-06-11,77.9,51.5,46.7
1126,Patna,East,2024-06-12,58.7,29.3,50.0
1127,Patna,East,2024-06-13,68.3,34.6,48.1
1128,Patna,East,2024-06-14,59.7,29.0,59.4
1129,Patna,East,2024-06-15,66.3,47.2,62.3
1130,Patna,East,2024-06-16,72.6,42.9,67.4
1131,Patna,East,2024-06-17,61.7,27.1,60.8
1132,Patna,East,2024-06-18,64.6,38.7,58.6
1133,Patna,East,2024-06-19,56.0,33.1,50.6
1134,Patna,East,2024-06-20,91.6,50.0,80.2
1135,Patna,East,2024-06-21,80.7,43.2,78.0
1136,Patna,East,2024-06-22,87.8,54.2,76.3
1137,Patna,East,2024-06-23,90.2,45.5,72.5
1138,Patna,East,2024-06-24,88.2,47.3,72.1
1139,Patna,East,2024-06-25,78.0,36.3,66.9
1140,Patna,East,2024-06-26,82.0,43.5,62.5
1141,Patna,East,2024-06-27,97.3,54.9,76.1
1142,Patna,East,2024-06-28,69.0,31.2,47.7
1143,Patna,East,2024-06-29,53.1,25.6,47.2
1144,Patna,East,2024-06-30,85.0,46.0,78.0
1145,Patna,East,2024-07-01,83.0,40.7,65.0
1146,Patna,East,2024-07-02,79.6,46.2,73.8
1147,Patna,East,2024-07-03,59.6,24.7,62.4
1148,Patna,East,2024-07-04,72.8,43.8,61.7
1149,Patna,East,2024-07-05,59.6,38.2,53.1
1150,Patna,East,2024-07-06,94.1,54.0,73.7
1151,Patna,East,2024-07-07,75.9,45.5,60.0
1152,Patna,East,2024-07-08,78.7,47.8,59.2
1153,Patna,East,2024-07-09,71.9,40.1,66.6
1154,Patna,East,2024-07-10,75.3,38.4,67.1
1155,Patna,East,2024-07-11,69.2,39.6,60.7
1156,Patna,East,2024-07-12,74.2,44.1,70.0
1157,Patna,East,2024-07-13,60.8,35.4,50.5
1158,Patna,East,2024-07-14,73.0,40.4,68.9
1159,Patna,East,2024-07-15,74.9,39.8,55.9
1160,Patna,East,2024-07-16,74.7,41.0,57.6
1161,Patna,East,2024-07-17,73.1,42.0,70.4
1162,Patna,East,2024-07-18,73.4,48.3,68.3
1163,Patna,East,2024-07-19,87.3,50.4,74.8
1164,Patna,East,2024-07-20,69.5,38.0,59.5
1165,Patna,East,2024-07-21,79.1,49.7,79.4
1166,Patna,East,2024-07-22,83.7,50.1,67.2
1167,Patna,East,2024-07-23,53.5,29.1,47.2
1168,Patna,East,2024-07-24,94.3,61.7,82.0
1169,Patna,East,2024-07-25,93.2,55.9,80.8
1170,Patna,East,2024-07-26,87.5,49.9,84.0
1171,Patna,East,2024-07-27,64.9,26.6,56.3
1172,Patna,East,2024-07-28,88.8,53.3,72.4
1173,Patna,East,2024-07-29,84.2,43.9,76.0
1174,Patna,East,2024-07-30,68.8,33.8,64.5
1175,Patna,East,2024-07-31,62.7,28.8,58.4
1176,Patna,East,2024-08-01,79.0,34.4,74.6
1177,Patna,East,2024-08-02,63.0,33.1,53.2
1178,Patna,East,2024-08-03,101.9,56.2,92.4
1179,Patna,East,2024-08-04,76.1,44.2,56.6
1180,Patna,East,2024-08-05,77.8,40.6,60.4
1181,Patna,East,2024-08-06,81.3,49.1,72.3
1182,Patna,East,2024-08-07,74.0,43.9,56.6
1183,Patna,East,2024-08-08,81.6,47.2,69.2
1184,Patna,East,2024-08-09,74.7,41.8,60.5
1185,Patna,East,2024-08-10,75.1,44.5,52.7
1186,Patna,East,2024-08-11,92.7,53.1,80.5
1187,Patna,East,2024-08-12,65.7,34.7,52.6
1188,Patna,East,2024-08-13,85.9,50.0,80.3
1189,Patna,East,2024-08-14,78.4,35.3,61.2
1190,Patna,East,2024-08-15,73.2,41.8,53.5
1191,Patna,East,2024-08-16,75.1,41.7,60.5
1192,Patna,East,2024-08-17,75.2,50.6,64.0
1193,Patna,East,2024-08-18,101.1,56.7,81.9
1194,Patna,East,2024-08-19,84.0,44.7,71.2
1195,Patna,East,2024-08-20,50.5,29.3,39.6
1196,Patna,East,2024-08-21,90.8,50.5,75.0
1197,Patna,East,2024-08-22,64.7,35.7,52.8
1198,Patna,East,2024-08-23,67.9,44.8,56.9
1199,Patna,East,2024-08-24,87.8,54.2,77.1
1200,Patna,East,2024-08-25,84.6,48.6,77.7
1201,Patna,East,2024-08-26,83.9,48.2,72.2
1202,Patna,East,2024-08-27,71.3,37.5,56.8
1203,Patna,East,2024-08-28,79.3,48.8,61.8
1204,Patna,East,2024-08-29,69.8,34.5,59.0
1205,Patna,East,2024-08-30,89.2,47.7,77.6
1206,Patna,East,2024-08-31,49.4,26.6,44.9
1207,Patna,East,2024-09-01,69.7,31.9,62.0
1208,Patna,East,2024-09-02,75.7,48.8,60.9
1209,Patna,East,2024-09-03,75.1,39.8,64.4
1210,Patna,East,2024-09-04,55.4,35.8,50.9
1211,Patna,East,2024-09-05,74.3,39.4,66.2
1212,Patna,East,2024-09-06,81.3,43.1,68.1
1213,Patna,East,2024-09-07,81.1,42.9,67.0
1214,Patna,East,2024-09-08,71.9,38.1,53.4
1215,Patna,East,2024-09-09,65.8,37.6,60.6
1216,Patna,East,2024-09-10,76.4,27.9,56.2
1217,Patna,East,2024-09-11,81.9,51.7,76.8
1218,Patna,East,2024-09-12,74.6,39.6,60.9
1219,Patna,East,2024-09-13,97.6,54.6,77.5
1220,Patna,East,2024-09-14,88.3,51.9,63.1
1221,Patna,East,2024-09-15,69.6,42.3,64.6
1222,Patna,East,2024-09-16,62.4,34.3,58.3
1223,Patna,East,2024-09-17,81.2,40.6,68.0
1224,Patna,East,2024-09-18,85.0,48.7,66.6
1225,Patna,East,2024-09-19,104.9,58.6,80.4
1226,Patna,East,2024-09-20,73.3,29.6,58.4
1227,Patna,East,2024-09-21,76.7,51.8,66.5
1228,Patna,East,2024-09-22,81.6,48.0,70.8
1229,Patna,East,2024-09-23,70.2,44.1,62.9
1230,Patna,East,2024-09-24,95.6,56.8,75.9
1231,Patna,East,2024-09-25,72.0,38.1,59.1
1232,Patna,East,2024-09-26,82.7,44.9,65.8
1233,Patna,East,2024-09-27,94.7,57.6,81.0
1234,Patna,East,2024-09-28,65.0,33.5,51.1
1235,Patna,East,2024-09-29,67.0,33.2,58.6
1236,Patna,East,2024-09-30,81.0,46.4,63.6
1237,Patna,East,2024-10-01,221.0,129.5,189.5
1238,Patna,East,2024-10-02,212.9,128.0,183.1
1239,Patna,East,2024-10-03,210.2,119.3,174.8
1240,Patna,East,2024-10-04,213.3,121.5,178.0
1241,Patna,East,2024-10-05,200.1,113.0,175.3
1242,Patna,East,2024-10-06,201.4,109.6,177.9
1243,Patna,East,2024-10-07,220.6,124.8,187.1
1244,Patna,East,2024-10-08,210.2,113.6,177.2
1245,Patna,East,2024-10-09,219.8,110.6,176.0
1246,Patna,East,2024-10-10,217.8,122.7,181.6
1247,Patna,East,2024-10-11,217.9,115.9,177.5
1248,Patna,East,2024-10-12,219.7,120.8,184.2
1249,Patna,East,2024-10-13,202.6,112.0,172.3
1250,Patna,East,2024-10-14,214.8,117.9,180.8
1251,Patna,East,2024-10-15,223.9,124.9,201.1
1252,Patna,East,2024-10-16,234.2,128.9,192.2
1253,Patna,East,2024-10-17,225.0,121.6,200.4
1254,Patna,East,2024-10-18,200.2,108.6,179.4
1255,Patna,East,2024-10-19,217.6,122.7,189.1
1256,Patna,East,2024-10-20,211.8,119.9,175.2
1257,Patna,East,2024-10-21,213.7,125.9,180.8
1258,Patna,East,2024-10-22,221.8,118.0,196.6
1259,Patna,East,2024-10-23,206.7,110.9,172.4
1260,Patna,East,2024-10-24,206.4,108.1,173.9
1261,Patna,East,2024-10-25,211.7,116.1,174.4
1262,Patna,East,2024-10-26,206.8,112.6,175.9
1263,Patna,East,2024-10-27,206.4,113.5,174.2
1264,Patna,East,2024-10-28,229.5,128.8,198.1
1265,Patna,East,2024-10-29,228.9,123.5,202.5
1266,Patna,East,2024-10-30,219.3,118.8,188.8
1267,Patna,East,2024-10-31,204.7,119.5,175.6
1268,Patna,East,2024-11-01,321.8,172.7,270.7
1269,Patna,East,2024-11-02,332.7,184.8,288.0
1270,Patna,East,2024-11-03,351.0,195.2,293.0
1271,Patna,East,2024-11-04,352.2,198.5,288.2
1272,Patna,East,2024-11-05,332.5,181.5,278.2
1273,Patna,East,2024-11-06,306.2,170.2,260.7
1274,Patna,East,2024-11-07,279.9,146.0,232.5
1275,Patna,East,2024-11-08,284.4,152.9,229.4
1276,Patna,East,2024-11-09,276.2,150.2,236.7
1277,Patna,East,2024-11-10,287.8,157.4,244.2
1278,Patna,East,2024-11-11,293.1,165.8,244.4
1279,Patna,East,2024-11-12,296.3,157.8,258.7
1280,Patna,East,2024-11-13,302.4,170.1,257.6
1281,Patna,East,2024-11-14,292.5,155.9,250.4
1282,Patna,East,2024-11-15,309.8,159.6,273.5
1283,Patna,East,2024-11-16,284.3,158.2,236.9
1284,Patna,East,2024-11-17,292.1,163.8,247.2
1285,Patna,East,2024-11-18,315.0,173.4,271.5
1286,Patna,East,2024-11-19,286.8,155.8,241.4
1287,Patna,East,2024-11-20,299.8,171.4,255.0
1288,Patna,East,2024-11-21,278.9,151.0,229.0
1289,Patna,East,2024-11-22,299.7,164.9,248.5
1290,Patna,East,2024-11-23,289.8,163.0,249.0
1291,Patna,East,2024-11-24,287.3,160.9,246.5
1292,Patna,East,2024-11-25,287.6,158.9,255.4
1293,Patna,East,2024-11-26,281.1,158.6,238.1
1294,Patna,East,2024-11-27,301.4,167.3,257.8
1295,Patna,East,2024-11-28,292.2,160.7,252.3
1296,Patna,East,2024-11-29,299.4,159.0,257.2
1297,Patna,East,2024-11-30,309.3,173.6,264.1
1298,Patna,East,2024-12-01,272.7,152.3,235.7
1299,Patna,East,2024-12-02,311.1,167.4,263.1
1300,Patna,East,2024-12-03,287.8,157.2,234.5
1301,Patna,East,2024-12-04,288.5,157.0,243.0
1302,Patna,East,2024-12-05,312.6,169.5,263.1
1303,Patna,East,2024-12-06,307.0,166.6,267.9
1304,Patna,East,2024-12-07,299.2,162.1,250.1
1305,Patna,East,2024-12-08,295.5,161.7,251.7
1306,Patna,East,2024-12-09,287.1,160.2,240.0
1307,Patna,East,2024-12-10,288.3,157.8,237.6
1308,Patna,East,2024-12-11,290.1,158.7,238.0
1309,Patna,East,2024-12-12,272.8,154.8,230.2
1310,Patna,East,2024-12-13,292.1,158.1,257.4
1311,Patna,East,2024-12-14,291.3,153.2,250.4
1312,Patna,East,2024-12-15,282.3,156.9,239.1
1313,Patna,East,2024-12-16,308.7,171.6,260.1
1314,Patna,East,2024-12-17,310.6,181.5,260.8
1315,Patna,East,2024-12-18,306.7,170.1,263.3
1316,Patna,East,2024-12-19,,,
1317,Patna,East,2024-12-20,,,
1318,Patna,East,2024-12-21,308.4,172.5,256.4
1319,Patna,East,2024-12-22,293.9,167.4,237.8
1320,Patna,East,2024-12-23,275.3,148.3,239.8
1321,Patna,East,2024-12-24,296.7,165.1,253.4
1322,Patna,East,2024-12-25,295.3,167.2,272.4
1323,Patna,East,2024-12-26,299.6,170.0,252.1
1324,Patna,East,2024-12-27,313.0,172.6,267.2
1325,Patna,East,2024-12-28,288.7,155.8,242.2
1326,Patna,East,2024-12-29,282.6,150.4,251.2
1327,Patna,East,2024-12-30,299.4,168.6,257.6
1328,Patna,East,2024-12-31,277.3,152.7,230.5
1329,Patna,East,2025-01-01,,,
1330,Patna,East,2025-01-02,295.3,163.0,249.4
1331,Patna,East,2025-01-03,294.5,167.0,263.4
1332,Patna,East,2025-01-04,307.5,168.3,263.8
1333,Patna,East,2025-01-05,305.6,172.1,267.1
1334,Patna,East,2025-01-06,309.0,171.6,261.1
1335,Patna,East,2025-01-07,275.8,156.0,238.2
1336,Patna,East,2025-01-08,283.9,156.2,239.0
1337,Patna,East,2025-01-09,288.9,165.9,243.5
1338,Patna,East,2025-01-10,323.1,177.2,270.4
1339,Patna,East,2025-01-11,295.6,172.2,250.4
1340,Patna,East,2025-01-12,300.2,156.1,258.7
1341,Patna,East,2025-01-13,277.6,152.2,244.1
1342,Patna,East,2025-01-14,291.0,162.9,246.0
1343,Patna,East,2025-01-15,290.0,160.6,253.0
1344,Patna,East,2025-01-16,295.2,162.3,245.2
1345,Patna,East,2025-01-17,273.8,151.1,231.6
1346,Patna,East,2025-01-18,297.2,167.6,257.5
1347,Patna,East,2025-01-19,283.4,156.9,242.5
1348,Patna,East,2025-01-20,291.0,151.0,242.5
1349,Patna,East,2025-01-21,,,
1350,Patna,East,2025-01-22,277.2,157.9,235.3
1351,Patna,East,2025-01-23,288.4,160.7,249.2
1352,Patna,East,2025-01-24,292.9,158.7,245.4
1353,Patna,East,2025-01-25,303.3,166.2,260.7
1354,Patna,East,2025-01-26,,,
1355,Patna,East,2025-01-27,288.1,150.6,242.1
1356,Patna,East,2025-01-28,312.5,173.0,262.3
1357,Patna,East,2025-01-29,285.0,151.2,243.4
1358,Patna,East,2025-01-30,284.3,154.7,246.8
1359,Patna,East,2025-01-31,304.9,170.0,249.0
1360,Patna,East,2025-02-01,209.8,120.0,171.0
1361,Patna,East,2025-02-02,231.6,127.1,202.3
1362,Patna,East,2025-02-03,211.6,111.6,173.5
1363,Patna,East,2025-02-04,234.0,127.3,191.3
1364,Patna,East,2025-02-05,226.3,118.1,191.1
1365,Patna,East,2025-02-06,220.6,122.3,189.8
1366,Patna,East,2025-02-07,215.4,108.5,184.3
1367,Patna,East,2025-02-08,216.0,117.8,186.3
1368,Patna,East,2025-02-09,225.7,124.8,200.6
1369,Patna,East,2025-02-10,242.8,134.5,204.0
1370,Patna,East,2025-02-11,200.9,112.6,159.8
1371,Patna,East,2025-02-12,236.7,133.9,197.8
1372,Patna,East,2025-02-13,224.6,119.9,184.0
1373,Patna,East,2025-02-14,225.6,119.8,193.0
1374,Patna,East,2025-02-15,214.9,124.3,184.3
1375,Patna,East,2025-02-16,235.4,132.8,195.2
1376,Patna,East,2025-02-17,202.4,102.7,172.0
1377,Patna,East,2025-02-18,183.0,97.2,140.8
1378,Patna,East,2025-02-19,208.9,117.5,172.0
1379,Patna,East,2025-02-20,209.7,113.3,179.5
1380,Patna,East,2025-02-21,198.6,109.4,167.9
1381,Patna,East,2025-02-22,203.9,108.0,180.2
1382,Patna,East,2025-02-23,225.0,125.2,185.9
1383,Patna,East,2025-02-24,212.1,111.2,169.3
1384,Patna,East,2025-02-25,210.6,113.2,171.1
1385,Patna,East,2025-02-26,201.6,112.1,168.2
1386,Patna,East,2025-02-27,197.2,116.3,156.8
1387,Patna,East,2025-02-28,218.7,116.0,189.5
1388,Patna,East,2025-03-01,217.0,123.1,183.6
1389,Patna,East,2025-03-02,207.1,119.4,175.3
1390,Patna,East,2025-03-03,213.6,116.6,176.8
1391,Patna,East,2025-03-04,220.3,127.6,195.8
1392,Patna,East,2025-03-05,219.7,123.1,190.8
1393,Patna,East,2025-03-06,208.5,120.3,178.3
1394,Patna,East,2025-03-07,194.3,109.0,159.2
1395,Patna,East,2025-03-08,219.7,123.2,184.4
1396,Patna,East,2025-03-09,219.4,125.8,177.8
1397,Patna,East,2025-03-10,193.5,105.6,162.6
1398,Patna,East,2025-03-11,241.0,136.2,207.5
1399,Patna,East,2025-03-12,214.8,110.1,174.1
1400,Patna,East,2025-03-13,212.1,117.1,177.2
1401,Patna,East,2025-03-14,217.3,122.0,179.9
1402,Patna,East,2025-03-15,210.8,111.7,185.9
1403,Patna,East,2025-03-16,191.6,107.4,166.9
1404,Patna,East,2025-03-17,191.5,103.0,168.7
1405,Patna,East,2025-03-18,205.0,110.0,173.4
1406,Patna,East,2025-03-19,231.6,129.5,192.1
1407,Patna,East,2025-03-20,199.2,103.1,170.7
1408,Patna,East,2025-03-21,189.7,101.6,164.1
1409,Patna,East,2025-03-22,201.2,108.9,169.7
1410,Patna,East,2025-03-23,224.7,117.7,190.7
1411,Patna,East,2025-03-24,215.0,118.2,172.6
1412,Patna,East,2025-03-25,221.7,118.1,187.1
1413,Patna,East,2025-03-26,205.4,120.3,174.2
1414,Patna,East,2025-03-27,241.3,129.8,202.8
1415,Patna,East,2025-03-28,233.4,126.5,200.4
1416,Patna,East,2025-03-29,229.5,124.3,190.4
1417,Patna,East,2025-03-30,212.7,120.6,182.7
1418,Patna,East,2025-03-31,231.2,125.7,193.0
1419,Patna,East,2025-04-01,,,
1420,Patna,East,2025-04-02,116.3,59.8,93.9
1421,Patna,East,2025-04-03,114.0,66.1,94.3
1422,Patna,East,2025-04-04,110.9,64.7,101.7
1423,Patna,East,2025-04-05,114.2,61.4,85.6
1424,Patna,East,2025-04-06,99.1,53.9,91.9
1425,Patna,East,2025-04-07,139.9,79.8,115.4
1426,Patna,East,2025-04-08,123.9,61.9,104.2
1427,Patna,East,2025-04-09,103.6,56.6,96.1
1428,Patna,East,2025-04-10,143.9,79.6,124.1
1429,Patna,East,2025-04-11,98.0,50.9,91.8
1430,Patna,East,2025-04-12,131.7,75.4,114.0
1431,Patna,East,2025-04-13,137.6,74.3,115.2
1432,Patna,East,2025-04-14,151.5,79.5,130.9
1433,Patna,East,2025-04-15,113.3,67.9,94.1
1434,Patna,East,2025-04-16,113.7,60.9,100.9
1435,Patna,East,2025-04-17,105.8,51.9,88.6
1436,Patna,East,2025-04-18,113.6,64.2,93.9
1437,Patna,East,2025-04-19,110.6,61.6,96.0
1438,Patna,East,2025-04-20,130.1,71.4,99.1
1439,Patna,East,2025-04-21,117.3,64.2,98.5
1440,Patna,East,2025-04-22,124.3,66.9,111.8
1441,Patna,East,2025-04-23,114.4,68.1,90.0
1442,Patna,East,2025-04-24,89.6,45.0,92.7
1443,Patna,East,2025-04-25,114.8,62.3,98.7
1444,Patna,East,2025-04-26,112.8,62.7,96.1
1445,Patna,East,2025-04-27,142.8,83.0,122.5
1446,Patna,East,2025-04-28,126.4,71.6,100.5
1447,Patna,East,2025-04-29,131.5,69.5,116.1
1448,Patna,East,2025-04-30,119.8,69.2,110.0
1449,Patna,East,2025-05-01,125.2,66.7,104.1
1450,Patna,East,2025-05-02,125.0,66.8,103.5
1451,Patna,East,2025-05-03,116.8,62.5,102.0
1452,Patna,East,2025-05-04,112.8,62.1,91.1
1453,Patna,East,2025-05-05,97.4,56.5,88.3
1454,Patna,East,2025-05-06,112.2,64.7,96.9
1455,Patna,East,2025-05-07,104.3,61.8,76.3
1456,Patna,East,2025-05-08,117.6,67.3,93.0
1457,Patna,East,2025-05-09,137.6,73.1,124.1
1458,Patna,East,2025-05-10,116.0,66.3,98.0
1459,Patna,East,2025-05-11,146.9,82.2,130.8
1460,Patna,East,2025-05-12,127.2,70.6,106.4
1461,Patna,East,2025-05-13,123.5,71.8,110.3
1462,Patna,East,2025-05-14,125.2,68.2,110.5
1463,Patna,East,2025-05-15,106.9,58.6,78.5
1464,Patna,East,2025-05-16,110.6,60.2,85.5
1465,Patna,East,2025-05-17,105.1,61.5,92.3
1466,Patna,East,2025-05-18,132.1,77.4,116.2
1467,Patna,East,2025-05-19,128.7,72.0,117.2
1468,Patna,East,2025-05-20,100.8,54.8,92.0
1469,Patna,East,2025-05-21,129.3,71.5,108.0
1470,Patna,East,2025-05-22,129.3,70.5,103.3
1471,Patna,East,2025-05-23,133.2,71.8,114.4
1472,Patna,East,2025-05-24,99.8,44.7,87.7
1473,Patna,East,2025-05-25,139.2,67.5,115.3
1474,Patna,East,2025-05-26,126.0,70.1,107.6
1475,Patna,East,2025-05-27,118.9,61.6,107.8
1476,Patna,East,2025-05-28,130.8,73.5,97.5
1477,Patna,East,2025-05-29,139.4,76.5,121.8
1478,Patna,East,2025-05-30,142.3,83.6,120.5
1479,Patna,East,2025-05-31,132.1,75.1,108.9
1480,Patna,East,2025-06-01,78.9,36.4,57.7
1481,Patna,East,2025-06-02,79.6,49.5,61.9
1482,Patna,East,2025-06-03,91.7,51.1,88.9
1483,Patna,East,2025-06-04,73.0,52.1,64.9
1484,Patna,East,2025-06-05,74.5,42.1,52.5
1485,Patna,East,2025-06-06,81.5,43.7,72.5
1486,Patna,East,2025-06-07,73.4,29.6,46.9
1487,Patna,East,2025-06-08,69.4,33.2,64.4
1488,Patna,East,2025-06-09,64.2,37.2,53.7
1489,Patna,East,2025-06-10,95.8,53.1,82.7
1490,Patna,East,2025-06-11,64.9,37.2,59.3
1491,Patna,East,2025-06-12,75.7,44.5,58.1
1492,Patna,East,2025-06-13,74.4,42.6,61.4
1493,Patna,East,2025-06-14,91.9,53.1,74.4
1494,Patna,East,2025-06-15,65.9,36.2,51.7
1495,Patna,East,2025-06-16,72.3,35.3,66.2
1496,Patna,East,2025-06-17,79.1,44.7,72.2
1497,Patna,East,2025-06-18,49.4,27.3,40.6
1498,Patna,East,2025-06-19,85.3,49.0,75.7
1499,Patna,East,2025-06-20,92.7,43.5,72.4
1500,Patna,East,2025-06-21,91.7,56.3,73.1
1501,Patna,East,2025-06-22,90.6,53.4,68.8
1502,Patna,East,2025-06-23,69.8,39.8,59.0
1503,Patna,East,2025-06-24,98.8,56.8,89.4
1504,Patna,East,2025-06-25,69.2,33.2,55.2
1505,Patna,East,2025-06-26,94.0,59.1,75.1
1506,Patna,East,2025-06-27,75.4,31.5,71.9
1507,Patna,East,2025-06-28,61.9,37.7,60.4
1508,Patna,East,2025-06-29,61.0,30.1,56.2
1509,Patna,East,2025-06-30,93.5,49.3,73.2
1510,Patna,East,2025-07-01,81.2,49.8,62.4
1511,Patna,East,2025-07-02,67.5,41.8,58.6
1512,Patna,East,2025-07-03,67.1,36.9,59.9
1513,Patna,East,2025-07-04,89.4,50.4,75.9
1514,Patna,East,2025-07-05,56.8,33.4,51.4
1515,Patna,East,2025-07-06,79.5,43.8,68.3
1516,Patna,East,2025-07-07,88.5,47.2,68.0
1517,Patna,East,2025-07-08,87.8,46.8,72.9
1518,Patna,East,2025-07-09,82.1,44.1,69.3
1519,Patna,East,2025-07-10,63.5,40.1,45.9
1520,Patna,East,2025-07-11,92.8,45.9,74.6
1521,Patna,East,2025-07-12,71.8,43.0,62.2
1522,Patna,East,2025-07-13,71.4,34.2,66.6
1523,Patna,East,2025-07-14,77.3,44.2,64.5
1524,Patna,East,2025-07-15,70.8,41.6,61.9
1525,Patna,East,2025-07-16,90.6,50.6,68.5
1526,Patna,East,2025-07-17,86.1,47.5,71.8
1527,Patna,East,2025-07-18,39.6,18.3,34.6
1528,Patna,East,2025-07-19,69.4,39.2,62.5
1529,Patna,East,2025-07-20,76.7,38.4,67.7
1530,Patna,East,2025-07-21,81.3,43.7,57.7
1531,Patna,East,2025-07-22,62.0,37.3,51.1
1532,Patna,East,2025-07-23,55.3,29.6,47.2
1533,Patna,East,2025-07-24,84.5,48.2,74.0
1534,Patna,East,2025-07-25,67.6,30.4,53.7
1535,Patna,East,2025-07-26,93.3,45.2,84.6
1536,Patna,East,2025-07-27,58.7,27.0,50.4
1537,Patna,East,2025-07-28,66.9,35.7,49.8
1538,Patna,East,2025-07-29,78.2,46.3,57.5
1539,Patna,East,2025-07-30,83.2,47.1,75.3
1540,Patna,East,2025-07-31,49.2,30.5,34.7
1541,Patna,East,2025-08-01,73.6,38.6,56.2
1542,Patna,East,2025-08-02,66.2,33.3,57.1
1543,Patna,East,2025-08-03,85.3,45.6,77.0
1544,Patna,East,2025-08-04,78.3,47.5,58.3
1545,Patna,East,2025-08-05,78.2,42.7,67.0
1546,Patna,East,2025-08-06,80.7,47.4,69.2
1547,Patna,East,2025-08-07,82.7,44.2,69.1
1548,Patna,East,2025-08-08,68.9,42.0,63.0
1549,Patna,East,2025-08-09,91.8,48.4,76.7
1550,Patna,East,2025-08-10,106.0,62.4,81.1
1551,Patna,East,2025-08-11,85.3,48.1,70.2
1552,Patna,East,2025-08-12,73.1,36.6,58.7
1553,Patna,East,2025-08-13,67.2,32.1,54.5
1554,Patna,East,2025-08-14,65.9,38.9,61.9
1555,Patna,East,2025-08-15,74.6,39.5,66.9
1556,Patna,East,2025-08-16,75.0,49.1,47.7
1557,Patna,East,2025-08-17,48.4,22.0,43.7
1558,Patna,East,2025-08-18,85.8,45.1,72.8
1559,Patna,East,2025-08-19,73.0,41.9,73.9
1560,Patna,East,2025-08-20,49.3,35.8,48.0
1561,Patna,East,2025-08-21,72.8,41.9,61.5
1562,Patna,East,2025-08-22,82.3,47.0,74.4
1563,Patna,East,2025-08-23,64.6,37.8,50.8
1564,Patna,East,2025-08-24,73.1,43.3,59.3
1565,Patna,East,2025-08-25,80.3,45.4,68.7
1566,Patna,East,2025-08-26,62.1,36.0,53.7
1567,Patna,East,2025-08-27,103.5,52.7,94.2
1568,Patna,East,2025-08-28,71.7,38.2,71.1
1569,Patna,East,2025-08-29,75.2,44.5,64.6
1570,Patna,East,2025-08-30,66.0,35.4,53.4
1571,Patna,East,2025-08-31,74.2,48.2,65.8
1572,Patna,East,2025-09-01,56.1,38.3,49.9
1573,Patna,East,2025-09-02,87.7,54.5,69.6
1574,Patna,East,2025-09-03,80.9,43.9,66.6
1575,Patna,East,2025-09-04,73.3,40.7,69.3
1576,Patna,East,2025-09-05,86.3,48.6,80.6
1577,Patna,East,2025-09-06,49.2,27.2,44.0
1578,Patna,East,2025-09-07,80.8,50.1,69.8
1579,Patna,East,2025-09-08,93.6,50.8,83.8
1580,Patna,East,2025-09-09,78.4,42.2,69.8
1581,Patna,East,2025-09-10,,,
1582,Patna,East,2025-09-11,74.0,41.1,46.9
1583,Patna,East,2025-09-12,76.8,34.6,70.5
1584,Patna,East,2025-09-13,67.8,35.6,56.6
1585,Patna,East,2025-09-14,61.2,33.8,44.7
1586,Patna,East,2025-09-15,74.6,44.5,71.2
1587,Patna,East,2025-09-16,94.3,51.0,74.5
1588,Patna,East,2025-09-17,83.0,51.9,65.4
1589,Patna,East,2025-09-18,93.4,50.9,63.6
1590,Patna,East,2025-09-19,77.9,50.4,70.6
1591,Patna,East,2025-09-20,89.9,51.1,66.4
1592,Patna,East,2025-09-21,48.8,22.6,39.2
1593,Patna,East,2025-09-22,65.0,32.5,60.0
1594,Patna,East,2025-09-23,94.7,45.3,74.1
1595,Patna,East,2025-09-24,75.9,41.0,50.4
1596,Patna,East,2025-09-25,112.4,64.7,97.7
1597,Patna,East,2025-09-26,53.9,30.9,38.8
1598,Patna,East,2025-09-27,83.2,47.0,71.0
1599,Patna,East,2025-09-28,82.3,43.0,71.0
1600,Patna,East,2025-09-29,48.1,29.4,39.8
1601,Patna,East,2025-09-30,,,
1602,Patna,East,2025-10-01,235.5,126.6,193.4
1603,Patna,East,2025-10-02,216.5,124.3,195.8
1604,Patna,East,2025-10-03,212.4,117.7,181.9
1605,Patna,East,2025-10-04,209.2,113.0,177.0
1606,Patna,East,2025-10-05,216.3,123.3,172.2
1607,Patna,East,2025-10-06,222.8,124.1,197.7
1608,Patna,East,2025-10-07,212.4,115.3,181.2
1609,Patna,East,2025-10-08,210.2,113.2,174.6
1610,Patna,East,2025-10-09,209.0,110.8,174.0
1611,Patna,East,2025-10-10,207.5,111.1,168.3
1612,Patna,East,2025-10-11,228.3,126.8,193.7
1613,Patna,East,2025-10-12,203.8,114.6,171.7
1614,Patna,East,2025-10-13,215.6,118.9,182.5
1615,Patna,East,2025-10-14,228.7,122.5,190.3
1616,Patna,East,2025-10-15,218.6,119.4,189.0
1617,Patna,East,2025-10-16,227.9,130.8,199.4
1618,Patna,East,2025-10-17,213.5,116.7,179.2
1619,Patna,East,2025-10-18,230.8,126.0,191.0
1620,Patna,East,2025-10-19,204.4,115.4,168.5
1621,Patna,East,2025-10-20,185.2,104.7,159.4
1622,Patna,East,2025-10-21,226.2,128.4,195.3
1623,Patna,East,2025-10-22,221.7,122.1,183.7
1624,Patna,East,2025-10-23,191.6,97.5,165.1
1625,Patna,East,2025-10-24,226.7,124.8,188.1
1626,Patna,East,2025-10-25,224.7,123.5,191.1
1627,Patna,East,2025-10-26,212.7,112.3,174.8
1628,Patna,East,2025-10-27,221.7,128.5,199.1
1629,Patna,East,2025-10-28,214.9,120.0,182.2
1630,Patna,East,2025-10-29,218.9,122.1,191.6
1631,Patna,East,2025-10-30,203.4,119.0,172.2
1632,Patna,East,2025-10-31,205.4,122.3,169.3
1633,Patna,East,2025-11-01,338.7,183.4,295.1
1634,Patna,East,2025-11-02,307.0,170.3,251.5
1635,Patna,East,2025-11-03,357.8,205.2,309.4
1636,Patna,East,2025-11-04,329.8,186.1,293.6
1637,Patna,East,2025-11-05,342.2,186.8,299.8
1638,Patna,East,2025-11-06,278.2,151.9,236.2
1639,Patna,East,2025-11-07,295.7,167.1,250.5
1640,Patna,East,2025-11-08,280.9,148.9,238.0
1641,Patna,East,2025-11-09,299.7,168.7,258.5
1642,Patna,East,2025-11-10,277.6,155.0,232.1
1643,Patna,East,2025-11-11,309.8,169.2,261.7
1644,Patna,East,2025-11-12,287.5,162.1,243.8
1645,Patna,East,2025-11-13,327.2,184.7,271.2
1646,Patna,East,2025-11-14,293.8,165.8,254.6
1647,Patna,East,2025-11-15,301.6,166.9,247.2
1648,Patna,East,2025-11-16,276.2,155.2,231.1
1649,Patna,East,2025-11-17,294.5,164.6,239.1
1650,Patna,East,2025-11-18,271.6,151.6,227.5
1651,Patna,East,2025-11-19,290.0,164.1,245.0
1652,Patna,East,2025-11-20,293.5,162.6,239.2
1653,Patna,East,2025-11-21,315.0,174.9,264.6
1654,Patna,East,2025-11-22,307.8,165.6,257.6
1655,Patna,East,2025-11-23,279.3,152.7,233.0
1656,Patna,East,2025-11-24,,,
1657,Patna,East,2025-11-25,299.3,166.2,256.7
1658,Patna,East,2025-11-26,295.1,159.0,238.9
1659,Patna,East,2025-11-27,298.3,158.5,255.6
1660,Patna,East,2025-11-28,293.4,161.2,249.4
1661,Patna,East,2025-11-29,300.9,161.6,257.7
1662,Patna,East,2025-11-30,307.0,172.0,267.6
1663,Patna,East,2025-12-01,290.7,159.6,258.3
1664,Patna,East,2025-12-02,300.1,166.1,261.1
1665,Patna,East,2025-12-03,283.6,155.5,243.7
1666,Patna,East,2025-12-04,293.3,167.4,251.9
1667,Patna,East,2025-12-05,304.6,164.2,258.9
1668,Patna,East,2025-12-06,293.7,163.6,252.6
1669,Patna,East,2025-12-07,294.1,164.1,262.5
1670,Patna,East,2025-12-08,294.4,159.3,257.5
1671,Patna,East,2025-12-09,311.9,172.3,270.9
1672,Patna,East,2025-12-10,269.6,150.2,228.1
1673,Patna,East,2025-12-11,320.5,177.2,283.5
1674,Patna,East,2025-12-12,292.0,159.6,245.1
1675,Patna,East,2025-12-13,280.2,151.9,244.9
1676,Patna,East,2025-12-14,275.9,152.2,241.3
1677,Patna,East,2025-12-15,297.3,165.7,254.9
1678,Patna,East,2025-12-16,300.4,157.7,264.4
1679,Patna,East,2025-12-17,298.5,162.1,252.1
1680,Patna,East,2025-12-18,292.6,163.7,241.8
1681,Patna,East,2025-12-19,279.3,148.5,242.9
1682,Patna,East,2025-12-20,283.4,156.5,234.2
1683,Patna,East,2025-12-21,293.6,159.6,245.4
1684,Patna,East,2025-12-22,307.8,169.8,256.1
1685,Patna,East,2025-12-23,323.0,174.0,267.8
1686,Patna,East,2025-12-24,274.4,157.5,234.7
1687,Patna,East,2025-12-25,298.4,168.6,254.6
1688,Patna,East,2025-12-26,303.1,173.5,259.4
1689,Patna,East,2025-12-27,304.2,168.3,259.7
1690,Patna,East,2025-12-28,311.6,173.9,266.8
1691,Patna,East,2025-12-29,272.0,146.3,227.4
1692,Patna,East,2025-12-30,294.4,163.6,251.5
1693,Patna,East,2025-12-31,292.7,162.6,251.2
1694,Patna,East,2026-01-01,305.3,161.1,265.9
1695,Patna,East,2026-01-02,317.9,179.6,268.0
1696,Patna,East,2026-01-03,283.9,156.1,249.6
1697,Patna,East,2026-01-04,297.9,156.0,233.8
1698,Patna,East,2026-01-05,297.0,173.0,243.2
1699,Patna,East,2026-01-06,286.9,158.0,245.9
1700,Patna,East,2026-01-07,304.8,161.4,259.8
1701,Patna,East,2026-01-08,286.3,160.8,245.7
1702,Patna,East,2026-01-09,307.4,164.2,254.7
1703,Patna,East,2026-01-10,285.5,155.1,238.4
1704,Patna,East,2026-01-11,278.9,151.0,227.3
1705,Patna,East,2026-01-12,305.7,166.1,252.2
1706,Patna,East,2026-01-13,295.9,156.3,253.6
1707,Patna,East,2026-01-14,289.6,166.1,249.3
1708,Patna,East,2026-01-15,284.4,159.9,242.4
1709,Patna,East,2026-01-16,301.7,153.6,253.6
1710,Patna,East,2026-01-17,288.4,163.7,238.5
1711,Patna,East,2026-01-18,297.9,163.1,244.8
1712,Patna,East,2026-01-19,286.9,159.9,242.5
1713,Patna,East,2026-01-20,291.6,160.0,248.2
1714,Patna,East,2026-01-21,297.4,163.1,243.8
1715,Patna,East,2026-01-22,291.0,160.3,257.0
1716,Patna,East,2026-01-23,281.5,160.9,235.8
1717,Patna,East,2026-01-24,312.6,163.6,263.8
1718,Patna,East,2026-01-25,,,
1719,Patna,East,2026-01-26,299.2,161.3,255.5
1720,Patna,East,2026-01-27,283.5,162.1,237.2
1721,Patna,East,2026-01-28,316.9,181.3,263.6
1722,Patna,East,2026-01-29,299.7,162.8,263.2
1723,Patna,East,2026-01-30,297.3,170.6,251.3
1724,Patna,East,2026-01-31,289.8,156.1,246.8
1725,Patna,East,2026-02-01,221.4,121.8,189.7
1726,Patna,East,2026-02-02,225.4,123.5,187.4
1727,Patna,East,2026-02-03,204.4,110.0,171.4
1728,Patna,East,2026-02-04,228.6,129.2,189.7
1729,Patna,East,2026-02-05,223.6,119.2,194.8
1730,Patna,East,2026-02-06,,,
1731,Patna,East,2026-02-07,219.4,120.1,180.0
1732,Patna,East,2026-02-08,218.1,119.9,189.7
1733,Patna,East,2026-02-09,224.1,128.0,193.6
1734,Patna,East,2026-02-10,203.0,114.6,165.2
1735,Patna,East,2026-02-11,208.1,114.6,171.7
1736,Patna,East,2026-02-12,,,
1737,Patna,East,2026-02-13,205.9,108.0,191.8
1738,Patna,East,2026-02-14,211.3,116.3,179.8
1739,Patna,East,2026-02-15,230.1,124.2,190.1
1740,Patna,East,2026-02-16,212.2,113.5,171.7
1741,Patna,East,2026-02-17,194.3,107.0,162.5
1742,Patna,East,2026-02-18,233.4,126.2,196.1
1743,Patna,East,2026-02-19,231.3,120.4,201.2
1744,Patna,East,2026-02-20,206.9,109.2,178.0
1745,Patna,East,2026-02-21,218.2,115.4,186.8
1746,Patna,East,2026-02-22,235.3,132.6,200.6
1747,Patna,East,2026-02-23,210.1,115.1,181.3
1748,Patna,East,2026-02-24,214.1,119.5,187.7
1749,Patna,East,2026-02-25,199.1,110.1,172.1
1750,Patna,East,2026-02-26,213.6,114.8,190.5
1751,Patna,East,2026-02-27,215.8,118.3,180.1
1752,Patna,East,2026-02-28,213.2,116.0,180.5
1753,Patna,East,2026-03-01,198.9,102.9,165.2
1754,Patna,East,2026-03-02,212.7,114.6,184.9
1755,Patna,East,2026-03-03,216.3,121.7,185.1
1756,Patna,East,2026-03-04,190.0,106.3,170.0
1757,Patna,East,2026-03-05,218.5,119.8,178.7
1758,Patna,East,2026-03-06,219.6,116.6,176.1
1759,Patna,East,2026-03-07,219.4,123.9,184.6
1760,Patna,East,2026-03-08,214.6,115.3,191.8
1761,Patna,East,2026-03-09,221.3,120.3,186.2
1762,Patna,East,2026-03-10,218.3,124.3,182.2
1763,Patna,East,2026-03-11,206.1,114.5,174.3
1764,Patna,East,2026-03-12,199.1,108.9,167.2
1765,Patna,East,2026-03-13,211.8,116.9,181.3
1766,Patna,East,2026-03-14,236.6,132.5,205.9
1767,Patna,East,2026-03-15,211.2,116.0,175.3
1768,Patna,East,2026-03-16,208.3,117.7,189.8
1769,Patna,East,2026-03-17,224.9,125.2,194.2
1770,Patna,East,2026-03-18,226.1,123.9,191.6
1771,Patna,East,2026-03-19,224.1,129.5,190.8
1772,Patna,East,2026-03-20,196.9,111.3,168.4
1773,Patna,East,2026-03-21,207.2,110.5,157.1
1774,Patna,East,2026-03-22,207.4,113.1,179.1
1775,Patna,East,2026-03-23,216.0,114.8,181.0
1776,Patna,East,2026-03-24,217.2,121.7,186.2
1777,Patna,East,2026-03-25,226.8,117.0,193.8
1778,Patna,East,2026-03-26,220.1,117.2,188.1
1779,Patna,East,2026-03-27,210.5,110.9,171.1
1780,Patna,East,2026-03-28,223.1,124.9,196.0
1781,Patna,East,2026-03-29,225.7,126.0,185.4
1782,Patna,East,2026-03-30,214.4,116.8,194.1
1783,Patna,East,2026-03-31,206.5,108.4,169.5
1784,Patna,East,2026-04-01,130.8,69.4,115.5
1785,Patna,East,2026-04-02,112.8,66.1,86.7
1786,Patna,East,2026-04-03,113.6,64.8,95.1
1787,Patna,East,2026-04-04,108.2,65.2,83.6
1788,Patna,East,2026-04-05,108.8,64.3,102.6
1789,Patna,East,2026-04-06,118.8,60.3,93.3
1790,Patna,East,2026-04-07,108.6,59.3,100.2
1791,Patna,East,2026-04-08,129.7,75.1,107.2
1792,Patna,East,2026-04-09,127.8,73.4,113.6
1793,Patna,East,2026-04-10,118.7,63.6,107.5
1794,Patna,East,2026-04-11,137.6,74.8,119.1
1795,Patna,East,2026-04-12,132.0,78.7,122.7
1796,Patna,East,2026-04-13,119.4,70.7,94.4
1797,Patna,East,2026-04-14,93.0,49.5,81.2
1798,Patna,East,2026-04-15,101.2,55.1,87.1
1799,Patna,East,2026-04-16,118.8,66.4,107.7
1800,Patna,East,2026-04-17,115.9,61.9,101.8
1801,Patna,East,2026-04-18,131.7,70.7,120.1
1802,Patna,East,2026-04-19,127.8,68.8,108.5
1803,Patna,East,2026-04-20,109.7,63.1,93.9
1804,Patna,East,2026-04-21,142.6,68.2,114.0
1805,Patna,East,2026-04-22,113.0,64.2,93.9
1806,Patna,East,2026-04-23,110.5,62.5,91.4
1807,Patna,East,2026-04-24,121.9,70.6,109.4
1808,Patna,East,2026-04-25,100.6,52.4,88.1
1809,Patna,East,2026-04-26,116.9,61.3,103.0
1810,Patna,East,2026-04-27,120.1,67.9,107.4
1811,Patna,East,2026-04-28,114.6,67.1,98.5
1812,Patna,East,2026-04-29,122.2,71.3,94.4
1813,Patna,East,2026-04-30,99.6,50.3,89.8
1814,Patna,East,2026-05-01,120.5,64.1,96.4
1815,Patna,East,2026-05-02,99.1,55.7,84.1
1816,Patna,East,2026-05-03,123.6,71.6,106.8
1817,Patna,East,2026-05-04,135.0,72.7,123.6
1818,Patna,East,2026-05-05,124.1,66.2,106.6
1819,Patna,East,2026-05-06,,,
1820,Patna,East,2026-05-07,114.1,63.4,97.4
1821,Patna,East,2026-05-08,140.9,76.7,123.7
1822,Patna,East,2026-05-09,113.1,57.9,95.2
1823,Patna,East,2026-05-10,,,
1824,Patna,East,2026-05-11,113.7,66.8,90.7
1825,Patna,East,2026-05-12,139.4,70.9,115.5
1826,Patna,East,2026-05-13,121.8,65.5,96.9
1827,Patna,East,2026-05-14,127.1,66.0,113.6
1828,Patna,East,2026-05-15,101.8,60.0,91.3
1829,Patna,East,2026-05-16,124.9,72.7,104.9
1830,Patna,East,2026-05-17,118.2,69.4,94.3
1831,Patna,East,2026-05-18,115.6,62.7,96.8
1832,Patna,East,2026-05-19,115.5,53.9,97.9
1833,Patna,East,2026-05-20,121.9,71.7,108.0
1834,Patna,East,2026-05-21,111.7,60.2,89.3
1835,Patna,East,2026-05-22,,,
1836,Patna,East,2026-05-23,123.0,69.8,102.1
1837,Patna,East,2026-05-24,116.7,66.0,94.3
1838,Patna,East,2026-05-25,124.6,71.8,102.3
1839,Patna,East,2026-05-26,118.5,61.7,110.2
1840,Patna,East,2026-05-27,,,
1841,Patna,East,2026-05-28,108.5,59.2,100.2
1842,Patna,East,2026-05-29,137.8,78.8,117.0
1843,Patna,East,2026-05-30,123.6,72.2,99.0
1844,Patna,East,2026-05-31,129.3,67.9,111.5
1845,Patna,East,2026-06-01,85.6,48.2,73.4
1846,Patna,East,2026-06-02,92.2,49.2,76.4
1847,Patna,East,2026-06-03,66.3,37.2,60.8
1848,Patna,East,2026-06-04,75.9,34.4,67.2
1849,Patna,East,2026-06-05,84.5,43.2,70.6
1850,Patna,East,2026-06-06,77.5,39.7,67.5
1851,Patna,East,2026-06-07,78.1,38.5,50.4
1852,Patna,East,2026-06-08,66.4,42.0,63.5
1853,Patna,East,2026-06-09,73.4,36.2,70.8
1854,Patna,East,2026-06-10,85.2,51.7,83.2
1855,Patna,East,2026-06-11,82.2,45.6,65.5
1856,Patna,East,2026-06-12,78.7,39.5,73.2
1857,Patna,East,2026-06-13,74.5,47.1,61.4
1858,Patna,East,2026-06-14,82.2,42.2,75.0
1859,Patna,East,2026-06-15,67.4,42.1,60.5
1860,Patna,East,2026-06-16,55.6,25.2,48.7
1861,Patna,East,2026-06-17,76.4,49.8,59.8
1862,Patna,East,2026-06-18,74.6,41.0,64.8
1863,Patna,East,2026-06-19,97.2,53.1,73.3
1864,Patna,East,2026-06-20,95.5,54.2,72.5
1865,Patna,East,2026-06-21,69.3,36.9,59.7
1866,Patna,East,2026-06-22,86.5,46.7,70.5
1867,Patna,East,2026-06-23,65.7,35.5,56.3
1868,Patna,East,2026-06-24,82.6,37.0,65.1
1869,Patna,East,2026-06-25,82.7,52.1,75.7
1870,Patna,East,2026-06-26,50.3,20.1,46.1
1871,Patna,East,2026-06-27,77.6,42.9,77.6
1872,Patna,East,2026-06-28,64.6,40.3,55.6
1873,Patna,East,2026-06-29,70.1,30.4,52.7
1874,Patna,East,2026-06-30,94.9,52.6,85.4
1875,Patna,East,2026-07-01,83.9,45.5,76.3
1876,Patna,East,2026-07-02,80.8,43.7,66.8
1877,Patna,East,2026-07-03,68.5,38.8,57.2
1878,Patna,East,2026-07-04,90.1,48.4,71.3
1879,Patna,East,2026-07-05,55.2,33.3,61.6
1880,Patna,East,2026-07-06,76.6,33.5,70.6
1881,Patna,East,2026-07-07,,,
1882,Patna,East,2026-07-08,85.4,47.5,71.0
1883,Patna,East,2026-07-09,89.6,48.2,83.1
1884,Patna,East,2026-07-10,70.0,39.1,55.1
1885,Patna,East,2026-07-11,88.0,45.8,70.0
1886,Patna,East,2026-07-12,88.2,49.8,74.5
1887,Patna,East,2026-07-13,65.4,35.8,57.9
1888,Patna,East,2026-07-14,84.8,43.9,75.0
1889,Patna,East,2026-07-15,54.7,30.3,41.1
1890,Patna,East,2026-07-16,85.3,45.2,85.9
1891,Patna,East,2026-07-17,78.7,44.5,53.6
1892,Patna,East,2026-07-18,,,
1893,Patna,East,2026-07-19,89.9,46.6,79.9
1894,Patna,East,2026-07-20,67.4,38.7,61.1
1895,Patna,East,2026-07-21,87.4,45.1,66.6
1896,Patna,East,2026-07-22,83.3,46.6,74.6
1897,Patna,East,2026-07-23,62.6,37.3,52.1
1898,Patna,East,2026-07-24,64.2,33.5,59.9
1899,Patna,East,2026-07-25,78.8,43.9,67.4
1900,Patna,East,2026-07-26,72.3,44.5,61.5
1901,Patna,East,2026-07-27,59.9,27.3,47.6
1902,Patna,East,2026-07-28,72.4,42.7,46.2
1903,Patna,East,2026-07-29,85.9,51.8,70.2
1904,Patna,East,2026-07-30,91.7,47.7,76.9
1905,Patna,East,2026-07-31,71.1,45.4,67.2
1906,Patna,East,2026-08-01,89.9,45.0,77.0
1907,Patna,East,2026-08-02,63.5,35.5,57.3
1908,Patna,East,2026-08-03,93.3,50.8,80.7
1909,Patna,East,2026-08-04,75.4,37.3,74.0
1910,Patna,East,2026-08-05,81.6,50.6,74.4
1911,Patna,East,2026-08-06,62.0,31.7,56.8
1912,Patna,East,2026-08-07,87.2,50.7,74.2
1913,Patna,East,2026-08-08,87.3,44.1,72.8
1914,Patna,East,2026-08-09,63.3,38.8,56.1
1915,Patna,East,2026-08-10,85.5,46.0,57.5
1916,Patna,East,2026-08-11,67.6,37.8,57.8
1917,Patna,East,2026-08-12,88.0,52.9,71.5
1918,Patna,East,2026-08-13,86.4,40.6,77.4
1919,Patna,East,2026-08-14,51.7,30.4,30.3
1920,Patna,East,2026-08-15,82.9,52.0,69.5
1921,Patna,East,2026-08-16,85.4,51.4,56.4
1922,Patna,East,2026-08-17,53.8,29.7,39.2
1923,Patna,East,2026-08-18,72.1,50.6,72.5
1924,Patna,East,2026-08-19,84.9,44.0,75.5
1925,Lucknow,North,2024-01-01,330.0,180.9,290.6
1926,Lucknow,North,2024-01-02,302.7,173.0,254.9
1927,Lucknow,North,2024-01-03,341.7,187.5,287.1
1928,Lucknow,North,2024-01-04,317.8,175.9,272.4
1929,Lucknow,North,2024-01-05,362.7,206.0,308.2
1930,Lucknow,North,2024-01-06,311.1,171.6,268.1
1931,Lucknow,North,2024-01-07,305.3,168.1,267.6
1932,Lucknow,North,2024-01-08,320.3,169.8,277.1
1933,Lucknow,North,2024-01-09,345.7,189.4,295.1
1934,Lucknow,North,2024-01-10,340.3,189.5,285.3
1935,Lucknow,North,2024-01-11,321.9,176.9,273.9
1936,Lucknow,North,2024-01-12,340.5,183.3,292.1
1937,Lucknow,North,2024-01-13,324.3,170.1,280.4
1938,Lucknow,North,2024-01-14,327.9,175.3,268.1
1939,Lucknow,North,2024-01-15,337.7,192.8,287.9
1940,Lucknow,North,2024-01-16,323.4,181.0,271.1
1941,Lucknow,North,2024-01-17,319.8,180.0,265.1
1942,Lucknow,North,2024-01-18,340.2,188.5,297.5
1943,Lucknow,North,2024-01-19,303.4,172.4,257.6
1944,Lucknow,North,2024-01-20,333.9,180.5,277.8
1945,Lucknow,North,2024-01-21,340.3,189.3,292.9
1946,Lucknow,North,2024-01-22,334.6,186.7,275.0
1947,Lucknow,North,2024-01-23,322.4,176.1,286.7
1948,Lucknow,North,2024-01-24,342.7,185.1,282.5
1949,Lucknow,North,2024-01-25,,,
1950,Lucknow,North,2024-01-26,312.1,178.7,266.9
1951,Lucknow,North,2024-01-27,342.2,189.6,288.7
1952,Lucknow,North,2024-01-28,316.6,180.0,249.7
1953,Lucknow,North,2024-01-29,339.8,190.0,284.9
1954,Lucknow,North,2024-01-30,335.8,184.4,277.8
1955,Lucknow,North,2024-01-31,322.7,180.1,274.9
1956,Lucknow,North,2024-02-01,228.0,128.4,198.7
1957,Lucknow,North,2024-02-02,252.4,139.9,224.1
1958,Lucknow,North,2024-02-03,228.5,124.0,185.6
1959,Lucknow,North,2024-02-04,236.3,130.3,200.8
1960,Lucknow,North,2024-02-05,221.3,126.0,177.7
1961,Lucknow,North,2024-02-06,225.4,111.8,198.1
1962,Lucknow,North,2024-02-07,246.8,135.0,211.9
1963,Lucknow,North,2024-02-08,221.5,117.4,182.3
1964,Lucknow,North,2024-02-09,240.8,130.8,205.8
1965,Lucknow,North,2024-02-10,223.6,117.4,192.7
1966,Lucknow,North,2024-02-11,240.4,134.0,200.4
1967,Lucknow,North,2024-02-12,240.2,125.7,197.4
1968,Lucknow,North,2024-02-13,240.8,128.5,197.1
1969,Lucknow,North,2024-02-14,225.2,130.7,188.8
1970,Lucknow,North,2024-02-15,240.7,131.7,219.7
1971,Lucknow,North,2024-02-16,,,
1972,Lucknow,North,2024-02-17,242.4,133.5,196.8
1973,Lucknow,North,2024-02-18,244.2,143.5,211.2
1974,Lucknow,North,2024-02-19,262.6,147.6,229.2
1975,Lucknow,North,2024-02-20,231.6,127.1,200.2
1976,Lucknow,North,2024-02-21,251.5,134.3,205.2
1977,Lucknow,North,2024-02-22,,,
1978,Lucknow,North,2024-02-23,258.6,140.1,231.7
1979,Lucknow,North,2024-02-24,244.5,134.8,197.7
1980,Lucknow,North,2024-02-25,255.9,148.3,220.8
1981,Lucknow,North,2024-02-26,243.8,132.5,195.6
1982,Lucknow,North,2024-02-27,227.5,119.3,185.1
1983,Lucknow,North,2024-02-28,226.8,122.5,196.1
1984,Lucknow,North,2024-02-29,253.3,138.5,220.4
1985,Lucknow,North,2024-03-01,232.7,126.8,200.0
1986,Lucknow,North,2024-03-02,229.2,127.1,191.9
1987,Lucknow,North,2024-03-03,226.2,121.7,201.7
1988,Lucknow,North,2024-03-04,239.9,130.1,205.0
1989,Lucknow,North,2024-03-05,227.4,123.1,191.1
1990,Lucknow,North,2024-03-06,216.1,118.1,186.3
1991,Lucknow,North,2024-03-07,240.0,131.4,210.4
1992,Lucknow,North,2024-03-08,226.6,129.1,198.5
1993,Lucknow,North,2024-03-09,239.2,137.7,198.4
1994,Lucknow,North,2024-03-10,239.7,131.2,199.0
1995,Lucknow,North,2024-03-11,232.8,129.6,200.3
1996,Lucknow,North,2024-03-12,244.4,131.7,207.1
1997,Lucknow,North,2024-03-13,235.3,126.7,199.9
1998,Lucknow,North,2024-03-14,210.8,111.2,176.1
1999,Lucknow,North,2024-03-15,,,
2000,Lucknow,North,2024-03-16,257.0,135.4,229.5
2001,Lucknow,North,2024-03-17,225.1,119.1,186.7
2002,Lucknow,North,2024-03-18,229.0,124.7,191.7
2003,Lucknow,North,2024-03-19,242.0,136.1,199.2
2004,Lucknow,North,2024-03-20,251.4,139.2,213.6
2005,Lucknow,North,2024-03-21,246.8,135.3,218.3
2006,Lucknow,North,2024-03-22,221.9,126.8,185.6
2007,Lucknow,North,2024-03-23,245.4,133.1,218.5
2008,Lucknow,North,2024-03-24,241.2,135.6,198.5
2009,Lucknow,North,2024-03-25,218.8,121.2,195.0
2010,Lucknow,North,2024-03-26,238.6,125.3,213.0
2011,Lucknow,North,2024-03-27,230.5,129.8,190.9
2012,Lucknow,North,2024-03-28,228.1,126.6,177.9
2013,Lucknow,North,2024-03-29,224.6,121.8,188.3
2014,Lucknow,North,2024-03-30,216.9,123.6,182.8
2015,Lucknow,North,2024-03-31,234.3,121.1,198.3
2016,Lucknow,North,2024-04-01,132.9,76.3,116.2
2017,Lucknow,North,2024-04-02,124.1,67.0,106.1
2018,Lucknow,North,2024-04-03,132.9,71.9,111.2
2019,Lucknow,North,2024-04-04,129.5,69.9,111.1
2020,Lucknow,North,2024-04-05,126.4,65.5,115.9
2021,Lucknow,North,2024-04-06,,,
2022,Lucknow,North,2024-04-07,118.9,62.7,94.6
2023,Lucknow,North,2024-04-08,127.3,68.3,102.0
2024,Lucknow,North,2024-04-09,142.8,76.8,122.7
2025,Lucknow,North,2024-04-10,108.6,54.9,85.6
2026,Lucknow,North,2024-04-11,135.6,77.0,113.2
2027,Lucknow,North,2024-04-12,120.9,67.3,96.9
2028,Lucknow,North,2024-04-13,121.5,70.1,97.3
2029,Lucknow,North,2024-04-14,132.0,71.7,112.6
2030,Lucknow,North,2024-04-15,122.6,70.3,108.6
2031,Lucknow,North,2024-04-16,130.8,65.0,111.2
2032,Lucknow,North,2024-04-17,138.3,71.6,107.7
2033,Lucknow,North,2024-04-18,121.7,69.6,95.2
2034,Lucknow,North,2024-04-19,128.3,68.9,108.1
2035,Lucknow,North,2024-04-20,129.1,69.8,105.6
2036,Lucknow,North,2024-04-21,126.3,75.1,110.2
2037,Lucknow,North,2024-04-22,132.6,68.8,108.9
2038,Lucknow,North,2024-04-23,108.7,63.0,97.6
2039,Lucknow,North,2024-04-24,129.6,73.9,107.0
2040,Lucknow,North,2024-04-25,120.2,70.5,99.2
2041,Lucknow,North,2024-04-26,,,
2042,Lucknow,North,2024-04-27,114.2,69.1,102.4
2043,Lucknow,North,2024-04-28,143.1,85.0,119.4
2044,Lucknow,North,2024-04-29,148.7,86.9,132.0
2045,Lucknow,North,2024-04-30,128.8,69.1,104.5
2046,Lucknow,North,2024-05-01,107.9,55.7,86.7
2047,Lucknow,North,2024-05-02,127.2,66.9,97.2
2048,Lucknow,North,2024-05-03,127.0,61.5,105.5
2049,Lucknow,North,2024-05-04,133.0,66.8,105.4
2050,Lucknow,North,2024-05-05,124.2,73.3,104.3
2051,Lucknow,North,2024-05-06,119.5,66.5,90.7
2052,Lucknow,North,2024-05-07,106.8,61.1,95.1
2053,Lucknow,North,2024-05-08,131.9,72.8,114.3
2054,Lucknow,North,2024-05-09,103.9,52.5,85.5
2055,Lucknow,North,2024-05-10,136.4,75.5,115.7
2056,Lucknow,North,2024-05-11,111.4,61.5,96.5
2057,Lucknow,North,2024-05-12,131.8,71.7,123.8
2058,Lucknow,North,2024-05-13,111.2,64.5,86.5
2059,Lucknow,North,2024-05-14,109.9,63.1,90.7
2060,Lucknow,North,2024-05-15,116.2,63.9,113.8
2061,Lucknow,North,2024-05-16,118.1,63.5,107.5
2062,Lucknow,North,2024-05-17,118.7,74.7,93.0
2063,Lucknow,North,2024-05-18,122.9,71.4,102.9
2064,Lucknow,North,2024-05-19,119.5,60.0,100.6
2065,Lucknow,North,2024-05-20,135.8,73.5,109.3
2066,Lucknow,North,2024-05-21,141.4,81.0,123.5
2067,Lucknow,North,2024-05-22,122.8,64.0,111.0
2068,Lucknow,North,2024-05-23,126.2,67.8,106.0
2069,Lucknow,North,2024-05-24,130.0,74.7,110.1
2070,Lucknow,North,2024-05-25,120.8,61.8,100.8
2071,Lucknow,North,2024-05-26,122.8,68.6,104.0
2072,Lucknow,North,2024-05-27,118.9,64.8,104.5
2073,Lucknow,North,2024-05-28,124.1,67.4,103.7
2074,Lucknow,North,2024-05-29,121.3,67.9,106.5
2075,Lucknow,North,2024-05-30,121.8,66.1,105.6
2076,Lucknow,North,2024-05-31,,,
2077,Lucknow,North,2024-06-01,91.0,48.0,80.8
2078,Lucknow,North,2024-06-02,91.8,57.6,74.8
2079,Lucknow,North,2024-06-03,93.0,41.4,79.1
2080,Lucknow,North,2024-06-04,54.8,27.2,39.7
2081,Lucknow,North,2024-06-05,63.7,34.8,47.4
2082,Lucknow,North,2024-06-06,67.2,33.6,53.7
2083,Lucknow,North,2024-06-07,86.9,45.8,68.0
2084,Lucknow,North,2024-06-08,60.5,35.3,52.8
2085,Lucknow,North,2024-06-09,88.1,45.6,81.7
2086,Lucknow,North,2024-06-10,87.3,56.8,71.7
2087,Lucknow,North,2024-06-11,90.7,56.1,75.4
2088,Lucknow,North,2024-06-12,80.5,42.1,66.5
2089,Lucknow,North,2024-06-13,,,
2090,Lucknow,North,2024-06-14,110.1,57.6,100.2
2091,Lucknow,North,2024-06-15,81.6,47.4,72.6
2092,Lucknow,North,2024-06-16,90.6,52.9,87.1
2093,Lucknow,North,2024-06-17,,,
2094,Lucknow,North,2024-06-18,56.9,33.2,37.8
2095,Lucknow,North,2024-06-19,61.9,34.9,50.7
2096,Lucknow,North,2024-06-20,82.0,34.3,61.8
2097,Lucknow,North,2024-06-21,62.6,34.1,52.6
2098,Lucknow,North,2024-06-22,85.5,51.6,92.9
2099,Lucknow,North,2024-06-23,74.5,43.5,68.4
2100,Lucknow,North,2024-06-24,79.5,39.6,72.4
2101,Lucknow,North,2024-06-25,91.4,52.3,73.1
2102,Lucknow,North,2024-06-26,54.3,25.5,53.0
2103,Lucknow,North,2024-06-27,95.0,48.0,82.0
2104,Lucknow,North,2024-06-28,96.4,58.1,76.2
2105,Lucknow,North,2024-06-29,78.7,42.9,60.1
2106,Lucknow,North,2024-06-30,101.7,48.8,88.7
2107,Lucknow,North,2024-07-01,93.2,52.9,83.5
2108,Lucknow,North,2024-07-02,54.2,29.9,47.7
2109,Lucknow,North,2024-07-03,84.5,41.1,70.3
2110,Lucknow,North,2024-07-04,71.3,44.7,56.5
2111,Lucknow,North,2024-07-05,79.5,42.9,66.2
2112,Lucknow,North,2024-07-06,101.4,61.5,88.4
2113,Lucknow,North,2024-07-07,77.2,40.6,54.4
2114,Lucknow,North,2024-07-08,82.1,46.3,68.7
2115,Lucknow,North,2024-07-09,70.2,43.3,64.2
2116,Lucknow,North,2024-07-10,83.2,52.0,72.2
2117,Lucknow,North,2024-07-11,103.1,56.0,88.5
2118,Lucknow,North,2024-07-12,74.3,44.5,60.3
2119,Lucknow,North,2024-07-13,86.3,48.0,68.9
2120,Lucknow,North,2024-07-14,107.8,63.7,90.3
2121,Lucknow,North,2024-07-15,91.6,51.8,75.3
2122,Lucknow,North,2024-07-16,103.4,60.2,91.6
2123,Lucknow,North,2024-07-17,87.8,51.0,79.3
2124,Lucknow,North,2024-07-18,84.6,47.4,72.8
2125,Lucknow,North,2024-07-19,63.7,34.4,61.6
2126,Lucknow,North,2024-07-20,100.1,56.0,80.5
2127,Lucknow,North,2024-07-21,93.9,48.6,73.9
2128,Lucknow,North,2024-07-22,65.1,27.8,66.7
2129,Lucknow,North,2024-07-23,82.2,34.0,65.1
2130,Lucknow,North,2024-07-24,61.3,37.2,48.3
2131,Lucknow,North,2024-07-25,72.5,42.4,71.2
2132,Lucknow,North,2024-07-26,,,
2133,Lucknow,North,2024-07-27,92.3,51.7,79.1
2134,Lucknow,North,2024-07-28,71.5,45.1,58.9
2135,Lucknow,North,2024-07-29,95.2,57.1,74.0
2136,Lucknow,North,2024-07-30,78.8,44.3,60.4
2137,Lucknow,North,2024-07-31,80.0,45.2,58.1
2138,Lucknow,North,2024-08-01,77.6,43.9,63.1
2139,Lucknow,North,2024-08-02,74.1,35.1,62.9
2140,Lucknow,North,2024-08-03,83.6,45.5,79.0
2141,Lucknow,North,2024-08-04,81.2,42.9,79.3
2142,Lucknow,North,2024-08-05,89.5,53.5,83.7
2143,Lucknow,North,2024-08-06,75.1,37.4,73.6
2144,Lucknow,North,2024-08-07,58.6,30.1,59.3
2145,Lucknow,North,2024-08-08,73.4,43.3,57.6
2146,Lucknow,North,2024-08-09,109.7,60.0,98.1
2147,Lucknow,North,2024-08-10,65.5,39.0,59.8
2148,Lucknow,North,2024-08-11,76.0,44.5,63.4
2149,Lucknow,North,2024-08-12,86.2,45.4,70.6
2150,Lucknow,North,2024-08-13,66.7,38.5,55.5
2151,Lucknow,North,2024-08-14,73.1,46.8,62.3
2152,Lucknow,North,2024-08-15,79.8,41.0,73.4
2153,Lucknow,North,2024-08-16,83.3,42.6,69.4
2154,Lucknow,North,2024-08-17,88.4,49.1,82.2
2155,Lucknow,North,2024-08-18,93.8,60.4,75.9
2156,Lucknow,North,2024-08-19,81.0,43.6,67.5
2157,Lucknow,North,2024-08-20,82.4,44.0,75.5
2158,Lucknow,North,2024-08-21,66.9,37.1,60.7
2159,Lucknow,North,2024-08-22,93.5,51.4,81.4
2160,Lucknow,North,2024-08-23,82.3,47.3,69.0
2161,Lucknow,North,2024-08-24,90.2,55.0,89.2
2162,Lucknow,North,2024-08-25,77.7,46.2,67.8
2163,Lucknow,North,2024-08-26,,,
2164,Lucknow,North,2024-08-27,88.5,48.9,73.0
2165,Lucknow,North,2024-08-28,96.4,53.7,80.8
2166,Lucknow,North,2024-08-29,,,
2167,Lucknow,North,2024-08-30,88.0,47.6,67.6
2168,Lucknow,North,2024-08-31,93.7,50.3,71.2
2169,Lucknow,North,2024-09-01,80.7,41.6,69.8
2170,Lucknow,North,2024-09-02,67.5,35.5,47.7
2171,Lucknow,North,2024-09-03,65.1,36.2,51.9
2172,Lucknow,North,2024-09-04,99.3,51.7,85.3
2173,Lucknow,North,2024-09-05,66.2,42.3,56.5
2174,Lucknow,North,2024-09-06,63.1,35.6,50.7
2175,Lucknow,North,2024-09-07,,,
2176,Lucknow,North,2024-09-08,89.8,51.3,74.2
2177,Lucknow,North,2024-09-09,,,
2178,Lucknow,North,2024-09-10,84.8,44.7,71.5
2179,Lucknow,North,2024-09-11,77.1,39.5,77.0
2180,Lucknow,North,2024-09-12,84.9,49.4,88.1
2181,Lucknow,North,2024-09-13,80.9,41.7,58.6
2182,Lucknow,North,2024-09-14,64.5,38.0,46.6
2183,Lucknow,North,2024-09-15,57.1,31.6,48.1
2184,Lucknow,North,2024-09-16,101.4,50.0,92.3
2185,Lucknow,North,2024-09-17,53.9,34.7,47.5
2186,Lucknow,North,2024-09-18,70.2,43.5,60.7
2187,Lucknow,North,2024-09-19,88.5,48.8,82.0
2188,Lucknow,North,2024-09-20,89.2,45.3,70.6
2189,Lucknow,North,2024-09-21,71.5,42.4,64.4
2190,Lucknow,North,2024-09-22,84.8,45.8,68.7
2191,Lucknow,North,2024-09-23,85.6,50.4,77.4
2192,Lucknow,North,2024-09-24,100.8,62.3,83.6
2193,Lucknow,North,2024-09-25,111.6,67.4,96.7
2194,Lucknow,North,2024-09-26,86.0,49.5,70.1
2195,Lucknow,North,2024-09-27,73.6,40.7,60.5
2196,Lucknow,North,2024-09-28,47.8,28.8,29.4
2197,Lucknow,North,2024-09-29,85.6,45.8,69.1
2198,Lucknow,North,2024-09-30,90.6,46.7,71.4
2199,Lucknow,North,2024-10-01,240.5,133.2,200.3
2200,Lucknow,North,2024-10-02,227.9,122.5,195.7
2201,Lucknow,North,2024-10-03,242.1,136.4,205.2
2202,Lucknow,North,2024-10-04,226.2,127.3,207.9
2203,Lucknow,North,2024-10-05,256.0,136.8,222.2
2204,Lucknow,North,2024-10-06,235.4,129.1,198.6
2205,Lucknow,North,2024-10-07,227.2,119.0,195.8
2206,Lucknow,North,2024-10-08,224.9,121.6,188.9
2207,Lucknow,North,2024-10-09,238.1,129.3,201.6
2208,Lucknow,North,2024-10-10,231.9,128.6,199.3
2209,Lucknow,North,2024-10-11,254.4,142.2,212.9
2210,Lucknow,North,2024-10-12,243.7,137.7,203.9
2211,Lucknow,North,2024-10-13,230.5,117.9,204.9
2212,Lucknow,North,2024-10-14,238.8,136.8,194.0
2213,Lucknow,North,2024-10-15,209.2,116.4,173.0
2214,Lucknow,North,2024-10-16,239.1,128.5,208.2
2215,Lucknow,North,2024-10-17,233.2,127.7,201.3
2216,Lucknow,North,2024-10-18,231.8,126.1,204.6
2217,Lucknow,North,2024-10-19,236.1,130.9,203.8
2218,Lucknow,North,2024-10-20,238.5,133.3,214.2
2219,Lucknow,North,2024-10-21,250.1,132.1,199.7
2220,Lucknow,North,2024-10-22,226.9,115.6,177.0
2221,Lucknow,North,2024-10-23,224.8,120.0,192.3
2222,Lucknow,North,2024-10-24,242.6,142.1,202.2
2223,Lucknow,North,2024-10-25,229.9,127.4,202.1
2224,Lucknow,North,2024-10-26,234.0,125.2,183.1
2225,Lucknow,North,2024-10-27,247.1,135.1,219.4
2226,Lucknow,North,2024-10-28,258.7,149.9,222.8
2227,Lucknow,North,2024-10-29,247.5,130.9,213.0
2228,Lucknow,North,2024-10-30,232.8,132.2,194.8
2229,Lucknow,North,2024-10-31,234.3,125.7,210.1
2230,Lucknow,North,2024-11-01,372.2,200.8,314.1
2231,Lucknow,North,2024-11-02,355.5,200.4,309.6
2232,Lucknow,North,2024-11-03,372.6,206.2,308.2
2233,Lucknow,North,2024-11-04,389.3,214.0,343.2
2234,Lucknow,North,2024-11-05,363.9,202.1,314.6
2235,Lucknow,North,2024-11-06,335.2,184.0,291.4
2236,Lucknow,North,2024-11-07,330.4,181.9,274.8
2237,Lucknow,North,2024-11-08,341.0,187.7,292.8
2238,Lucknow,North,2024-11-09,325.0,180.2,274.1
2239,Lucknow,North,2024-11-10,356.3,203.2,307.0
2240,Lucknow,North,2024-11-11,329.1,183.7,274.7
2241,Lucknow,North,2024-11-12,332.9,182.8,280.5
2242,Lucknow,North,2024-11-13,317.6,172.0,272.9
2243,Lucknow,North,2024-11-14,326.0,176.2,279.6
2244,Lucknow,North,2024-11-15,327.4,179.7,287.0
2245,Lucknow,North,2024-11-16,322.6,172.2,275.1
2246,Lucknow,North,2024-11-17,314.0,176.0,270.3
2247,Lucknow,North,2024-11-18,322.0,179.1,271.4
2248,Lucknow,North,2024-11-19,320.3,169.2,260.0
2249,Lucknow,North,2024-11-20,320.8,183.4,265.7
2250,Lucknow,North,2024-11-21,324.7,176.0,279.0
2251,Lucknow,North,2024-11-22,315.9,173.3,270.9
2252,Lucknow,North,2024-11-23,319.6,175.2,270.4
2253,Lucknow,North,2024-11-24,331.7,184.9,286.3
2254,Lucknow,North,2024-11-25,330.6,177.9,278.6
2255,Lucknow,North,2024-11-26,331.6,182.6,286.9
2256,Lucknow,North,2024-11-27,310.8,167.5,259.2
2257,Lucknow,North,2024-11-28,329.0,178.5,274.4
2258,Lucknow,North,2024-11-29,329.5,179.6,273.7
2259,Lucknow,North,2024-11-30,330.3,181.2,283.5
2260,Lucknow,North,2024-12-01,332.1,180.3,280.5
2261,Lucknow,North,2024-12-02,324.0,180.8,275.1
2262,Lucknow,North,2024-12-03,337.5,183.4,286.8
2263,Lucknow,North,2024-12-04,340.4,181.8,282.0
2264,Lucknow,North,2024-12-05,333.4,186.2,289.0
2265,Lucknow,North,2024-12-06,335.2,188.3,282.0
2266,Lucknow,North,2024-12-07,325.7,181.2,269.8
2267,Lucknow,North,2024-12-08,310.8,168.6,269.8
2268,Lucknow,North,2024-12-09,334.2,178.8,280.7
2269,Lucknow,North,2024-12-10,319.1,175.7,272.3
2270,Lucknow,North,2024-12-11,325.4,175.4,282.8
2271,Lucknow,North,2024-12-12,337.3,181.4,285.6
2272,Lucknow,North,2024-12-13,337.6,186.9,289.5
2273,Lucknow,North,2024-12-14,320.3,181.5,265.9
2274,Lucknow,North,2024-12-15,335.9,191.4,281.1
2275,Lucknow,North,2024-12-16,340.8,190.6,286.0
2276,Lucknow,North,2024-12-17,327.3,185.4,275.6
2277,Lucknow,North,2024-12-18,320.4,165.3,262.8
2278,Lucknow,North,2024-12-19,321.1,176.1,276.3
2279,Lucknow,North,2024-12-20,335.5,192.0,289.2
2280,Lucknow,North,2024-12-21,359.0,200.3,312.9
2281,Lucknow,North,2024-12-22,316.4,175.8,274.5
2282,Lucknow,North,2024-12-23,336.6,183.5,285.9
2283,Lucknow,North,2024-12-24,311.3,172.5,258.6
2284,Lucknow,North,2024-12-25,336.8,186.2,290.4
2285,Lucknow,North,2024-12-26,332.5,184.6,287.4
2286,Lucknow,North,2024-12-27,326.6,173.5,285.0
2287,Lucknow,North,2024-12-28,317.3,178.1,272.9
2288,Lucknow,North,2024-12-29,330.1,182.2,282.3
2289,Lucknow,North,2024-12-30,328.1,180.6,278.2
2290,Lucknow,North,2024-12-31,329.1,183.4,277.3
2291,Lucknow,North,2025-01-01,328.5,175.6,274.6
2292,Lucknow,North,2025-01-02,305.9,167.3,262.2
2293,Lucknow,North,2025-01-03,333.6,178.4,288.2
2294,Lucknow,North,2025-01-04,313.9,171.1,264.0
2295,Lucknow,North,2025-01-05,343.6,189.7,304.0
2296,Lucknow,North,2025-01-06,336.9,184.3,288.7
2297,Lucknow,North,2025-01-07,341.2,184.4,287.3
2298,Lucknow,North,2025-01-08,325.3,177.7,275.1
2299,Lucknow,North,2025-01-09,345.1,190.4,291.6
2300,Lucknow,North,2025-01-10,321.3,171.6,277.8
2301,Lucknow,North,2025-01-11,318.6,188.8,273.5
2302,Lucknow,North,2025-01-12,319.1,170.9,268.6
2303,Lucknow,North,2025-01-13,330.3,179.5,284.4
2304,Lucknow,North,2025-01-14,333.6,185.6,286.5
2305,Lucknow,North,2025-01-15,325.9,176.8,270.0
2306,Lucknow,North,2025-01-16,307.3,167.3,265.1
2307,Lucknow,North,2025-01-17,325.6,175.2,282.0
2308,Lucknow,North,2025-01-18,314.6,168.6,261.8
2309,Lucknow,North,2025-01-19,318.0,174.6,263.2
2310,Lucknow,North,2025-01-20,307.2,170.6,262.6
2311,Lucknow,North,2025-01-21,330.9,184.8,281.5
2312,Lucknow,North,2025-01-22,345.7,189.3,293.5
2313,Lucknow,North,2025-01-23,340.3,188.6,288.3
2314,Lucknow,North,2025-01-24,325.4,174.5,280.3
2315,Lucknow,North,2025-01-25,323.1,179.4,282.1
2316,Lucknow,North,2025-01-26,334.3,184.8,286.3
2317,Lucknow,North,2025-01-27,327.1,186.3,267.3
2318,Lucknow,North,2025-01-28,320.4,173.1,274.7
2319,Lucknow,North,2025-01-29,323.5,178.3,285.9
2320,Lucknow,North,2025-01-30,328.7,184.0,277.1
2321,Lucknow,North,2025-01-31,317.9,171.0,278.3
2322,Lucknow,North,2025-02-01,224.4,121.7,203.8
2323,Lucknow,North,2025-02-02,241.2,132.8,203.8
2324,Lucknow,North,2025-02-03,223.9,124.6,196.2
2325,Lucknow,North,2025-02-04,226.8,122.9,202.2
2326,Lucknow,North,2025-02-05,232.7,130.8,210.8
2327,Lucknow,North,2025-02-06,227.2,124.7,188.1
2328,Lucknow,North,2025-02-07,211.6,121.4,183.3
2329,Lucknow,North,2025-02-08,233.7,130.3,195.4
2330,Lucknow,North,2025-02-09,220.6,119.0,183.3
2331,Lucknow,North,2025-02-10,225.6,128.1,187.0
2332,Lucknow,North,2025-02-11,224.4,124.1,193.4
2333,Lucknow,North,2025-02-12,,,
2334,Lucknow,North,2025-02-13,226.6,128.2,188.8
2335,Lucknow,North,2025-02-14,242.2,140.3,197.5
2336,Lucknow,North,2025-02-15,219.6,120.0,186.5
2337,Lucknow,North,2025-02-16,246.8,129.6,213.2
2338,Lucknow,North,2025-02-17,233.9,122.2,197.3
2339,Lucknow,North,2025-02-18,242.2,140.0,202.2
2340,Lucknow,North,2025-02-19,244.7,129.5,214.0
2341,Lucknow,North,2025-02-20,237.7,136.7,194.3
2342,Lucknow,North,2025-02-21,223.6,116.5,200.2
2343,Lucknow,North,2025-02-22,231.4,120.3,192.4
2344,Lucknow,North,2025-02-23,246.3,137.9,211.8
2345,Lucknow,North,2025-02-24,221.4,121.1,176.7
2346,Lucknow,North,2025-02-25,219.3,122.8,191.4
2347,Lucknow,North,2025-02-26,234.0,121.7,193.3
2348,Lucknow,North,2025-02-27,232.2,133.7,193.6
2349,Lucknow,North,2025-02-28,219.8,116.3,181.8
2350,Lucknow,North,2025-03-01,230.3,125.6,207.1
2351,Lucknow,North,2025-03-02,229.8,118.1,201.1
2352,Lucknow,North,2025-03-03,227.6,122.2,190.0
2353,Lucknow,North,2025-03-04,240.1,132.5,206.6
2354,Lucknow,North,2025-03-05,232.6,128.1,191.3
2355,Lucknow,North,2025-03-06,224.2,120.9,187.8
2356,Lucknow,North,2025-03-07,216.7,114.4,191.2
2357,Lucknow,North,2025-03-08,249.9,143.6,218.9
2358,Lucknow,North,2025-03-09,246.8,142.3,213.4
2359,Lucknow,North,2025-03-10,232.7,126.8,199.6
2360,Lucknow,North,2025-03-11,241.5,132.2,203.2
2361,Lucknow,North,2025-03-12,236.1,126.7,213.6
2362,Lucknow,North,2025-03-13,242.6,125.7,211.2
2363,Lucknow,North,2025-03-14,227.2,124.1,193.1
2364,Lucknow,North,2025-03-15,247.1,135.7,211.7
2365,Lucknow,North,2025-03-16,235.3,138.4,199.8
2366,Lucknow,North,2025-03-17,226.5,119.5,192.6
2367,Lucknow,North,2025-03-18,231.6,128.1,199.4
2368,Lucknow,North,2025-03-19,223.4,123.2,185.7
2369,Lucknow,North,2025-03-20,228.7,122.1,193.0
2370,Lucknow,North,2025-03-21,228.5,123.0,192.2
2371,Lucknow,North,2025-03-22,221.7,127.0,192.1
2372,Lucknow,North,2025-03-23,232.4,129.0,192.1
2373,Lucknow,North,2025-03-24,238.0,125.0,201.9
2374,Lucknow,North,2025-03-25,238.2,129.6,206.7
2375,Lucknow,North,2025-03-26,227.4,125.5,196.5
2376,Lucknow,North,2025-03-27,242.9,133.5,216.1
2377,Lucknow,North,2025-03-28,245.9,137.8,204.8
2378,Lucknow,North,2025-03-29,237.7,128.7,213.9
2379,Lucknow,North,2025-03-30,241.1,129.7,209.9
2380,Lucknow,North,2025-03-31,249.6,135.1,213.2
2381,Lucknow,North,2025-04-01,154.7,85.2,133.5
2382,Lucknow,North,2025-04-02,162.0,89.1,130.9
2383,Lucknow,North,2025-04-03,114.8,63.7,102.1
2384,Lucknow,North,2025-04-04,115.7,55.8,101.6
2385,Lucknow,North,2025-04-05,123.3,65.9,99.6
2386,Lucknow,North,2025-04-06,138.7,75.6,110.2
2387,Lucknow,North,2025-04-07,114.1,61.0,88.5
2388,Lucknow,North,2025-04-08,,,
2389,Lucknow,North,2025-04-09,137.3,79.3,117.6
2390,Lucknow,North,2025-04-10,130.1,64.8,114.9
2391,Lucknow,North,2025-04-11,133.0,74.0,114.3
2392,Lucknow,North,2025-04-12,,,
2393,Lucknow,North,2025-04-13,120.1,65.0,98.3
2394,Lucknow,North,2025-04-14,139.2,73.3,120.2
2395,Lucknow,North,2025-04-15,128.1,69.7,112.1
2396,Lucknow,North,2025-04-16,130.3,70.2,118.4
2397,Lucknow,North,2025-04-17,124.1,70.6,99.5
2398,Lucknow,North,2025-04-18,115.2,64.0,111.3
2399,Lucknow,North,2025-04-19,111.1,56.5,90.0
2400,Lucknow,North,2025-04-20,120.7,66.6,108.6
2401,Lucknow,North,2025-04-21,123.9,70.4,105.5
2402,Lucknow,North,2025-04-22,119.2,63.7,104.2
2403,Lucknow,North,2025-04-23,128.0,75.6,110.0
2404,Lucknow,North,2025-04-24,124.5,64.1,101.5
2405,Lucknow,North,2025-04-25,130.2,72.9,120.3
2406,Lucknow,North,2025-04-26,118.8,67.9,100.7
2407,Lucknow,North,2025-04-27,102.0,51.7,88.3
2408,Lucknow,North,2025-04-28,,,
2409,Lucknow,North,2025-04-29,123.5,69.1,109.6
2410,Lucknow,North,2025-04-30,120.8,69.0,97.1
2411,Lucknow,North,2025-05-01,111.2,65.6,102.2
2412,Lucknow,North,2025-05-02,134.6,71.2,112.6
2413,Lucknow,North,2025-05-03,115.3,59.9,98.9
2414,Lucknow,North,2025-05-04,120.6,70.9,93.6
2415,Lucknow,North,2025-05-05,120.0,61.4,94.5
2416,Lucknow,North,2025-05-06,147.7,87.4,128.1
2417,Lucknow,North,2025-05-07,132.1,75.0,112.6
2418,Lucknow,North,2025-05-08,89.7,40.6,79.6
2419,Lucknow,North,2025-05-09,96.0,58.2,86.3
2420,Lucknow,North,2025-05-10,129.3,72.5,113.9
2421,Lucknow,North,2025-05-11,118.7,72.4,99.3
2422,Lucknow,North,2025-05-12,114.9,70.3,98.4
2423,Lucknow,North,2025-05-13,129.6,75.9,122.9
2424,Lucknow,North,2025-05-14,125.3,69.3,98.3
2425,Lucknow,North,2025-05-15,126.0,75.8,102.6
2426,Lucknow,North,2025-05-16,115.0,56.6,90.2
2427,Lucknow,North,2025-05-17,110.2,60.6,95.3
2428,Lucknow,North,2025-05-18,102.0,57.7,94.2
2429,Lucknow,North,2025-05-19,135.6,71.6,120.0
2430,Lucknow,North,2025-05-20,119.7,61.4,93.4
2431,Lucknow,North,2025-05-21,108.2,58.2,95.4
2432,Lucknow,North,2025-05-22,,,
2433,Lucknow,North,2025-05-23,114.5,71.6,99.5
2434,Lucknow,North,2025-05-24,108.9,63.5,98.5
2435,Lucknow,North,2025-05-25,105.5,57.0,97.7
2436,Lucknow,North,2025-05-26,107.7,60.9,93.5
2437,Lucknow,North,2025-05-27,148.6,86.8,123.9
2438,Lucknow,North,2025-05-28,108.8,58.4,93.0
2439,Lucknow,North,2025-05-29,125.3,67.1,100.8
2440,Lucknow,North,2025-05-30,140.6,75.8,115.0
2441,Lucknow,North,2025-05-31,128.1,70.9,108.7
2442,Lucknow,North,2025-06-01,95.4,48.4,82.6
2443,Lucknow,North,2025-06-02,93.3,49.5,80.1
2444,Lucknow,North,2025-06-03,89.0,51.0,75.7
2445,Lucknow,North,2025-06-04,66.7,33.1,56.8
2446,Lucknow,North,2025-06-05,77.8,41.6,63.0
2447,Lucknow,North,2025-06-06,60.9,35.9,45.5
2448,Lucknow,North,2025-06-07,99.9,65.9,89.6
2449,Lucknow,North,2025-06-08,86.9,45.3,68.1
2450,Lucknow,North,2025-06-09,76.6,46.1,65.3
2451,Lucknow,North,2025-06-10,62.2,37.4,49.9
2452,Lucknow,North,2025-06-11,91.1,50.1,72.8
2453,Lucknow,North,2025-06-12,,,
2454,Lucknow,North,2025-06-13,97.2,50.4,91.1
2455,Lucknow,North,2025-06-14,65.8,31.9,59.5
2456,Lucknow,North,2025-06-15,99.1,53.3,88.9
2457,Lucknow,North,2025-06-16,70.5,34.8,60.1
2458,Lucknow,North,2025-06-17,106.7,57.6,81.2
2459,Lucknow,North,2025-06-18,52.2,28.4,47.9
2460,Lucknow,North,2025-06-19,77.0,42.9,60.8
2461,Lucknow,North,2025-06-20,96.0,54.7,73.2
2462,Lucknow,North,2025-06-21,73.8,45.2,62.3
2463,Lucknow,North,2025-06-22,53.1,27.5,41.9
2464,Lucknow,North,2025-06-23,48.8,28.5,49.4
2465,Lucknow,North,2025-06-24,74.3,37.1,61.5
2466,Lucknow,North,2025-06-25,75.0,40.7,66.4
2467,Lucknow,North,2025-06-26,61.8,32.4,63.2
2468,Lucknow,North,2025-06-27,78.8,43.4,68.5
2469,Lucknow,North,2025-06-28,70.6,33.0,73.0
2470,Lucknow,North,2025-06-29,80.6,40.0,73.2
2471,Lucknow,North,2025-06-30,75.5,37.5,60.6
2472,Lucknow,North,2025-07-01,64.2,30.9,59.3
2473,Lucknow,North,2025-07-02,81.6,43.4,76.5
2474,Lucknow,North,2025-07-03,88.6,46.8,66.0
2475,Lucknow,North,2025-07-04,73.8,45.2,56.6
2476,Lucknow,North,2025-07-05,105.8,56.9,81.3
2477,Lucknow,North,2025-07-06,74.8,46.5,59.3
2478,Lucknow,North,2025-07-07,85.6,49.6,68.9
2479,Lucknow,North,2025-07-08,92.8,56.3,83.0
2480,Lucknow,North,2025-07-09,59.3,33.5,54.2
2481,Lucknow,North,2025-07-10,91.0,57.0,78.6
2482,Lucknow,North,2025-07-11,81.0,36.1,61.4
2483,Lucknow,North,2025-07-12,93.8,46.7,77.8
2484,Lucknow,North,2025-07-13,60.4,31.7,43.6
2485,Lucknow,North,2025-07-14,86.0,46.6,74.6
2486,Lucknow,North,2025-07-15,62.1,33.0,57.3
2487,Lucknow,North,2025-07-16,42.6,20.6,35.1
2488,Lucknow,North,2025-07-17,90.0,51.5,79.7
2489,Lucknow,North,2025-07-18,84.3,49.1,70.2
2490,Lucknow,North,2025-07-19,78.9,38.4,65.3
2491,Lucknow,North,2025-07-20,77.3,48.3,58.5
2492,Lucknow,North,2025-07-21,83.5,44.4,70.8
2493,Lucknow,North,2025-07-22,93.3,50.7,73.3
2494,Lucknow,North,2025-07-23,81.7,48.5,70.9
2495,Lucknow,North,2025-07-24,89.0,43.3,80.8
2496,Lucknow,North,2025-07-25,74.9,36.2,65.2
2497,Lucknow,North,2025-07-26,63.6,35.8,63.2
2498,Lucknow,North,2025-07-27,74.1,37.0,69.3
2499,Lucknow,North,2025-07-28,88.6,52.0,63.6
2500,Lucknow,North,2025-07-29,70.8,46.1,55.0
2501,Lucknow,North,2025-07-30,75.4,41.8,65.1
2502,Lucknow,North,2025-07-31,78.6,32.6,69.8
2503,Lucknow,North,2025-08-01,66.9,40.4,64.0
2504,Lucknow,North,2025-08-02,67.7,37.6,67.0
2505,Lucknow,North,2025-08-03,101.3,59.4,82.8
2506,Lucknow,North,2025-08-04,85.9,43.3,81.8
2507,Lucknow,North,2025-08-05,85.3,52.4,57.3
2508,Lucknow,North,2025-08-06,74.3,38.6,60.5
2509,Lucknow,North,2025-08-07,66.0,38.0,50.6
2510,Lucknow,North,2025-08-08,103.3,55.2,84.8
2511,Lucknow,North,2025-08-09,72.4,42.0,63.3
2512,Lucknow,North,2025-08-10,69.4,26.0,56.6
2513,Lucknow,North,2025-08-11,70.9,38.9,54.8
2514,Lucknow,North,2025-08-12,84.6,41.8,73.2
2515,Lucknow,North,2025-08-13,78.1,46.6,65.3
2516,Lucknow,North,2025-08-14,88.5,47.3,73.8
2517,Lucknow,North,2025-08-15,72.7,34.7,62.7
2518,Lucknow,North,2025-08-16,80.7,50.5,71.2
2519,Lucknow,North,2025-08-17,103.2,64.4,89.2
2520,Lucknow,North,2025-08-18,69.0,37.0,64.6
2521,Lucknow,North,2025-08-19,80.5,48.6,66.2
2522,Lucknow,North,2025-08-20,82.5,49.0,74.0
2523,Lucknow,North,2025-08-21,85.3,47.9,75.9
2524,Lucknow,North,2025-08-22,80.4,48.2,64.9
2525,Lucknow,North,2025-08-23,117.6,65.6,95.0
2526,Lucknow,North,2025-08-24,62.1,30.6,55.2
2527,Lucknow,North,2025-08-25,75.6,46.2,62.2
2528,Lucknow,North,2025-08-26,68.9,36.6,55.3
2529,Lucknow,North,2025-08-27,79.0,38.8,66.2
2530,Lucknow,North,2025-08-28,58.7,32.8,49.0
2531,Lucknow,North,2025-08-29,79.4,40.4,67.1
2532,Lucknow,North,2025-08-30,83.7,39.0,76.9
2533,Lucknow,North,2025-08-31,79.5,45.6,76.7
2534,Lucknow,North,2025-09-01,66.5,32.6,50.7
2535,Lucknow,North,2025-09-02,81.8,41.0,64.3
2536,Lucknow,North,2025-09-03,102.3,55.3,89.4
2537,Lucknow,North,2025-09-04,93.5,57.3,70.9
2538,Lucknow,North,2025-09-05,86.1,50.5,79.9
2539,Lucknow,North,2025-09-06,73.5,38.7,63.7
2540,Lucknow,North,2025-09-07,82.1,43.9,66.2
2541,Lucknow,North,2025-09-08,,,
2542,Lucknow,North,2025-09-09,74.0,36.6,60.2
2543,Lucknow,North,2025-09-10,78.9,47.7,64.7
2544,Lucknow,North,2025-09-11,56.2,39.8,55.1
2545,Lucknow,North,2025-09-12,88.6,50.7,75.6
2546,Lucknow,North,2025-09-13,102.7,51.7,91.9
2547,Lucknow,North,2025-09-14,90.8,59.6,76.8
2548,Lucknow,North,2025-09-15,100.2,57.0,79.3
2549,Lucknow,North,2025-09-16,68.4,42.6,51.2
2550,Lucknow,North,2025-09-17,78.2,49.9,60.9
2551,Lucknow,North,2025-09-18,88.7,56.8,84.9
2552,Lucknow,North,2025-09-19,91.4,47.5,88.9
2553,Lucknow,North,2025-09-20,87.9,48.7,68.4
2554,Lucknow,North,2025-09-21,55.6,32.3,44.7
2555,Lucknow,North,2025-09-22,61.1,37.4,53.6
2556,Lucknow,North,2025-09-23,74.5,39.5,66.9
2557,Lucknow,North,2025-09-24,88.1,45.0,80.6
2558,Lucknow,North,2025-09-25,79.5,39.8,67.0
2559,Lucknow,North,2025-09-26,82.3,50.1,74.3
2560,Lucknow,North,2025-09-27,54.8,25.3,51.6
2561,Lucknow,North,2025-09-28,85.2,43.1,69.6
2562,Lucknow,North,2025-09-29,101.3,46.3,93.8
2563,Lucknow,North,2025-09-30,94.8,49.9,79.2
2564,Lucknow,North,2025-10-01,241.6,133.4,208.1
2565,Lucknow,North,2025-10-02,251.7,136.0,214.2
2566,Lucknow,North,2025-10-03,242.8,131.9,206.4
2567,Lucknow,North,2025-10-04,254.8,132.1,218.5
2568,Lucknow,North,2025-10-05,230.8,122.5,195.0
2569,Lucknow,North,2025-10-06,241.7,136.4,201.1
2570,Lucknow,North,2025-10-07,245.1,140.8,209.7
2571,Lucknow,North,2025-10-08,246.0,137.3,213.3
2572,Lucknow,North,2025-10-09,225.9,129.3,195.1
2573,Lucknow,North,2025-10-10,259.4,146.1,215.5
2574,Lucknow,North,2025-10-11,251.5,144.0,220.5
2575,Lucknow,North,2025-10-12,233.9,127.2,207.3
2576,Lucknow,North,2025-10-13,228.2,129.2,195.1
2577,Lucknow,North,2025-10-14,229.6,125.0,192.3
2578,Lucknow,North,2025-10-15,243.6,131.6,206.9
2579,Lucknow,North,2025-10-16,234.6,130.8,205.8
2580,Lucknow,North,2025-10-17,219.7,122.7,182.9
2581,Lucknow,North,2025-10-18,235.1,129.0,209.6
2582,Lucknow,North,2025-10-19,255.7,139.9,216.2
2583,Lucknow,North,2025-10-20,,,
2584,Lucknow,North,2025-10-21,229.1,130.8,192.1
2585,Lucknow,North,2025-10-22,202.4,114.6,166.7
2586,Lucknow,North,2025-10-23,246.1,134.4,217.0
2587,Lucknow,North,2025-10-24,221.1,115.5,197.3
2588,Lucknow,North,2025-10-25,250.6,138.5,203.6
2589,Lucknow,North,2025-10-26,247.7,146.3,208.7
2590,Lucknow,North,2025-10-27,232.6,124.8,200.7
2591,Lucknow,North,2025-10-28,236.4,124.0,196.8
2592,Lucknow,North,2025-10-29,248.7,132.4,213.1
2593,Lucknow,North,2025-10-30,249.4,140.3,201.4
2594,Lucknow,North,2025-10-31,244.0,129.8,195.4
2595,Lucknow,North,2025-11-01,374.4,199.4,316.8
2596,Lucknow,North,2025-11-02,385.5,214.3,326.9
2597,Lucknow,North,2025-11-03,381.8,210.2,329.3
2598,Lucknow,North,2025-11-04,384.1,207.2,336.4
2599,Lucknow,North,2025-11-05,368.9,203.1,314.6
2600,Lucknow,North,2025-11-06,322.1,175.3,276.9
2601,Lucknow,North,2025-11-07,318.2,176.9,274.8
2602,Lucknow,North,2025-11-08,318.6,173.9,273.9
2603,Lucknow,North,2025-11-09,325.1,181.3,275.9
2604,Lucknow,North,2025-11-10,321.4,175.8,275.0
2605,Lucknow,North,2025-11-11,339.5,179.9,285.6
2606,Lucknow,North,2025-11-12,320.7,173.1,269.6
2607,Lucknow,North,2025-11-13,339.4,190.7,284.8
2608,Lucknow,North,2025-11-14,308.1,171.0,264.7
2609,Lucknow,North,2025-11-15,311.3,172.0,267.1
2610,Lucknow,North,2025-11-16,333.3,181.2,286.2
2611,Lucknow,North,2025-11-17,323.5,181.3,276.4
2612,Lucknow,North,2025-11-18,332.9,183.1,281.4
2613,Lucknow,North,2025-11-19,328.2,183.9,276.7
2614,Lucknow,North,2025-11-20,329.7,191.0,276.3
2615,Lucknow,North,2025-11-21,309.7,166.5,261.5
2616,Lucknow,North,2025-11-22,325.5,170.1,264.8
2617,Lucknow,North,2025-11-23,334.8,178.5,288.6
2618,Lucknow,North,2025-11-24,340.0,174.8,292.2
2619,Lucknow,North,2025-11-25,325.9,177.9,279.2
2620,Lucknow,North,2025-11-26,324.8,180.7,287.0
2621,Lucknow,North,2025-11-27,329.1,176.1,288.0
2622,Lucknow,North,2025-11-28,338.8,192.0,290.2
2623,Lucknow,North,2025-11-29,336.1,192.7,285.3
2624,Lucknow,North,2025-11-30,318.2,180.7,268.4
2625,Lucknow,North,2025-12-01,339.3,184.5,285.6
2626,Lucknow,North,2025-12-02,329.2,182.4,275.3
2627,Lucknow,North,2025-12-03,345.1,188.2,297.6
2628,Lucknow,North,2025-12-04,315.0,170.9,264.5
2629,Lucknow,North,2025-12-05,327.7,180.9,279.9
2630,Lucknow,North,2025-12-06,326.0,183.0,282.6
2631,Lucknow,North,2025-12-07,320.7,177.0,275.4
2632,Lucknow,North,2025-12-08,334.4,186.0,282.4
2633,Lucknow,North,2025-12-09,322.0,177.5,276.8
2634,Lucknow,North,2025-12-10,313.4,168.6,264.2
2635,Lucknow,North,2025-12-11,326.9,177.3,275.4
2636,Lucknow,North,2025-12-12,316.3,176.1,257.2
2637,Lucknow,North,2025-12-13,325.7,176.6,277.1
2638,Lucknow,North,2025-12-14,328.0,168.7,285.5
2639,Lucknow,North,2025-12-15,334.3,190.1,288.9
2640,Lucknow,North,2025-12-16,336.6,187.3,295.6
2641,Lucknow,North,2025-12-17,310.1,170.2,258.3
2642,Lucknow,North,2025-12-18,336.2,186.0,295.5
2643,Lucknow,North,2025-12-19,327.5,179.5,277.5
2644,Lucknow,North,2025-12-20,317.0,166.4,269.4
2645,Lucknow,North,2025-12-21,320.7,174.7,265.9
2646,Lucknow,North,2025-12-22,326.9,175.8,279.6
2647,Lucknow,North,2025-12-23,323.0,176.4,265.3
2648,Lucknow,North,2025-12-24,329.7,184.8,279.5
2649,Lucknow,North,2025-12-25,318.8,177.8,275.7
2650,Lucknow,North,2025-12-26,320.6,187.1,279.9
2651,Lucknow,North,2025-12-27,343.5,190.6,294.4
2652,Lucknow,North,2025-12-28,314.1,171.8,267.4
2653,Lucknow,North,2025-12-29,334.0,181.8,279.0
2654,Lucknow,North,2025-12-30,339.6,187.3,294.3
2655,Lucknow,North,2025-12-31,327.0,177.5,277.9
2656,Lucknow,North,2026-01-01,296.7,167.1,255.6
2657,Lucknow,North,2026-01-02,339.6,186.0,300.4
2658,Lucknow,North,2026-01-03,340.2,180.2,278.7
2659,Lucknow,North,2026-01-04,328.8,175.4,278.7
2660,Lucknow,North,2026-01-05,323.6,176.8,284.0
2661,Lucknow,North,2026-01-06,332.5,185.4,284.1
2662,Lucknow,North,2026-01-07,361.0,203.8,302.8
2663,Lucknow,North,2026-01-08,332.3,179.9,281.5
2664,Lucknow,North,2026-01-09,324.7,173.1,265.0
2665,Lucknow,North,2026-01-10,311.3,173.4,248.1
2666,Lucknow,North,2026-01-11,332.8,174.6,278.2
2667,Lucknow,North,2026-01-12,319.3,178.6,271.4
2668,Lucknow,North,2026-01-13,312.6,169.6,267.2
2669,Lucknow,North,2026-01-14,338.5,187.3,287.1
2670,Lucknow,North,2026-01-15,322.5,183.6,269.3
2671,Lucknow,North,2026-01-16,320.1,177.5,279.7
2672,Lucknow,North,2026-01-17,305.1,171.7,266.2
2673,Lucknow,North,2026-01-18,328.6,173.2,275.0
2674,Lucknow,North,2026-01-19,323.8,179.2,267.8
2675,Lucknow,North,2026-01-20,322.6,180.2,270.9
2676,Lucknow,North,2026-01-21,321.9,175.2,265.1
2677,Lucknow,North,2026-01-22,321.2,175.8,277.5
2678,Lucknow,North,2026-01-23,316.0,168.6,265.6
2679,Lucknow,North,2026-01-24,314.9,175.4,264.3
2680,Lucknow,North,2026-01-25,306.8,171.1,260.3
2681,Lucknow,North,2026-01-26,327.6,181.7,284.7
2682,Lucknow,North,2026-01-27,,,
2683,Lucknow,North,2026-01-28,326.2,179.0,274.4
2684,Lucknow,North,2026-01-29,328.1,180.5,282.9
2685,Lucknow,North,2026-01-30,343.3,184.9,303.4
2686,Lucknow,North,2026-01-31,338.5,181.6,286.9
2687,Lucknow,North,2026-02-01,236.7,134.8,195.4
2688,Lucknow,North,2026-02-02,257.2,137.1,216.4
2689,Lucknow,North,2026-02-03,229.4,121.2,188.2
2690,Lucknow,North,2026-02-04,229.7,125.2,191.5
2691,Lucknow,North,2026-02-05,225.6,113.8,190.1
2692,Lucknow,North,2026-02-06,259.2,149.1,227.2
2693,Lucknow,North,2026-02-07,232.0,129.6,194.0
2694,Lucknow,North,2026-02-08,231.1,127.7,202.5
2695,Lucknow,North,2026-02-09,230.8,124.3,195.9
2696,Lucknow,North,2026-02-10,219.0,123.8,192.2
2697,Lucknow,North,2026-02-11,250.9,141.1,209.7
2698,Lucknow,North,2026-02-12,233.9,124.9,200.6
2699,Lucknow,North,2026-02-13,,,
2700,Lucknow,North,2026-02-14,253.2,135.1,227.9
2701,Lucknow,North,2026-02-15,228.9,125.5,197.1
2702,Lucknow,North,2026-02-16,247.9,139.5,209.2
2703,Lucknow,North,2026-02-17,229.0,116.7,191.6
2704,Lucknow,North,2026-02-18,251.9,135.4,217.8
2705,Lucknow,North,2026-02-19,245.3,135.6,205.2
2706,Lucknow,North,2026-02-20,230.2,126.4,185.2
2707,Lucknow,North,2026-02-21,253.5,135.3,211.7
2708,Lucknow,North,2026-02-22,229.4,125.0,197.3
2709,Lucknow,North,2026-02-23,251.3,139.1,223.0
2710,Lucknow,North,2026-02-24,232.5,130.7,202.4
2711,Lucknow,North,2026-02-25,238.7,134.0,196.9
2712,Lucknow,North,2026-02-26,252.8,142.3,216.0
2713,Lucknow,North,2026-02-27,232.7,131.4,191.3
2714,Lucknow,North,2026-02-28,245.8,139.0,224.0
2715,Lucknow,North,2026-03-01,235.9,135.2,204.3
2716,Lucknow,North,2026-03-02,217.8,114.7,182.0
2717,Lucknow,North,2026-03-03,250.9,143.9,211.9
2718,Lucknow,North,2026-03-04,242.2,134.2,191.1
2719,Lucknow,North,2026-03-05,250.1,143.3,199.3
2720,Lucknow,North,2026-03-06,225.8,123.9,191.5
2721,Lucknow,North,2026-03-07,249.6,142.0,208.9
2722,Lucknow,North,2026-03-08,245.1,132.3,206.6
2723,Lucknow,North,2026-03-09,239.8,134.1,200.2
2724,Lucknow,North,2026-03-10,259.9,143.8,221.1
2725,Lucknow,North,2026-03-11,246.2,133.0,211.2
2726,Lucknow,North,2026-03-12,207.6,107.4,174.4
2727,Lucknow,North,2026-03-13,231.4,125.9,192.9
2728,Lucknow,North,2026-03-14,244.0,139.1,204.5
2729,Lucknow,North,2026-03-15,249.4,138.8,204.9
2730,Lucknow,North,2026-03-16,220.8,121.7,194.2
2731,Lucknow,North,2026-03-17,225.9,115.9,197.9
2732,Lucknow,North,2026-03-18,250.8,137.1,219.8
2733,Lucknow,North,2026-03-19,261.4,140.5,220.0
2734,Lucknow,North,2026-03-20,232.5,132.3,192.6
2735,Lucknow,North,2026-03-21,233.3,133.5,204.5
2736,Lucknow,North,2026-03-22,249.8,133.8,215.1
2737,Lucknow,North,2026-03-23,230.2,130.4,198.9
2738,Lucknow,North,2026-03-24,245.7,134.6,209.9
2739,Lucknow,North,2026-03-25,241.7,132.2,207.6
2740,Lucknow,North,2026-03-26,225.7,119.6,181.9
2741,Lucknow,North,2026-03-27,235.5,133.0,203.0
2742,Lucknow,North,2026-03-28,213.7,119.3,182.1
2743,Lucknow,North,2026-03-29,235.4,130.5,203.8
2744,Lucknow,North,2026-03-30,253.6,144.6,227.2
2745,Lucknow,North,2026-03-31,244.3,132.2,215.9
2746,Lucknow,North,2026-04-01,112.0,65.1,89.4
2747,Lucknow,North,2026-04-02,119.6,70.8,98.3
2748,Lucknow,North,2026-04-03,139.1,79.2,117.7
2749,Lucknow,North,2026-04-04,135.3,77.0,116.2
2750,Lucknow,North,2026-04-05,118.9,68.9,99.5
2751,Lucknow,North,2026-04-06,125.8,71.2,106.7
2752,Lucknow,North,2026-04-07,,,
2753,Lucknow,North,2026-04-08,128.1,76.1,106.4
2754,Lucknow,North,2026-04-09,121.4,62.1,89.8
2755,Lucknow,North,2026-04-10,134.4,76.0,123.1
2756,Lucknow,North,2026-04-11,109.4,57.4,90.0
2757,Lucknow,North,2026-04-12,149.4,86.0,126.3
2758,Lucknow,North,2026-04-13,126.2,70.8,101.0
2759,Lucknow,North,2026-04-14,130.4,67.7,111.7
2760,Lucknow,North,2026-04-15,134.4,75.2,110.4
2761,Lucknow,North,2026-04-16,122.9,70.9,101.7
2762,Lucknow,North,2026-04-17,110.3,59.7,90.9
2763,Lucknow,North,2026-04-18,123.8,68.2,103.3
2764,Lucknow,North,2026-04-19,121.9,70.7,107.2
2765,Lucknow,North,2026-04-20,,,
2766,Lucknow,North,2026-04-21,129.6,65.6,103.6
2767,Lucknow,North,2026-04-22,135.8,72.8,111.6
2768,Lucknow,North,2026-04-23,113.1,64.0,89.1
2769,Lucknow,North,2026-04-24,140.1,77.8,108.8
2770,Lucknow,North,2026-04-25,119.8,61.9,105.0
2771,Lucknow,North,2026-04-26,131.9,70.6,108.3
2772,Lucknow,North,2026-04-27,130.8,69.5,118.9
2773,Lucknow,North,2026-04-28,117.9,66.1,88.6
2774,Lucknow,North,2026-04-29,130.0,69.0,112.0
2775,Lucknow,North,2026-04-30,138.6,75.5,103.0
2776,Lucknow,North,2026-05-01,101.5,56.1,80.8
2777,Lucknow,North,2026-05-02,111.9,65.4,93.6
2778,Lucknow,North,2026-05-03,136.3,78.4,113.3
2779,Lucknow,North,2026-05-04,126.8,64.9,109.9
2780,Lucknow,North,2026-05-05,124.8,74.6,110.7
2781,Lucknow,North,2026-05-06,123.2,64.9,103.1
2782,Lucknow,North,2026-05-07,125.1,71.5,111.9
2783,Lucknow,North,2026-05-08,111.0,56.7,95.9
2784,Lucknow,North,2026-05-09,110.8,60.3,83.4
2785,Lucknow,North,2026-05-10,121.1,64.6,100.6
2786,Lucknow,North,2026-05-11,117.4,66.2,104.6
2787,Lucknow,North,2026-05-12,133.4,72.0,111.1
2788,Lucknow,North,2026-05-13,117.1,61.3,98.1
2789,Lucknow,North,2026-05-14,122.9,66.5,105.4
2790,Lucknow,North,2026-05-15,134.8,71.4,112.8
2791,Lucknow,North,2026-05-16,131.4,72.8,106.6
2792,Lucknow,North,2026-05-17,111.2,63.4,87.9
2793,Lucknow,North,2026-05-18,129.8,67.3,120.2
2794,Lucknow,North,2026-05-19,112.8,68.9,99.9
2795,Lucknow,North,2026-05-20,141.4,82.4,123.0
2796,Lucknow,North,2026-05-21,121.9,76.4,101.1
2797,Lucknow,North,2026-05-22,127.7,64.9,108.4
2798,Lucknow,North,2026-05-23,132.4,70.0,113.2
2799,Lucknow,North,2026-05-24,122.2,65.8,107.4
2800,Lucknow,North,2026-05-25,135.7,71.7,105.2
2801,Lucknow,North,2026-05-26,131.0,67.8,108.6
2802,Lucknow,North,2026-05-27,116.0,67.6,111.2
2803,Lucknow,North,2026-05-28,118.8,73.7,101.8
2804,Lucknow,North,2026-05-29,121.7,71.2,114.5
2805,Lucknow,North,2026-05-30,,,
2806,Lucknow,North,2026-05-31,135.9,63.8,114.4
2807,Lucknow,North,2026-06-01,71.8,37.1,61.6
2808,Lucknow,North,2026-06-02,75.5,39.9,76.1
2809,Lucknow,North,2026-06-03,62.1,34.7,56.1
2810,Lucknow,North,2026-06-04,64.2,30.8,47.8
2811,Lucknow,North,2026-06-05,91.0,45.7,80.1
2812,Lucknow,North,2026-06-06,67.1,31.9,59.5
2813,Lucknow,North,2026-06-07,90.7,44.5,70.9
2814,Lucknow,North,2026-06-08,83.9,42.2,64.3
2815,Lucknow,North,2026-06-09,68.2,38.5,42.4
2816,Lucknow,North,2026-06-10,101.4,61.8,93.3
2817,Lucknow,North,2026-06-11,78.3,40.2,69.4
2818,Lucknow,North,2026-06-12,67.8,45.5,53.7
2819,Lucknow,North,2026-06-13,94.7,55.0,77.6
2820,Lucknow,North,2026-06-14,78.0,39.4,66.6
2821,Lucknow,North,2026-06-15,87.8,48.1,72.3
2822,Lucknow,North,2026-06-16,81.1,49.3,73.9
2823,Lucknow,North,2026-06-17,86.7,45.0,70.6
2824,Lucknow,North,2026-06-18,86.6,45.9,69.3
2825,Lucknow,North,2026-06-19,96.9,53.5,83.4
2826,Lucknow,North,2026-06-20,73.9,41.5,67.3
2827,Lucknow,North,2026-06-21,84.0,40.2,68.2
2828,Lucknow,North,2026-06-22,87.1,48.6,79.6
2829,Lucknow,North,2026-06-23,77.1,41.9,70.5
2830,Lucknow,North,2026-06-24,80.1,47.2,57.4
2831,Lucknow,North,2026-06-25,69.3,41.5,63.2
2832,Lucknow,North,2026-06-26,89.6,52.6,81.2
2833,Lucknow,North,2026-06-27,67.4,43.0,62.0
2834,Lucknow,North,2026-06-28,66.6,31.2,58.5
2835,Lucknow,North,2026-06-29,72.5,41.6,59.4
2836,Lucknow,North,2026-06-30,62.8,30.9,50.6
2837,Lucknow,North,2026-07-01,80.2,46.9,63.8
2838,Lucknow,North,2026-07-02,85.9,46.0,71.7
2839,Lucknow,North,2026-07-03,53.2,26.9,36.2
2840,Lucknow,North,2026-07-04,88.3,52.5,77.1
2841,Lucknow,North,2026-07-05,104.7,58.3,93.4
2842,Lucknow,North,2026-07-06,76.3,43.0,58.3
2843,Lucknow,North,2026-07-07,76.8,45.9,64.7
2844,Lucknow,North,2026-07-08,76.4,41.2,67.3
2845,Lucknow,North,2026-07-09,96.5,46.8,81.4
2846,Lucknow,North,2026-07-10,78.7,42.0,66.2
2847,Lucknow,North,2026-07-11,86.4,51.8,62.7
2848,Lucknow,North,2026-07-12,66.3,36.5,47.2
2849,Lucknow,North,2026-07-13,85.6,43.3,71.4
2850,Lucknow,North,2026-07-14,66.4,32.5,71.9
2851,Lucknow,North,2026-07-15,76.2,47.2,63.9
2852,Lucknow,North,2026-07-16,87.6,44.6,76.7
2853,Lucknow,North,2026-07-17,73.8,28.9,46.4
2854,Lucknow,North,2026-07-18,78.5,45.3,61.4
2855,Lucknow,North,2026-07-19,67.3,34.3,66.2
2856,Lucknow,North,2026-07-20,58.0,34.0,55.4
2857,Lucknow,North,2026-07-21,63.7,30.8,51.0
2858,Lucknow,North,2026-07-22,71.8,42.7,60.7
2859,Lucknow,North,2026-07-23,73.5,41.3,68.9
2860,Lucknow,North,2026-07-24,75.4,37.7,68.8
2861,Lucknow,North,2026-07-25,100.5,61.0,89.5
2862,Lucknow,North,2026-07-26,78.1,45.8,69.2
2863,Lucknow,North,2026-07-27,87.8,47.9,80.4
2864,Lucknow,North,2026-07-28,91.1,44.9,81.3
2865,Lucknow,North,2026-07-29,68.9,38.2,57.4
2866,Lucknow,North,2026-07-30,86.6,45.5,71.2
2867,Lucknow,North,2026-07-31,74.8,39.0,54.9
2868,Lucknow,North,2026-08-01,87.2,45.5,76.0
2869,Lucknow,North,2026-08-02,80.9,46.0,72.0
2870,Lucknow,North,2026-08-03,65.6,35.5,56.7
2871,Lucknow,North,2026-08-04,72.8,37.3,63.9
2872,Lucknow,North,2026-08-05,96.3,55.0,85.9
2873,Lucknow,North,2026-08-06,84.9,54.2,72.3
2874,Lucknow,North,2026-08-07,92.0,63.9,80.3
2875,Lucknow,North,2026-08-08,81.1,38.4,59.3
2876,Lucknow,North,2026-08-09,106.6,58.8,85.2
2877,Lucknow,North,2026-08-10,75.4,37.0,63.9
2878,Lucknow,North,2026-08-11,73.5,42.7,71.3
2879,Lucknow,North,2026-08-12,87.1,48.1,74.2
2880,Lucknow,North,2026-08-13,97.7,48.5,77.3
2881,Lucknow,North,2026-08-14,74.7,36.3,66.5
2882,Lucknow,North,2026-08-15,76.8,38.4,68.5
2883,Lucknow,North,2026-08-16,80.3,45.8,68.2
2884,Lucknow,North,2026-08-17,75.1,37.1,66.5
2885,Lucknow,North,2026-08-18,70.4,42.8,61.3
2886,Lucknow,North,2026-08-19,80.9,41.3,78.5
2887,Kolkata,East,2024-01-01,166.8,93.9,138.0
2888,Kolkata,East,2024-01-02,183.8,102.8,162.4
2889,Kolkata,East,2024-01-03,179.9,98.5,147.8
2890,Kolkata,East,2024-01-04,170.9,91.5,143.2
2891,Kolkata,East,2024-01-05,190.4,108.5,164.0
2892,Kolkata,East,2024-01-06,178.4,101.8,153.3
2893,Kolkata,East,2024-01-07,170.0,94.2,147.8
2894,Kolkata,East,2024-01-08,195.1,103.1,166.6
2895,Kolkata,East,2024-01-09,164.6,100.2,137.3
2896,Kolkata,East,2024-01-10,185.9,105.0,161.5
2897,Kolkata,East,2024-01-11,183.7,103.1,155.0
2898,Kolkata,East,2024-01-12,193.5,102.3,154.1
2899,Kolkata,East,2024-01-13,162.1,92.3,134.5
2900,Kolkata,East,2024-01-14,172.4,98.9,151.3
2901,Kolkata,East,2024-01-15,176.2,101.7,150.8
2902,Kolkata,East,2024-01-16,184.2,102.6,166.3
2903,Kolkata,East,2024-01-17,184.5,102.3,164.6
2904,Kolkata,East,2024-01-18,182.7,104.4,158.3
2905,Kolkata,East,2024-01-19,158.4,85.8,141.1
2906,Kolkata,East,2024-01-20,187.3,97.7,154.9
2907,Kolkata,East,2024-01-21,147.9,76.8,130.3
2908,Kolkata,East,2024-01-22,164.7,93.2,149.4
2909,Kolkata,East,2024-01-23,151.5,84.5,131.7
2910,Kolkata,East,2024-01-24,177.3,102.3,158.7
2911,Kolkata,East,2024-01-25,179.1,95.6,160.2
2912,Kolkata,East,2024-01-26,197.7,105.2,168.6
2913,Kolkata,East,2024-01-27,176.7,96.6,152.9
2914,Kolkata,East,2024-01-28,176.1,102.1,149.0
2915,Kolkata,East,2024-01-29,170.8,102.4,152.9
2916,Kolkata,East,2024-01-30,167.2,88.0,143.1
2917,Kolkata,East,2024-01-31,178.9,98.3,145.1
2918,Kolkata,East,2024-02-01,122.5,65.4,105.2
2919,Kolkata,East,2024-02-02,140.2,82.2,115.8
2920,Kolkata,East,2024-02-03,126.7,63.3,102.3
2921,Kolkata,East,2024-02-04,133.4,72.6,112.8
2922,Kolkata,East,2024-02-05,138.5,75.0,109.7
2923,Kolkata,East,2024-02-06,138.3,77.8,113.3
2924,Kolkata,East,2024-02-07,175.0,86.6,140.1
2925,Kolkata,East,2024-02-08,129.0,68.9,104.5
2926,Kolkata,East,2024-02-09,138.6,81.0,121.4
2927,Kolkata,East,2024-02-10,138.4,82.6,109.0
2928,Kolkata,East,2024-02-11,133.5,74.0,111.9
2929,Kolkata,East,2024-02-12,134.1,73.1,110.4
2930,Kolkata,East,2024-02-13,121.5,62.7,101.7
2931,Kolkata,East,2024-02-14,140.4,79.4,124.0
2932,Kolkata,East,2024-02-15,106.4,55.0,83.6
2933,Kolkata,East,2024-02-16,135.2,74.5,112.6
2934,Kolkata,East,2024-02-17,147.0,79.0,125.8
2935,Kolkata,East,2024-02-18,141.6,79.8,118.5
2936,Kolkata,East,2024-02-19,151.5,86.2,134.6
2937,Kolkata,East,2024-02-20,138.0,76.7,112.7
2938,Kolkata,East,2024-02-21,112.1,57.2,86.0
2939,Kolkata,East,2024-02-22,134.6,68.3,111.3
2940,Kolkata,East,2024-02-23,123.8,68.1,104.1
2941,Kolkata,East,2024-02-24,151.5,86.9,138.1
2942,Kolkata,East,2024-02-25,136.3,67.9,121.8
2943,Kolkata,East,2024-02-26,158.4,85.6,143.2
2944,Kolkata,East,2024-02-27,133.1,73.7,112.5
2945,Kolkata,East,2024-02-28,127.9,68.6,98.4
2946,Kolkata,East,2024-02-29,137.1,76.0,120.9
2947,Kolkata,East,2024-03-01,134.5,75.7,127.8
2948,Kolkata,East,2024-03-02,147.1,80.4,126.6
2949,Kolkata,East,2024-03-03,135.4,79.7,112.1
2950,Kolkata,East,2024-03-04,147.8,83.0,109.9
2951,Kolkata,East,2024-03-05,140.7,75.2,114.2
2952,Kolkata,East,2024-03-06,135.0,75.5,129.5
2953,Kolkata,East,2024-03-07,136.0,71.4,115.0
2954,Kolkata,East,2024-03-08,140.7,73.7,118.2
2955,Kolkata,East,2024-03-09,115.8,58.8,95.9
2956,Kolkata,East,2024-03-10,143.9,75.6,117.3
2957,Kolkata,East,2024-03-11,,,
2958,Kolkata,East,2024-03-12,124.1,75.1,102.7
2959,Kolkata,East,2024-03-13,151.6,83.9,139.5
2960,Kolkata,East,2024-03-14,123.3,68.5,90.5
2961,Kolkata,East,2024-03-15,150.6,85.3,125.9
2962,Kolkata,East,2024-03-16,159.3,99.1,144.5
2963,Kolkata,East,2024-03-17,154.2,85.1,126.3
2964,Kolkata,East,2024-03-18,,,
2965,Kolkata,East,2024-03-19,132.8,79.9,115.1
2966,Kolkata,East,2024-03-20,120.1,62.7,109.8
2967,Kolkata,East,2024-03-21,122.5,65.6,95.8
2968,Kolkata,East,2024-03-22,134.4,71.5,120.4
2969,Kolkata,East,2024-03-23,123.2,66.1,90.5
2970,Kolkata,East,2024-03-24,150.8,87.8,126.5
2971,Kolkata,East,2024-03-25,136.9,77.1,122.8
2972,Kolkata,East,2024-03-26,115.2,59.8,111.6
2973,Kolkata,East,2024-03-27,149.1,84.4,127.0
2974,Kolkata,East,2024-03-28,145.2,83.5,128.8
2975,Kolkata,East,2024-03-29,122.4,67.5,106.5
2976,Kolkata,East,2024-03-30,138.9,72.3,116.8
2977,Kolkata,East,2024-03-31,123.5,66.3,106.4
2978,Kolkata,East,2024-04-01,92.1,53.1,84.5
2979,Kolkata,East,2024-04-02,87.1,43.0,74.5
2980,Kolkata,East,2024-04-03,79.8,37.2,64.1
2981,Kolkata,East,2024-04-04,90.2,53.8,76.1
2982,Kolkata,East,2024-04-05,68.4,37.5,53.8
2983,Kolkata,East,2024-04-06,100.3,50.2,90.5
2984,Kolkata,East,2024-04-07,82.4,46.9,65.8
2985,Kolkata,East,2024-04-08,91.4,50.3,76.7
2986,Kolkata,East,2024-04-09,72.2,37.5,50.1
2987,Kolkata,East,2024-04-10,91.4,49.1,86.7
2988,Kolkata,East,2024-04-11,66.9,43.2,59.7
2989,Kolkata,East,2024-04-12,79.7,45.9,60.2
2990,Kolkata,East,2024-04-13,68.6,42.7,46.3
2991,Kolkata,East,2024-04-14,85.3,52.5,73.3
2992,Kolkata,East,2024-04-15,101.3,54.9,82.1
2993,Kolkata,East,2024-04-16,99.3,58.3,84.0
2994,Kolkata,East,2024-04-17,102.0,51.6,93.1
2995,Kolkata,East,2024-04-18,80.5,45.3,69.2
2996,Kolkata,East,2024-04-19,87.5,50.4,83.1
2997,Kolkata,East,2024-04-20,102.4,56.8,87.7
2998,Kolkata,East,2024-04-21,73.5,47.2,68.3
2999,Kolkata,East,2024-04-22,77.9,43.7,75.6
3000,Kolkata,East,2024-04-23,77.1,43.7,65.8
3001,Kolkata,East,2024-04-24,82.1,45.7,58.0
3002,Kolkata,East,2024-04-25,97.5,52.0,83.9
3003,Kolkata,East,2024-04-26,68.5,47.2,62.0
3004,Kolkata,East,2024-04-27,62.0,31.8,50.9
3005,Kolkata,East,2024-04-28,73.6,35.1,54.8
3006,Kolkata,East,2024-04-29,75.0,42.0,65.3
3007,Kolkata,East,2024-04-30,100.6,54.7,72.0
3008,Kolkata,East,2024-05-01,83.4,50.3,63.8
3009,Kolkata,East,2024-05-02,87.3,49.4,68.1
3010,Kolkata,East,2024-05-03,82.6,41.4,79.0
3011,Kolkata,East,2024-05-04,,,
3012,Kolkata,East,2024-05-05,93.2,47.8,71.3
3013,Kolkata,East,2024-05-06,67.8,32.2,62.6
3014,Kolkata,East,2024-05-07,98.3,60.2,75.6
3015,Kolkata,East,2024-05-08,85.0,51.7,83.1
3016,Kolkata,East,2024-05-09,81.1,43.1,66.7
3017,Kolkata,East,2024-05-10,90.4,53.0,82.8
3018,Kolkata,East,2024-05-11,79.7,49.8,61.8
3019,Kolkata,East,2024-05-12,92.8,56.5,85.7
3020,Kolkata,East,2024-05-13,90.5,48.3,76.6
3021,Kolkata,East,2024-05-14,76.5,39.4,59.2
3022,Kolkata,East,2024-05-15,98.6,49.6,79.8
3023,Kolkata,East,2024-05-16,101.5,57.5,96.9
3024,Kolkata,East,2024-05-17,104.2,59.2,95.5
3025,Kolkata,East,2024-05-18,72.0,40.8,72.1
3026,Kolkata,East,2024-05-19,91.3,51.6,94.3
3027,Kolkata,East,2024-05-20,95.6,47.1,88.6
3028,Kolkata,East,2024-05-21,55.6,32.9,50.0
3029,Kolkata,East,2024-05-22,80.4,41.4,66.2
3030,Kolkata,East,2024-05-23,118.8,61.2,96.6
3031,Kolkata,East,2024-05-24,83.7,44.7,82.0
3032,Kolkata,East,2024-05-25,90.0,49.2,81.5
3033,Kolkata,East,2024-05-26,89.8,49.0,75.0
3034,Kolkata,East,2024-05-27,84.3,46.2,69.7
3035,Kolkata,East,2024-05-28,85.4,52.4,65.6
3036,Kolkata,East,2024-05-29,90.8,53.3,77.2
3037,Kolkata,East,2024-05-30,85.7,52.1,70.9
3038,Kolkata,East,2024-05-31,93.3,53.9,81.1
3039,Kolkata,East,2024-06-01,58.7,36.0,59.2
3040,Kolkata,East,2024-06-02,43.3,28.4,33.3
3041,Kolkata,East,2024-06-03,45.5,26.1,40.4
3042,Kolkata,East,2024-06-04,35.3,26.3,27.9
3043,Kolkata,East,2024-06-05,64.3,37.3,58.9
3044,Kolkata,East,2024-06-06,57.1,33.0,49.6
3045,Kolkata,East,2024-06-07,52.0,33.5,45.7
3046,Kolkata,East,2024-06-08,60.3,31.3,48.0
3047,Kolkata,East,2024-06-09,58.2,26.7,58.6
3048,Kolkata,East,2024-06-10,51.5,27.4,41.3
3049,Kolkata,East,2024-06-11,57.7,34.2,53.8
3050,Kolkata,East,2024-06-12,48.1,22.4,40.6
3051,Kolkata,East,2024-06-13,54.5,27.4,54.2
3052,Kolkata,East,2024-06-14,43.7,20.9,43.2
3053,Kolkata,East,2024-06-15,51.2,27.7,38.9
3054,Kolkata,East,2024-06-16,41.0,19.9,25.1
3055,Kolkata,East,2024-06-17,64.3,36.8,66.3
3056,Kolkata,East,2024-06-18,54.7,28.2,52.8
3057,Kolkata,East,2024-06-19,49.5,31.4,39.5
3058,Kolkata,East,2024-06-20,34.2,17.7,27.6
3059,Kolkata,East,2024-06-21,61.9,32.5,54.4
3060,Kolkata,East,2024-06-22,58.5,28.9,43.4
3061,Kolkata,East,2024-06-23,46.7,19.4,40.4
3062,Kolkata,East,2024-06-24,63.0,33.5,50.0
3063,Kolkata,East,2024-06-25,41.5,25.5,41.7
3064,Kolkata,East,2024-06-26,29.8,24.6,34.6
3065,Kolkata,East,2024-06-27,49.1,27.1,42.8
3066,Kolkata,East,2024-06-28,60.0,31.7,53.6
3067,Kolkata,East,2024-06-29,62.9,44.3,53.2
3068,Kolkata,East,2024-06-30,47.8,30.4,40.7
3069,Kolkata,East,2024-07-01,57.2,31.9,46.7
3070,Kolkata,East,2024-07-02,50.1,25.8,38.3
3071,Kolkata,East,2024-07-03,50.2,34.9,42.5
3072,Kolkata,East,2024-07-04,46.2,21.6,46.4
3073,Kolkata,East,2024-07-05,48.3,27.3,31.1
3074,Kolkata,East,2024-07-06,31.0,18.1,16.7
3075,Kolkata,East,2024-07-07,57.8,35.2,44.4
3076,Kolkata,East,2024-07-08,49.3,25.4,37.9
3077,Kolkata,East,2024-07-09,50.5,26.1,41.7
3078,Kolkata,East,2024-07-10,55.7,32.6,50.1
3079,Kolkata,East,2024-07-11,55.7,27.7,50.3
3080,Kolkata,East,2024-07-12,64.3,36.0,52.6
3081,Kolkata,East,2024-07-13,79.9,35.4,71.6
3082,Kolkata,East,2024-07-14,57.8,37.6,59.9
3083,Kolkata,East,2024-07-15,62.6,32.8,56.6
3084,Kolkata,East,2024-07-16,,,
3085,Kolkata,East,2024-07-17,60.9,26.8,50.0
3086,Kolkata,East,2024-07-18,57.6,30.9,47.1
3087,Kolkata,East,2024-07-19,46.6,24.8,48.2
3088,Kolkata,East,2024-07-20,48.5,21.8,35.4
3089,Kolkata,East,2024-07-21,50.3,30.4,41.3
3090,Kolkata,East,2024-07-22,64.2,40.7,49.7
3091,Kolkata,East,2024-07-23,57.9,30.8,54.7
3092,Kolkata,East,2024-07-24,64.7,37.1,48.7
3093,Kolkata,East,2024-07-25,51.2,27.9,43.1
3094,Kolkata,East,2024-07-26,48.0,27.4,43.4
3095,Kolkata,East,2024-07-27,58.8,29.4,47.8
3096,Kolkata,East,2024-07-28,41.8,20.2,39.1
3097,Kolkata,East,2024-07-29,52.7,28.4,51.0
3098,Kolkata,East,2024-07-30,48.5,26.7,32.9
3099,Kolkata,East,2024-07-31,65.6,35.4,60.4
3100,Kolkata,East,2024-08-01,63.9,35.0,57.5
3101,Kolkata,East,2024-08-02,38.5,19.2,21.8
3102,Kolkata,East,2024-08-03,66.3,38.8,64.6
3103,Kolkata,East,2024-08-04,70.6,44.9,59.0
3104,Kolkata,East,2024-08-05,38.1,19.5,44.5
3105,Kolkata,East,2024-08-06,61.6,38.5,56.9
3106,Kolkata,East,2024-08-07,62.0,32.9,46.4
3107,Kolkata,East,2024-08-08,65.5,32.6,65.3
3108,Kolkata,East,2024-08-09,61.7,36.6,52.7
3109,Kolkata,East,2024-08-10,35.6,16.3,35.9
3110,Kolkata,East,2024-08-11,40.8,17.9,43.4
3111,Kolkata,East,2024-08-12,31.1,16.9,28.7
3112,Kolkata,East,2024-08-13,78.1,47.2,69.1
3113,Kolkata,East,2024-08-14,35.0,18.3,20.0
3114,Kolkata,East,2024-08-15,58.4,26.8,55.6
3115,Kolkata,East,2024-08-16,62.7,32.5,55.9
3116,Kolkata,East,2024-08-17,57.8,32.3,49.3
3117,Kolkata,East,2024-08-18,63.8,35.5,52.2
3118,Kolkata,East,2024-08-19,59.7,30.2,58.0
3119,Kolkata,East,2024-08-20,64.9,27.9,53.6
3120,Kolkata,East,2024-08-21,53.8,29.4,48.7
3121,Kolkata,East,2024-08-22,70.7,44.7,49.0
3122,Kolkata,East,2024-08-23,65.5,28.8,61.9
3123,Kolkata,East,2024-08-24,60.5,30.3,48.7
3124,Kolkata,East,2024-08-25,49.6,32.1,39.0
3125,Kolkata,East,2024-08-26,50.4,29.4,52.5
3126,Kolkata,East,2024-08-27,48.5,27.8,37.1
3127,Kolkata,East,2024-08-28,67.1,32.5,59.4
3128,Kolkata,East,2024-08-29,59.9,31.5,57.7
3129,Kolkata,East,2024-08-30,77.0,42.5,67.5
3130,Kolkata,East,2024-08-31,57.5,36.3,53.7
3131,Kolkata,East,2024-09-01,56.2,30.7,43.5
3132,Kolkata,East,2024-09-02,52.1,28.8,54.2
3133,Kolkata,East,2024-09-03,65.4,27.8,52.7
3134,Kolkata,East,2024-09-04,69.5,42.7,48.9
3135,Kolkata,East,2024-09-05,53.9,35.8,41.8
3136,Kolkata,East,2024-09-06,50.4,28.1,36.9
3137,Kolkata,East,2024-09-07,67.6,38.0,58.7
3138,Kolkata,East,2024-09-08,47.3,30.2,38.3
3139,Kolkata,East,2024-09-09,45.8,24.6,31.3
3140,Kolkata,East,2024-09-10,,,
3141,Kolkata,East,2024-09-11,44.6,24.6,39.8
3142,Kolkata,East,2024-09-12,59.9,33.9,41.2
3143,Kolkata,East,2024-09-13,49.6,18.7,46.3
3144,Kolkata,East,2024-09-14,59.9,36.2,41.9
3145,Kolkata,East,2024-09-15,31.3,17.5,20.8
3146,Kolkata,East,2024-09-16,41.1,19.4,25.9
3147,Kolkata,East,2024-09-17,33.4,19.7,30.1
3148,Kolkata,East,2024-09-18,63.8,36.3,54.7
3149,Kolkata,East,2024-09-19,60.0,31.7,51.6
3150,Kolkata,East,2024-09-20,52.8,20.1,47.0
3151,Kolkata,East,2024-09-21,75.0,47.2,62.3
3152,Kolkata,East,2024-09-22,59.0,33.2,60.3
3153,Kolkata,East,2024-09-23,74.4,37.9,58.6
3154,Kolkata,East,2024-09-24,49.5,24.9,51.1
3155,Kolkata,East,2024-09-25,32.4,13.4,19.2
3156,Kolkata,East,2024-09-26,47.0,28.3,33.5
3157,Kolkata,East,2024-09-27,64.3,41.8,55.6
3158,Kolkata,East,2024-09-28,69.1,37.1,60.8
3159,Kolkata,East,2024-09-29,51.7,32.8,45.9
3160,Kolkata,East,2024-09-30,62.8,38.0,59.5
3161,Kolkata,East,2024-10-01,123.8,69.2,101.0
3162,Kolkata,East,2024-10-02,130.4,71.7,114.4
3163,Kolkata,East,2024-10-03,134.8,73.2,122.3
3164,Kolkata,East,2024-10-04,140.5,69.0,121.8
3165,Kolkata,East,2024-10-05,129.7,73.9,114.8
3166,Kolkata,East,2024-10-06,154.8,83.8,136.7
3167,Kolkata,East,2024-10-07,133.1,70.6,104.1
3168,Kolkata,East,2024-10-08,138.3,81.8,116.4
3169,Kolkata,East,2024-10-09,147.6,81.5,130.3
3170,Kolkata,East,2024-10-10,133.3,75.5,107.5
3171,Kolkata,East,2024-10-11,143.7,86.4,128.6
3172,Kolkata,East,2024-10-12,128.9,63.6,110.8
3173,Kolkata,East,2024-10-13,121.9,66.6,109.6
3174,Kolkata,East,2024-10-14,108.7,58.8,91.5
3175,Kolkata,East,2024-10-15,143.8,80.8,132.3
3176,Kolkata,East,2024-10-16,140.4,80.0,107.6
3177,Kolkata,East,2024-10-17,135.2,73.2,114.7
3178,Kolkata,East,2024-10-18,147.5,76.4,110.4
3179,Kolkata,East,2024-10-19,156.7,85.6,131.0
3180,Kolkata,East,2024-10-20,152.0,86.9,130.5
3181,Kolkata,East,2024-10-21,139.0,79.5,113.0
3182,Kolkata,East,2024-10-22,136.8,83.5,119.9
3183,Kolkata,East,2024-10-23,139.2,84.6,120.1
3184,Kolkata,East,2024-10-24,155.0,86.8,130.9
3185,Kolkata,East,2024-10-25,140.5,78.7,111.7
3186,Kolkata,East,2024-10-26,160.1,90.4,149.4
3187,Kolkata,East,2024-10-27,127.1,68.7,101.1
3188,Kolkata,East,2024-10-28,133.8,76.4,126.5
3189,Kolkata,East,2024-10-29,130.5,70.8,117.1
3190,Kolkata,East,2024-10-30,141.9,75.7,118.3
3191,Kolkata,East,2024-10-31,127.9,75.4,105.7
3192,Kolkata,East,2024-11-01,211.8,121.4,177.0
3193,Kolkata,East,2024-11-02,228.0,120.0,190.4
3194,Kolkata,East,2024-11-03,232.0,130.2,192.1
3195,Kolkata,East,2024-11-04,201.8,104.7,173.8
3196,Kolkata,East,2024-11-05,212.6,118.3,180.5
3197,Kolkata,East,2024-11-06,203.5,117.0,164.2
3198,Kolkata,East,2024-11-07,173.6,90.8,149.1
3199,Kolkata,East,2024-11-08,167.1,93.0,140.3
3200,Kolkata,East,2024-11-09,145.7,82.7,113.2
3201,Kolkata,East,2024-11-10,159.4,84.9,136.7
3202,Kolkata,East,2024-11-11,155.9,85.2,133.2
3203,Kolkata,East,2024-11-12,193.3,103.8,166.1
3204,Kolkata,East,2024-11-13,178.3,97.5,152.9
3205,Kolkata,East,2024-11-14,182.0,97.7,137.8
3206,Kolkata,East,2024-11-15,167.1,93.3,145.3
3207,Kolkata,East,2024-11-16,176.4,101.9,150.6
3208,Kolkata,East,2024-11-17,163.5,85.6,131.4
3209,Kolkata,East,2024-11-18,181.9,97.8,150.0
3210,Kolkata,East,2024-11-19,188.2,98.4,165.3
3211,Kolkata,East,2024-11-20,158.3,85.1,131.6
3212,Kolkata,East,2024-11-21,174.8,94.8,154.2
3213,Kolkata,East,2024-11-22,162.8,97.1,136.2
3214,Kolkata,East,2024-11-23,148.4,77.8,120.5
3215,Kolkata,East,2024-11-24,173.5,90.0,154.5
3216,Kolkata,East,2024-11-25,159.1,85.5,141.7
3217,Kolkata,East,2024-11-26,144.5,88.0,117.6
3218,Kolkata,East,2024-11-27,146.8,86.8,123.5
3219,Kolkata,East,2024-11-28,148.5,84.2,136.0
3220,Kolkata,East,2024-11-29,189.6,106.7,155.2
3221,Kolkata,East,2024-11-30,163.6,93.4,141.8
3222,Kolkata,East,2024-12-01,166.5,97.5,133.8
3223,Kolkata,East,2024-12-02,190.0,100.1,158.5
3224,Kolkata,East,2024-12-03,169.0,96.2,151.1
3225,Kolkata,East,2024-12-04,151.1,79.4,124.2
3226,Kolkata,East,2024-12-05,168.4,89.4,136.5
3227,Kolkata,East,2024-12-06,188.6,106.7,160.6
3228,Kolkata,East,2024-12-07,181.5,99.0,144.9
3229,Kolkata,East,2024-12-08,147.2,83.5,124.8
3230,Kolkata,East,2024-12-09,169.1,88.9,144.7
3231,Kolkata,East,2024-12-10,173.1,100.9,155.1
3232,Kolkata,East,2024-12-11,162.6,97.1,144.1
3233,Kolkata,East,2024-12-12,189.2,103.5,167.3
3234,Kolkata,East,2024-12-13,151.0,88.1,124.0
3235,Kolkata,East,2024-12-14,175.6,94.0,149.5
3236,Kolkata,East,2024-12-15,171.4,89.1,146.8
3237,Kolkata,East,2024-12-16,182.5,100.9,162.5
3238,Kolkata,East,2024-12-17,198.9,110.1,177.9
3239,Kolkata,East,2024-12-18,172.9,90.6,152.2
3240,Kolkata,East,2024-12-19,155.7,86.0,146.7
3241,Kolkata,East,2024-12-20,162.0,84.7,135.7
3242,Kolkata,East,2024-12-21,176.0,100.5,146.3
3243,Kolkata,East,2024-12-22,162.8,92.2,138.2
3244,Kolkata,East,2024-12-23,183.2,97.6,164.7
3245,Kolkata,East,2024-12-24,174.0,95.7,138.2
3246,Kolkata,East,2024-12-25,166.6,91.4,148.9
3247,Kolkata,East,2024-12-26,172.6,91.0,138.4
3248,Kolkata,East,2024-12-27,181.5,95.2,165.3
3249,Kolkata,East,2024-12-28,173.7,93.6,142.8
3250,Kolkata,East,2024-12-29,187.7,102.8,160.8
3251,Kolkata,East,2024-12-30,145.6,80.8,117.7
3252,Kolkata,East,2024-12-31,142.3,77.4,120.3
3253,Kolkata,East,2025-01-01,155.0,97.0,124.7
3254,Kolkata,East,2025-01-02,159.2,88.8,137.4
3255,Kolkata,East,2025-01-03,173.7,94.5,157.3
3256,Kolkata,East,2025-01-04,160.2,80.5,129.8
3257,Kolkata,East,2025-01-05,168.3,93.0,155.5
3258,Kolkata,East,2025-01-06,169.1,91.2,140.5
3259,Kolkata,East,2025-01-07,160.0,91.1,128.7
3260,Kolkata,East,2025-01-08,187.3,99.2,155.2
3261,Kolkata,East,2025-01-09,170.8,87.2,146.1
3262,Kolkata,East,2025-01-10,,,
3263,Kolkata,East,2025-01-11,140.1,78.6,112.9
3264,Kolkata,East,2025-01-12,158.0,83.5,146.8
3265,Kolkata,East,2025-01-13,164.8,90.7,145.8
3266,Kolkata,East,2025-01-14,192.8,104.5,164.8
3267,Kolkata,East,2025-01-15,173.4,95.8,146.1
3268,Kolkata,East,2025-01-16,156.0,83.7,127.7
3269,Kolkata,East,2025-01-17,157.7,84.5,133.7
3270,Kolkata,East,2025-01-18,161.7,87.3,143.0
3271,Kolkata,East,2025-01-19,179.2,94.6,141.1
3272,Kolkata,East,2025-01-20,201.4,110.0,182.1
3273,Kolkata,East,2025-01-21,169.4,100.5,146.7
3274,Kolkata,East,2025-01-22,169.1,90.7,142.7
3275,Kolkata,East,2025-01-23,158.8,88.6,134.7
3276,Kolkata,East,2025-01-24,176.6,99.4,143.4
3277,Kolkata,East,2025-01-25,173.9,95.8,154.4
3278,Kolkata,East,2025-01-26,190.4,103.1,148.8
3279,Kolkata,East,2025-01-27,169.5,93.0,137.9
3280,Kolkata,East,2025-01-28,175.0,95.3,152.8
3281,Kolkata,East,2025-01-29,154.4,86.0,129.9
3282,Kolkata,East,2025-01-30,167.2,95.9,138.3
3283,Kolkata,East,2025-01-31,164.9,93.8,130.7
3284,Kolkata,East,2025-02-01,,,
3285,Kolkata,East,2025-02-02,152.2,90.4,129.8
3286,Kolkata,East,2025-02-03,122.2,59.8,105.6
3287,Kolkata,East,2025-02-04,153.3,78.0,129.8
3288,Kolkata,East,2025-02-05,153.8,87.7,129.3
3289,Kolkata,East,2025-02-06,159.8,82.4,138.8
3290,Kolkata,East,2025-02-07,147.4,75.3,121.9
3291,Kolkata,East,2025-02-08,129.2,82.3,109.1
3292,Kolkata,East,2025-02-09,133.1,70.7,128.8
3293,Kolkata,East,2025-02-10,159.4,83.9,130.6
3294,Kolkata,East,2025-02-11,142.0,78.8,122.8
3295,Kolkata,East,2025-02-12,125.6,61.5,107.6
3296,Kolkata,East,2025-02-13,122.9,78.3,105.6
3297,Kolkata,East,2025-02-14,,,
3298,Kolkata,East,2025-02-15,137.5,71.1,116.9
3299,Kolkata,East,2025-02-16,140.9,77.6,102.5
3300,Kolkata,East,2025-02-17,142.1,74.9,126.8
3301,Kolkata,East,2025-02-18,136.1,74.8,118.7
3302,Kolkata,East,2025-02-19,127.0,70.1,105.8
3303,Kolkata,East,2025-02-20,141.9,81.8,115.6
3304,Kolkata,East,2025-02-21,129.7,68.1,121.5
3305,Kolkata,East,2025-02-22,125.5,68.8,105.3
3306,Kolkata,East,2025-02-23,123.7,70.3,103.5
3307,Kolkata,East,2025-02-24,148.1,77.7,128.1
3308,Kolkata,East,2025-02-25,162.5,93.1,138.1
3309,Kolkata,East,2025-02-26,146.4,75.6,127.6
3310,Kolkata,East,2025-02-27,139.8,79.1,122.3
3311,Kolkata,East,2025-02-28,144.1,76.9,119.4
3312,Kolkata,East,2025-03-01,122.6,69.5,93.3
3313,Kolkata,East,2025-03-02,133.8,70.3,115.0
3314,Kolkata,East,2025-03-03,162.5,87.2,144.8
3315,Kolkata,East,2025-03-04,152.2,79.1,128.4
3316,Kolkata,East,2025-03-05,138.1,72.6,114.8
3317,Kolkata,East,2025-03-06,132.4,73.5,109.3
3318,Kolkata,East,2025-03-07,149.0,84.3,126.2
3319,Kolkata,East,2025-03-08,138.8,69.4,108.9
3320,Kolkata,East,2025-03-09,118.7,66.1,110.0
3321,Kolkata,East,2025-03-10,129.2,66.4,104.1
3322,Kolkata,East,2025-03-11,137.5,70.4,111.5
3323,Kolkata,East,2025-03-12,143.0,83.6,122.2
3324,Kolkata,East,2025-03-13,134.7,72.8,117.9
3325,Kolkata,East,2025-03-14,99.7,55.6,85.9
3326,Kolkata,East,2025-03-15,130.9,70.5,113.7
3327,Kolkata,East,2025-03-16,129.1,73.5,104.9
3328,Kolkata,East,2025-03-17,139.8,80.5,112.6
3329,Kolkata,East,2025-03-18,147.0,82.4,126.6
3330,Kolkata,East,2025-03-19,150.7,84.6,122.8
3331,Kolkata,East,2025-03-20,142.7,83.1,119.2
3332,Kolkata,East,2025-03-21,132.0,71.5,109.3
3333,Kolkata,East,2025-03-22,125.3,71.9,113.1
3334,Kolkata,East,2025-03-23,119.3,65.1,99.6
3335,Kolkata,East,2025-03-24,143.8,83.4,124.7
3336,Kolkata,East,2025-03-25,149.2,85.8,130.9
3337,Kolkata,East,2025-03-26,141.3,82.1,117.0
3338,Kolkata,East,2025-03-27,121.9,70.6,109.4
3339,Kolkata,East,2025-03-28,154.9,85.0,124.9
3340,Kolkata,East,2025-03-29,140.0,82.9,115.6
3341,Kolkata,East,2025-03-30,133.6,71.4,104.6
3342,Kolkata,East,2025-03-31,149.7,80.7,137.0
3343,Kolkata,East,2025-04-01,80.4,37.3,62.9
3344,Kolkata,East,2025-04-02,73.6,37.7,61.2
3345,Kolkata,East,2025-04-03,80.7,51.0,55.2
3346,Kolkata,East,2025-04-04,72.9,40.5,66.4
3347,Kolkata,East,2025-04-05,86.3,47.3,76.6
3348,Kolkata,East,2025-04-06,82.7,44.3,72.5
3349,Kolkata,East,2025-04-07,67.6,37.2,52.7
3350,Kolkata,East,2025-04-08,88.0,47.6,82.2
3351,Kolkata,East,2025-04-09,91.5,51.5,73.0
3352,Kolkata,East,2025-04-10,91.5,41.8,83.0
3353,Kolkata,East,2025-04-11,95.0,53.0,84.7
3354,Kolkata,East,2025-04-12,68.3,35.6,52.7
3355,Kolkata,East,2025-04-13,91.9,52.8,87.5
3356,Kolkata,East,2025-04-14,72.6,36.4,64.2
3357,Kolkata,East,2025-04-15,77.6,40.0,69.6
3358,Kolkata,East,2025-04-16,85.0,44.5,78.7
3359,Kolkata,East,2025-04-17,83.6,40.4,69.8
3360,Kolkata,East,2025-04-18,84.9,43.9,78.2
3361,Kolkata,East,2025-04-19,88.3,51.3,80.3
3362,Kolkata,East,2025-04-20,82.0,44.3,70.4
3363,Kolkata,East,2025-04-21,80.8,50.2,63.7
3364,Kolkata,East,2025-04-22,69.6,40.6,58.3
3365,Kolkata,East,2025-04-23,68.8,40.9,63.3
3366,Kolkata,East,2025-04-24,75.5,37.1,69.3
3367,Kolkata,East,2025-04-25,94.1,55.1,78.5
3368,Kolkata,East,2025-04-26,95.9,59.6,86.3
3369,Kolkata,East,2025-04-27,94.0,56.6,83.4
3370,Kolkata,East,2025-04-28,86.3,49.3,79.7
3371,Kolkata,East,2025-04-29,90.0,52.6,74.8
3372,Kolkata,East,2025-04-30,85.2,41.5,78.3
3373,Kolkata,East,2025-05-01,90.4,46.1,80.1
3374,Kolkata,East,2025-05-02,76.9,44.7,77.3
3375,Kolkata,East,2025-05-03,87.8,45.8,72.5
3376,Kolkata,East,2025-05-04,89.0,47.6,80.0
3377,Kolkata,East,2025-05-05,,,
3378,Kolkata,East,2025-05-06,85.3,52.2,78.6
3379,Kolkata,East,2025-05-07,64.7,30.4,60.5
3380,Kolkata,East,2025-05-08,80.9,41.1,73.6
3381,Kolkata,East,2025-05-09,83.8,47.8,66.5
3382,Kolkata,East,2025-05-10,79.9,43.3,69.6
3383,Kolkata,East,2025-05-11,97.2,47.2,77.9
3384,Kolkata,East,2025-05-12,76.2,42.4,60.5
3385,Kolkata,East,2025-05-13,85.8,51.5,73.7
3386,Kolkata,East,2025-05-14,99.3,54.5,73.8
3387,Kolkata,East,2025-05-15,84.5,47.6,68.0
3388,Kolkata,East,2025-05-16,83.2,50.7,73.4
3389,Kolkata,East,2025-05-17,72.2,34.7,65.2
3390,Kolkata,East,2025-05-18,,,
3391,Kolkata,East,2025-05-19,85.8,51.0,77.7
3392,Kolkata,East,2025-05-20,112.6,59.3,85.2
3393,Kolkata,East,2025-05-21,83.8,50.1,64.6
3394,Kolkata,East,2025-05-22,72.5,40.8,61.8
3395,Kolkata,East,2025-05-23,100.2,53.2,100.7
3396,Kolkata,East,2025-05-24,95.5,56.1,73.5
3397,Kolkata,East,2025-05-25,90.7,57.1,75.6
3398,Kolkata,East,2025-05-26,106.3,61.7,97.7
3399,Kolkata,East,2025-05-27,90.3,53.8,66.4
3400,Kolkata,East,2025-05-28,83.4,44.1,71.5
3401,Kolkata,East,2025-05-29,80.1,39.2,70.5
3402,Kolkata,East,2025-05-30,88.8,48.8,81.1
3403,Kolkata,East,2025-05-31,80.7,48.1,73.2
3404,Kolkata,East,2025-06-01,44.5,27.7,36.2
3405,Kolkata,East,2025-06-02,59.2,31.0,58.2
3406,Kolkata,East,2025-06-03,60.7,22.9,45.9
3407,Kolkata,East,2025-06-04,39.9,20.8,38.0
3408,Kolkata,East,2025-06-05,55.8,23.8,34.8
3409,Kolkata,East,2025-06-06,55.0,29.1,51.6
3410,Kolkata,East,2025-06-07,61.6,34.9,60.7
3411,Kolkata,East,2025-06-08,59.1,35.3,47.5
3412,Kolkata,East,2025-06-09,59.7,39.6,44.1
3413,Kolkata,East,2025-06-10,40.1,20.2,40.7
3414,Kolkata,East,2025-06-11,55.6,27.6,50.8
3415,Kolkata,East,2025-06-12,54.3,29.8,38.2
3416,Kolkata,East,2025-06-13,32.8,19.8,24.6
3417,Kolkata,East,2025-06-14,63.4,42.9,58.9
3418,Kolkata,East,2025-06-15,40.6,23.4,31.0
3419,Kolkata,East,2025-06-16,58.7,35.9,48.0
3420,Kolkata,East,2025-06-17,61.8,34.6,55.5
3421,Kolkata,East,2025-06-18,65.2,35.7,62.2
3422,Kolkata,East,2025-06-19,70.6,35.4,59.1
3423,Kolkata,East,2025-06-20,54.8,22.5,41.2
3424,Kolkata,East,2025-06-21,70.3,41.0,60.2
3425,Kolkata,East,2025-06-22,57.7,35.6,42.1
3426,Kolkata,East,2025-06-23,72.9,37.9,59.8
3427,Kolkata,East,2025-06-24,42.8,24.8,31.3
3428,Kolkata,East,2025-06-25,54.0,26.1,52.8
3429,Kolkata,East,2025-06-26,70.5,35.7,51.8
3430,Kolkata,East,2025-06-27,39.5,24.8,25.7
3431,Kolkata,East,2025-06-28,44.2,23.9,46.3
3432,Kolkata,East,2025-06-29,55.5,29.4,51.1
3433,Kolkata,East,2025-06-30,34.6,14.6,35.1
3434,Kolkata,East,2025-07-01,67.9,39.5,60.0
3435,Kolkata,East,2025-07-02,51.4,27.3,54.1
3436,Kolkata,East,2025-07-03,43.1,28.7,36.3
3437,Kolkata,East,2025-07-04,,,
3438,Kolkata,East,2025-07-05,59.8,34.3,64.6
3439,Kolkata,East,2025-07-06,47.9,18.5,43.2
3440,Kolkata,East,2025-07-07,62.7,33.5,48.9
3441,Kolkata,East,2025-07-08,60.9,36.3,49.3
3442,Kolkata,East,2025-07-09,65.0,36.0,54.8
3443,Kolkata,East,2025-07-10,40.7,19.8,38.6
3444,Kolkata,East,2025-07-11,70.0,43.1,59.0
3445,Kolkata,East,2025-07-12,53.2,25.9,40.5
3446,Kolkata,East,2025-07-13,50.7,31.7,50.2
3447,Kolkata,East,2025-07-14,59.3,34.9,44.8
3448,Kolkata,East,2025-07-15,52.8,31.8,45.2
3449,Kolkata,East,2025-07-16,61.9,28.9,61.6
3450,Kolkata,East,2025-07-17,51.3,25.7,44.2
3451,Kolkata,East,2025-07-18,15.0,6.9,24.6
3452,Kolkata,East,2025-07-19,48.1,30.2,30.9
3453,Kolkata,East,2025-07-20,38.2,14.7,40.6
3454,Kolkata,East,2025-07-21,32.4,19.0,22.6
3455,Kolkata,East,2025-07-22,62.7,30.2,49.2
3456,Kolkata,East,2025-07-23,59.4,25.7,38.3
3457,Kolkata,East,2025-07-24,78.9,43.7,70.0
3458,Kolkata,East,2025-07-25,55.0,31.7,46.8
3459,Kolkata,East,2025-07-26,59.9,28.0,35.3
3460,Kolkata,East,2025-07-27,47.0,32.0,36.1
3461,Kolkata,East,2025-07-28,33.1,24.3,34.4
3462,Kolkata,East,2025-07-29,48.0,29.4,44.0
3463,Kolkata,East,2025-07-30,40.1,26.9,38.0
3464,Kolkata,East,2025-07-31,60.6,37.8,40.0
3465,Kolkata,East,2025-08-01,53.8,35.9,53.5
3466,Kolkata,East,2025-08-02,37.6,23.3,28.2
3467,Kolkata,East,2025-08-03,59.8,29.9,59.2
3468,Kolkata,East,2025-08-04,80.5,48.7,75.2
3469,Kolkata,East,2025-08-05,58.1,31.5,58.8
3470,Kolkata,East,2025-08-06,66.2,37.9,52.9
3471,Kolkata,East,2025-08-07,42.6,27.2,41.9
3472,Kolkata,East,2025-08-08,56.2,31.6,39.7
3473,Kolkata,East,2025-08-09,47.5,22.6,44.2
3474,Kolkata,East,2025-08-10,53.7,29.9,41.7
3475,Kolkata,East,2025-08-11,56.9,25.0,59.3
3476,Kolkata,East,2025-08-12,56.4,33.3,51.1
3477,Kolkata,East,2025-08-13,45.9,31.1,40.6
3478,Kolkata,East,2025-08-14,54.3,34.3,41.3
3479,Kolkata,East,2025-08-15,64.0,42.6,52.1
3480,Kolkata,East,2025-08-16,61.6,29.0,54.4
3481,Kolkata,East,2025-08-17,59.6,26.7,61.0
3482,Kolkata,East,2025-08-18,80.7,37.3,71.7
3483,Kolkata,East,2025-08-19,51.2,27.5,46.6
3484,Kolkata,East,2025-08-20,56.8,30.8,50.5
3485,Kolkata,East,2025-08-21,51.4,29.5,40.2
3486,Kolkata,East,2025-08-22,66.7,45.1,57.4
3487,Kolkata,East,2025-08-23,52.4,34.6,33.3
3488,Kolkata,East,2025-08-24,53.9,25.4,43.0
3489,Kolkata,East,2025-08-25,43.2,22.9,44.5
3490,Kolkata,East,2025-08-26,45.7,24.5,46.0
3491,Kolkata,East,2025-08-27,62.0,37.3,52.3
3492,Kolkata,East,2025-08-28,49.5,25.7,40.1
3493,Kolkata,East,2025-08-29,39.9,12.8,31.1
3494,Kolkata,East,2025-08-30,58.2,29.9,56.2
3495,Kolkata,East,2025-08-31,69.3,38.6,57.1
3496,Kolkata,East,2025-09-01,60.8,31.5,50.6
3497,Kolkata,East,2025-09-02,45.3,22.4,42.2
3498,Kolkata,East,2025-09-03,50.5,29.9,43.1
3499,Kolkata,East,2025-09-04,56.3,32.4,34.9
3500,Kolkata,East,2025-09-05,50.4,29.0,51.7
3501,Kolkata,East,2025-09-06,61.8,44.3,60.6
3502,Kolkata,East,2025-09-07,57.3,26.6,47.2
3503,Kolkata,East,2025-09-08,53.0,29.7,47.6
3504,Kolkata,East,2025-09-09,39.8,24.1,32.4
3505,Kolkata,East,2025-09-10,47.6,21.2,42.0
3506,Kolkata,East,2025-09-11,49.3,18.3,42.5
3507,Kolkata,East,2025-09-12,53.0,22.7,49.0
3508,Kolkata,East,2025-09-13,52.0,30.2,37.0
3509,Kolkata,East,2025-09-14,48.8,28.4,45.6
3510,Kolkata,East,2025-09-15,46.9,15.3,41.3
3511,Kolkata,East,2025-09-16,52.5,34.5,38.6
3512,Kolkata,East,2025-09-17,60.7,27.6,53.4
3513,Kolkata,East,2025-09-18,50.8,28.9,42.8
3514,Kolkata,East,2025-09-19,53.0,35.4,52.1
3515,Kolkata,East,2025-09-20,55.2,26.7,42.1
3516,Kolkata,East,2025-09-21,67.8,37.5,53.3
3517,Kolkata,East,2025-09-22,47.1,31.4,40.8
3518,Kolkata,East,2025-09-23,44.6,30.6,40.2
3519,Kolkata,East,2025-09-24,38.5,16.2,34.6
3520,Kolkata,East,2025-09-25,46.2,23.7,50.2
3521,Kolkata,East,2025-09-26,78.6,50.5,69.7
3522,Kolkata,East,2025-09-27,58.4,27.7,42.7
3523,Kolkata,East,2025-09-28,56.5,31.8,53.9
3524,Kolkata,East,2025-09-29,65.2,37.9,59.4
3525,Kolkata,East,2025-09-30,58.5,37.6,43.4
3526,Kolkata,East,2025-10-01,159.3,90.2,127.6
3527,Kolkata,East,2025-10-02,138.8,83.4,114.6
3528,Kolkata,East,2025-10-03,141.9,77.9,129.7
3529,Kolkata,East,2025-10-04,138.3,73.8,120.5
3530,Kolkata,East,2025-10-05,141.3,78.3,117.1
3531,Kolkata,East,2025-10-06,118.6,65.2,91.3
3532,Kolkata,East,2025-10-07,125.1,69.3,113.0
3533,Kolkata,East,2025-10-08,146.2,73.6,130.3
3534,Kolkata,East,2025-10-09,110.6,61.8,94.8
3535,Kolkata,East,2025-10-10,146.1,81.2,130.7
3536,Kolkata,East,2025-10-11,128.3,70.3,114.6
3537,Kolkata,East,2025-10-12,129.2,69.1,110.5
3538,Kolkata,East,2025-10-13,117.0,63.6,93.6
3539,Kolkata,East,2025-10-14,153.1,89.4,134.6
3540,Kolkata,East,2025-10-15,161.7,89.9,135.5
3541,Kolkata,East,2025-10-16,139.6,78.2,117.2
3542,Kolkata,East,2025-10-17,139.9,72.3,113.3
3543,Kolkata,East,2025-10-18,138.9,71.7,125.0
3544,Kolkata,East,2025-10-19,140.7,75.2,126.5
3545,Kolkata,East,2025-10-20,138.4,82.9,116.7
3546,Kolkata,East,2025-10-21,129.1,72.9,103.9
3547,Kolkata,East,2025-10-22,147.9,83.0,106.5
3548,Kolkata,East,2025-10-23,135.1,75.2,107.7
3549,Kolkata,East,2025-10-24,131.7,71.2,100.2
3550,Kolkata,East,2025-10-25,138.4,76.0,113.7
3551,Kolkata,East,2025-10-26,130.3,71.9,117.4
3552,Kolkata,East,2025-10-27,140.7,76.4,117.5
3553,Kolkata,East,2025-10-28,129.3,75.0,112.2
3554,Kolkata,East,2025-10-29,129.0,76.4,114.6
3555,Kolkata,East,2025-10-30,125.3,71.1,107.8
3556,Kolkata,East,2025-10-31,139.9,79.9,117.1
3557,Kolkata,East,2025-11-01,209.2,110.8,179.8
3558,Kolkata,East,2025-11-02,214.4,111.1,182.6
3559,Kolkata,East,2025-11-03,220.0,121.8,185.5
3560,Kolkata,East,2025-11-04,224.2,121.2,181.9
3561,Kolkata,East,2025-11-05,233.4,122.8,200.3
3562,Kolkata,East,2025-11-06,191.6,103.6,170.4
3563,Kolkata,East,2025-11-07,167.9,91.5,132.5
3564,Kolkata,East,2025-11-08,178.4,95.8,156.4
3565,Kolkata,East,2025-11-09,160.1,88.7,137.3
3566,Kolkata,East,2025-11-10,,,
3567,Kolkata,East,2025-11-11,181.8,99.7,150.7
3568,Kolkata,East,2025-11-12,,,
3569,Kolkata,East,2025-11-13,164.6,86.3,140.2
3570,Kolkata,East,2025-11-14,167.1,87.4,140.7
3571,Kolkata,East,2025-11-15,167.9,91.0,143.4
3572,Kolkata,East,2025-11-16,184.1,101.3,156.9
3573,Kolkata,East,2025-11-17,177.6,96.8,149.7
3574,Kolkata,East,2025-11-18,162.9,87.0,134.1
3575,Kolkata,East,2025-11-19,171.9,85.2,143.2
3576,Kolkata,East,2025-11-20,171.9,98.5,154.6
3577,Kolkata,East,2025-11-21,151.5,80.6,127.9
3578,Kolkata,East,2025-11-22,148.9,78.9,127.1
3579,Kolkata,East,2025-11-23,166.5,84.1,145.6
3580,Kolkata,East,2025-11-24,158.8,87.3,124.7
3581,Kolkata,East,2025-11-25,168.6,96.0,148.6
3582,Kolkata,East,2025-11-26,179.9,100.8,147.4
3583,Kolkata,East,2025-11-27,152.9,89.5,122.3
3584,Kolkata,East,2025-11-28,158.7,90.0,135.2
3585,Kolkata,East,2025-11-29,185.0,99.9,163.4
3586,Kolkata,East,2025-11-30,203.8,109.6,172.8
3587,Kolkata,East,2025-12-01,163.1,89.0,135.8
3588,Kolkata,East,2025-12-02,178.5,101.7,153.1
3589,Kolkata,East,2025-12-03,179.6,94.9,155.2
3590,Kolkata,East,2025-12-04,163.1,94.0,140.8
3591,Kolkata,East,2025-12-05,147.3,81.0,117.5
3592,Kolkata,East,2025-12-06,166.4,95.5,153.5
3593,Kolkata,East,2025-12-07,175.5,98.5,152.3
3594,Kolkata,East,2025-12-08,167.4,84.6,147.3
3595,Kolkata,East,2025-12-09,172.8,95.1,148.8
3596,Kolkata,East,2025-12-10,175.7,97.2,155.5
3597,Kolkata,East,2025-12-11,169.7,97.9,142.4
3598,Kolkata,East,2025-12-12,165.8,87.1,136.2
3599,Kolkata,East,2025-12-13,140.7,72.5,118.1
3600,Kolkata,East,2025-12-14,180.9,96.1,151.8
3601,Kolkata,East,2025-12-15,168.0,92.2,131.3
3602,Kolkata,East,2025-12-16,163.7,98.4,144.8
3603,Kolkata,East,2025-12-17,162.2,90.0,143.7
3604,Kolkata,East,2025-12-18,167.6,94.6,143.4
3605,Kolkata,East,2025-12-19,160.5,88.6,129.6
3606,Kolkata,East,2025-12-20,169.3,94.4,140.8
3607,Kolkata,East,2025-12-21,175.7,97.6,149.7
3608,Kolkata,East,2025-12-22,164.6,87.4,140.9
3609,Kolkata,East,2025-12-23,171.8,98.4,135.5
3610,Kolkata,East,2025-12-24,,,
3611,Kolkata,East,2025-12-25,155.5,94.3,136.3
3612,Kolkata,East,2025-12-26,170.7,95.8,135.8
3613,Kolkata,East,2025-12-27,168.7,93.7,143.3
3614,Kolkata,East,2025-12-28,154.1,83.4,140.9
3615,Kolkata,East,2025-12-29,181.6,101.5,158.0
3616,Kolkata,East,2025-12-30,201.0,112.7,167.6
3617,Kolkata,East,2025-12-31,150.6,83.4,128.0
3618,Kolkata,East,2026-01-01,147.6,79.4,125.0
3619,Kolkata,East,2026-01-02,165.7,82.3,133.7
3620,Kolkata,East,2026-01-03,155.1,90.0,130.5
3621,Kolkata,East,2026-01-04,156.7,88.5,122.5
3622,Kolkata,East,2026-01-05,164.1,92.1,133.5
3623,Kolkata,East,2026-01-06,157.6,79.7,128.6
3624,Kolkata,East,2026-01-07,178.3,99.2,157.0
3625,Kolkata,East,2026-01-08,162.1,98.8,127.3
3626,Kolkata,East,2026-01-09,157.3,77.4,135.9
3627,Kolkata,East,2026-01-10,171.9,102.6,142.7
3628,Kolkata,East,2026-01-11,164.0,76.5,125.1
3629,Kolkata,East,2026-01-12,169.2,89.8,146.4
3630,Kolkata,East,2026-01-13,156.6,86.9,133.6
3631,Kolkata,East,2026-01-14,148.6,83.8,132.5
3632,Kolkata,East,2026-01-15,170.0,96.2,147.7
3633,Kolkata,East,2026-01-16,165.9,93.6,151.4
3634,Kolkata,East,2026-01-17,156.4,87.2,130.1
3635,Kolkata,East,2026-01-18,168.8,91.0,140.8
3636,Kolkata,East,2026-01-19,,,
3637,Kolkata,East,2026-01-20,144.4,82.5,118.7
3638,Kolkata,East,2026-01-21,161.3,92.8,141.3
3639,Kolkata,East,2026-01-22,176.9,99.5,151.4
3640,Kolkata,East,2026-01-23,157.8,88.9,136.3
3641,Kolkata,East,2026-01-24,176.8,96.3,148.8
3642,Kolkata,East,2026-01-25,160.8,93.7,132.1
3643,Kolkata,East,2026-01-26,175.8,94.7,142.3
3644,Kolkata,East,2026-01-27,166.4,85.7,139.2
3645,Kolkata,East,2026-01-28,168.8,89.2,141.0
3646,Kolkata,East,2026-01-29,170.8,93.6,137.9
3647,Kolkata,East,2026-01-30,170.8,90.8,139.5
3648,Kolkata,East,2026-01-31,166.3,89.6,145.7
3649,Kolkata,East,2026-02-01,136.2,72.8,127.9
3650,Kolkata,East,2026-02-02,148.8,73.3,117.3
3651,Kolkata,East,2026-02-03,121.9,71.4,96.5
3652,Kolkata,East,2026-02-04,133.5,72.0,120.1
3653,Kolkata,East,2026-02-05,129.6,72.9,108.9
3654,Kolkata,East,2026-02-06,,,
3655,Kolkata,East,2026-02-07,,,
3656,Kolkata,East,2026-02-08,157.3,86.0,136.5
3657,Kolkata,East,2026-02-09,123.1,73.7,98.0
3658,Kolkata,East,2026-02-10,140.2,78.9,114.6
3659,Kolkata,East,2026-02-11,121.2,66.2,108.8
3660,Kolkata,East,2026-02-12,118.4,63.4,84.6
3661,Kolkata,East,2026-02-13,132.6,68.2,109.3
3662,Kolkata,East,2026-02-14,134.4,71.0,118.5
3663,Kolkata,East,2026-02-15,148.2,86.2,125.2
3664,Kolkata,East,2026-02-16,129.0,73.8,115.6
3665,Kolkata,East,2026-02-17,128.5,70.4,107.7
3666,Kolkata,East,2026-02-18,,,
3667,Kolkata,East,2026-02-19,141.7,81.5,121.6
3668,Kolkata,East,2026-02-20,144.8,79.3,115.5
3669,Kolkata,East,2026-02-21,139.1,74.6,110.6
3670,Kolkata,East,2026-02-22,147.8,81.0,108.5
3671,Kolkata,East,2026-02-23,141.4,77.9,117.1
3672,Kolkata,East,2026-02-24,129.5,73.1,113.8
3673,Kolkata,East,2026-02-25,142.9,83.1,117.6
3674,Kolkata,East,2026-02-26,154.1,95.4,131.8
3675,Kolkata,East,2026-02-27,140.6,79.4,127.1
3676,Kolkata,East,2026-02-28,119.8,70.3,98.7
3677,Kolkata,East,2026-03-01,135.7,76.4,119.3
3678,Kolkata,East,2026-03-02,133.0,75.1,120.0
3679,Kolkata,East,2026-03-03,138.4,81.3,116.3
3680,Kolkata,East,2026-03-04,111.7,61.0,94.6
3681,Kolkata,East,2026-03-05,134.4,67.6,106.1
3682,Kolkata,East,2026-03-06,129.3,71.0,108.3
3683,Kolkata,East,2026-03-07,149.0,83.9,128.1
3684,Kolkata,East,2026-03-08,131.8,66.3,114.0
3685,Kolkata,East,2026-03-09,131.2,73.5,122.5
3686,Kolkata,East,2026-03-10,134.7,82.1,111.0
3687,Kolkata,East,2026-03-11,127.7,66.1,109.3
3688,Kolkata,East,2026-03-12,109.9,61.3,95.9
3689,Kolkata,East,2026-03-13,143.7,80.3,126.6
3690,Kolkata,East,2026-03-14,143.0,78.8,123.2
3691,Kolkata,East,2026-03-15,128.8,70.0,118.2
3692,Kolkata,East,2026-03-16,120.9,70.9,107.4
3693,Kolkata,East,2026-03-17,116.4,57.5,95.5
3694,Kolkata,East,2026-03-18,139.2,74.9,122.5
3695,Kolkata,East,2026-03-19,132.4,67.4,115.4
3696,Kolkata,East,2026-03-20,144.0,78.1,120.8
3697,Kolkata,East,2026-03-21,118.3,68.2,110.4
3698,Kolkata,East,2026-03-22,135.8,69.1,107.2
3699,Kolkata,East,2026-03-23,133.9,68.4,110.3
3700,Kolkata,East,2026-03-24,120.5,66.7,95.2
3701,Kolkata,East,2026-03-25,145.9,86.2,132.8
3702,Kolkata,East,2026-03-26,116.3,68.8,101.2
3703,Kolkata,East,2026-03-27,142.2,80.2,125.1
3704,Kolkata,East,2026-03-28,140.4,78.1,119.0
3705,Kolkata,East,2026-03-29,127.5,74.4,107.8
3706,Kolkata,East,2026-03-30,130.7,75.4,114.0
3707,Kolkata,East,2026-03-31,133.6,73.4,102.2
3708,Kolkata,East,2026-04-01,71.3,37.6,62.1
3709,Kolkata,East,2026-04-02,89.4,44.2,72.9
3710,Kolkata,East,2026-04-03,87.2,51.3,69.5
3711,Kolkata,East,2026-04-04,74.3,35.6,62.5
3712,Kolkata,East,2026-04-05,88.1,52.2,73.2
3713,Kolkata,East,2026-04-06,95.7,52.8,82.5
3714,Kolkata,East,2026-04-07,69.9,45.2,58.1
3715,Kolkata,East,2026-04-08,99.1,57.1,82.2
3716,Kolkata,East,2026-04-09,77.6,45.5,62.3
3717,Kolkata,East,2026-04-10,75.2,38.1,58.9
3718,Kolkata,East,2026-04-11,76.5,47.7,65.3
3719,Kolkata,East,2026-04-12,97.9,55.4,82.2
3720,Kolkata,East,2026-04-13,80.3,39.9,69.8
3721,Kolkata,East,2026-04-14,85.0,46.7,71.4
3722,Kolkata,East,2026-04-15,90.9,47.7,69.5
3723,Kolkata,East,2026-04-16,77.2,35.3,66.7
3724,Kolkata,East,2026-04-17,103.2,54.8,93.2
3725,Kolkata,East,2026-04-18,108.1,58.4,94.8
3726,Kolkata,East,2026-04-19,93.1,57.4,81.3
3727,Kolkata,East,2026-04-20,,,
3728,Kolkata,East,2026-04-21,82.5,47.9,73.5
3729,Kolkata,East,2026-04-22,78.6,45.4,56.6
3730,Kolkata,East,2026-04-23,83.9,51.2,70.5
3731,Kolkata,East,2026-04-24,79.8,48.7,75.7
3732,Kolkata,East,2026-04-25,85.6,38.9,77.0
3733,Kolkata,East,2026-04-26,107.0,55.4,104.7
3734,Kolkata,East,2026-04-27,74.7,45.4,69.4
3735,Kolkata,East,2026-04-28,94.8,49.2,85.5
3736,Kolkata,East,2026-04-29,68.4,37.7,58.1
3737,Kolkata,East,2026-04-30,86.0,42.9,68.8
3738,Kolkata,East,2026-05-01,64.0,42.3,56.0
3739,Kolkata,East,2026-05-02,77.2,43.6,65.6
3740,Kolkata,East,2026-05-03,104.2,55.1,95.6
3741,Kolkata,East,2026-05-04,68.1,37.1,60.9
3742,Kolkata,East,2026-05-05,82.5,49.4,71.3
3743,Kolkata,East,2026-05-06,78.3,41.2,74.6
3744,Kolkata,East,2026-05-07,85.2,45.6,63.1
3745,Kolkata,East,2026-05-08,68.1,33.8,61.6
3746,Kolkata,East,2026-05-09,98.9,51.8,96.4
3747,Kolkata,East,2026-05-10,87.7,48.9,76.1
3748,Kolkata,East,2026-05-11,75.5,45.6,65.3
3749,Kolkata,East,2026-05-12,93.2,45.0,71.3
3750,Kolkata,East,2026-05-13,94.8,58.0,79.4
3751,Kolkata,East,2026-05-14,82.3,45.1,67.2
3752,Kolkata,East,2026-05-15,71.9,35.3,69.2
3753,Kolkata,East,2026-05-16,78.6,46.4,57.9
3754,Kolkata,East,2026-05-17,92.2,55.8,76.8
3755,Kolkata,East,2026-05-18,97.8,55.2,97.9
3756,Kolkata,East,2026-05-19,83.0,45.0,64.6
3757,Kolkata,East,2026-05-20,84.3,49.5,67.5
3758,Kolkata,East,2026-05-21,101.6,53.9,88.0
3759,Kolkata,East,2026-05-22,101.8,53.9,87.8
3760,Kolkata,East,2026-05-23,82.7,42.7,74.0
3761,Kolkata,East,2026-05-24,60.0,29.1,50.6
3762,Kolkata,East,2026-05-25,89.0,45.8,68.1
3763,Kolkata,East,2026-05-26,104.7,60.1,92.8
3764,Kolkata,East,2026-05-27,87.2,52.7,76.3
3765,Kolkata,East,2026-05-28,70.0,38.7,65.7
3766,Kolkata,East,2026-05-29,66.0,34.1,56.8
3767,Kolkata,East,2026-05-30,85.6,44.8,74.2
3768,Kolkata,East,2026-05-31,89.8,56.9,71.8
3769,Kolkata,East,2026-06-01,55.0,26.1,53.6
3770,Kolkata,East,2026-06-02,60.0,35.5,54.0
3771,Kolkata,East,2026-06-03,76.8,41.1,67.1
3772,Kolkata,East,2026-06-04,61.9,29.9,43.5
3773,Kolkata,East,2026-06-05,65.2,36.5,60.4
3774,Kolkata,East,2026-06-06,55.0,29.5,45.6
3775,Kolkata,East,2026-06-07,57.9,30.6,47.0
3776,Kolkata,East,2026-06-08,70.5,43.1,60.0
3777,Kolkata,East,2026-06-09,74.8,39.3,69.3
3778,Kolkata,East,2026-06-10,68.5,36.9,68.4
3779,Kolkata,East,2026-06-11,42.3,23.3,33.0
3780,Kolkata,East,2026-06-12,72.7,41.6,57.7
3781,Kolkata,East,2026-06-13,54.0,27.0,52.6
3782,Kolkata,East,2026-06-14,46.4,22.7,42.0
3783,Kolkata,East,2026-06-15,49.9,28.6,43.5
3784,Kolkata,East,2026-06-16,49.5,21.5,29.7
3785,Kolkata,East,2026-06-17,56.8,30.1,51.6
3786,Kolkata,East,2026-06-18,57.4,31.4,46.9
3787,Kolkata,East,2026-06-19,65.3,23.6,45.5
3788,Kolkata,East,2026-06-20,60.4,32.7,46.6
3789,Kolkata,East,2026-06-21,49.0,30.1,44.1
3790,Kolkata,East,2026-06-22,56.7,24.4,53.9
3791,Kolkata,East,2026-06-23,46.7,28.0,42.6
3792,Kolkata,East,2026-06-24,35.2,14.0,20.9
3793,Kolkata,East,2026-06-25,43.1,26.2,43.4
3794,Kolkata,East,2026-06-26,57.9,31.0,44.9
3795,Kolkata,East,2026-06-27,72.7,39.9,56.8
3796,Kolkata,East,2026-06-28,55.1,32.5,44.3
3797,Kolkata,East,2026-06-29,49.5,21.2,45.1
3798,Kolkata,East,2026-06-30,46.2,27.8,39.9
3799,Kolkata,East,2026-07-01,57.2,28.8,51.2
3800,Kolkata,East,2026-07-02,41.2,23.2,44.0
3801,Kolkata,East,2026-07-03,81.2,40.4,71.9
3802,Kolkata,East,2026-07-04,55.5,29.1,51.8
3803,Kolkata,East,2026-07-05,39.6,24.1,28.4
3804,Kolkata,East,2026-07-06,70.9,40.2,74.9
3805,Kolkata,East,2026-07-07,69.7,39.2,51.5
3806,Kolkata,East,2026-07-08,26.4,15.4,20.6
3807,Kolkata,East,2026-07-09,66.6,33.2,57.1
3808,Kolkata,East,2026-07-10,46.9,27.3,42.0
3809,Kolkata,East,2026-07-11,37.8,20.8,38.5
3810,Kolkata,East,2026-07-12,59.6,37.8,45.9
3811,Kolkata,East,2026-07-13,34.7,16.0,22.5
3812,Kolkata,East,2026-07-14,74.5,41.5,68.6
3813,Kolkata,East,2026-07-15,73.3,41.3,50.0
3814,Kolkata,East,2026-07-16,28.0,18.2,28.7
3815,Kolkata,East,2026-07-17,41.9,24.9,39.0
3816,Kolkata,East,2026-07-18,56.4,25.9,54.9
3817,Kolkata,East,2026-07-19,43.0,25.6,27.9
3818,Kolkata,East,2026-07-20,44.3,27.6,31.5
3819,Kolkata,East,2026-07-21,36.2,19.4,29.6
3820,Kolkata,East,2026-07-22,41.2,24.0,38.3
3821,Kolkata,East,2026-07-23,57.4,38.1,45.2
3822,Kolkata,East,2026-07-24,70.2,38.0,51.4
3823,Kolkata,East,2026-07-25,39.0,15.1,21.2
3824,Kolkata,East,2026-07-26,58.4,25.2,47.3
3825,Kolkata,East,2026-07-27,55.4,29.3,51.9
3826,Kolkata,East,2026-07-28,40.1,18.1,40.0
3827,Kolkata,East,2026-07-29,66.3,35.8,49.9
3828,Kolkata,East,2026-07-30,45.1,27.4,48.3
3829,Kolkata,East,2026-07-31,46.2,24.4,33.0
3830,Kolkata,East,2026-08-01,66.6,36.6,58.7
3831,Kolkata,East,2026-08-02,46.1,29.8,41.8
3832,Kolkata,East,2026-08-03,65.7,34.7,51.7
3833,Kolkata,East,2026-08-04,58.4,32.9,56.4
3834,Kolkata,East,2026-08-05,68.3,32.3,46.6
3835,Kolkata,East,2026-08-06,68.6,35.8,55.3
3836,Kolkata,East,2026-08-07,62.4,34.6,52.9
3837,Kolkata,East,2026-08-08,59.6,31.3,49.6
3838,Kolkata,East,2026-08-09,49.0,27.9,38.1
3839,Kolkata,East,2026-08-10,71.8,41.0,60.3
3840,Kolkata,East,2026-08-11,66.1,37.5,60.9
3841,Kolkata,East,2026-08-12,61.5,28.6,59.1
3842,Kolkata,East,2026-08-13,66.4,35.0,71.3
3843,Kolkata,East,2026-08-14,39.7,25.9,32.0
3844,Kolkata,East,2026-08-15,54.1,33.2,52.1
3845,Kolkata,East,2026-08-16,64.7,30.2,61.4
3846,Kolkata,East,2026-08-17,47.2,25.3,41.2
3847,Kolkata,East,2026-08-18,38.7,25.7,31.7
3848,Kolkata,East,2026-08-19,41.9,20.5,28.1
3849,Jaipur,North,2024-01-01,210.4,117.2,181.8
3850,Jaipur,North,2024-01-02,239.6,140.9,208.8
3851,Jaipur,North,2024-01-03,195.6,110.4,168.0
3852,Jaipur,North,2024-01-04,232.3,131.4,198.7
3853,Jaipur,North,2024-01-05,235.7,132.6,213.3
3854,Jaipur,North,2024-01-06,216.9,115.5,183.3
3855,Jaipur,North,2024-01-07,254.6,132.1,215.3
3856,Jaipur,North,2024-01-08,210.9,115.7,181.8
3857,Jaipur,North,2024-01-09,213.2,122.2,193.4
3858,Jaipur,North,2024-01-10,219.0,124.0,180.8
3859,Jaipur,North,2024-01-11,211.7,119.6,184.6
3860,Jaipur,North,2024-01-12,211.3,118.8,188.2
3861,Jaipur,North,2024-01-13,217.7,113.6,187.0
3862,Jaipur,North,2024-01-14,237.0,130.4,205.1
3863,Jaipur,North,2024-01-15,218.0,121.0,183.8
3864,Jaipur,North,2024-01-16,226.7,127.6,192.5
3865,Jaipur,North,2024-01-17,222.9,116.5,178.3
3866,Jaipur,North,2024-01-18,217.5,119.5,182.5
3867,Jaipur,North,2024-01-19,224.4,122.2,188.1
3868,Jaipur,North,2024-01-20,216.7,118.7,188.4
3869,Jaipur,North,2024-01-21,220.7,114.8,182.4
3870,Jaipur,North,2024-01-22,213.4,117.7,187.2
3871,Jaipur,North,2024-01-23,,,
3872,Jaipur,North,2024-01-24,250.3,134.8,215.8
3873,Jaipur,North,2024-01-25,242.2,131.2,204.8
3874,Jaipur,North,2024-01-26,223.3,123.6,184.9
3875,Jaipur,North,2024-01-27,225.5,121.8,187.3
3876,Jaipur,North,2024-01-28,241.6,126.8,211.0
3877,Jaipur,North,2024-01-29,221.6,121.5,184.4
3878,Jaipur,North,2024-01-30,225.6,126.4,185.3
3879,Jaipur,North,2024-01-31,230.6,118.4,190.7
3880,Jaipur,North,2024-02-01,154.8,83.9,135.1
3881,Jaipur,North,2024-02-02,161.7,89.9,136.2
3882,Jaipur,North,2024-02-03,185.8,94.7,147.2
3883,Jaipur,North,2024-02-04,167.1,83.8,142.4
3884,Jaipur,North,2024-02-05,172.4,90.9,141.2
3885,Jaipur,North,2024-02-06,173.2,96.6,145.3
3886,Jaipur,North,2024-02-07,177.3,94.6,151.7
3887,Jaipur,North,2024-02-08,183.5,104.7,149.7
3888,Jaipur,North,2024-02-09,160.5,84.8,137.2
3889,Jaipur,North,2024-02-10,175.6,91.4,141.6
3890,Jaipur,North,2024-02-11,172.4,85.2,151.6
3891,Jaipur,North,2024-02-12,169.6,89.6,149.6
3892,Jaipur,North,2024-02-13,,,
3893,Jaipur,North,2024-02-14,170.0,93.6,146.1
3894,Jaipur,North,2024-02-15,169.0,94.9,140.4
3895,Jaipur,North,2024-02-16,,,
3896,Jaipur,North,2024-02-17,182.5,95.6,154.8
3897,Jaipur,North,2024-02-18,178.4,101.8,150.0
3898,Jaipur,North,2024-02-19,163.3,93.1,127.9
3899,Jaipur,North,2024-02-20,183.5,93.7,149.6
3900,Jaipur,North,2024-02-21,181.8,99.6,148.9
3901,Jaipur,North,2024-02-22,185.2,103.0,153.8
3902,Jaipur,North,2024-02-23,177.6,99.0,149.5
3903,Jaipur,North,2024-02-24,179.7,100.6,144.3
3904,Jaipur,North,2024-02-25,173.4,96.4,150.1
3905,Jaipur,North,2024-02-26,160.1,91.8,127.0
3906,Jaipur,North,2024-02-27,165.0,89.4,140.4
3907,Jaipur,North,2024-02-28,168.5,93.3,146.2
3908,Jaipur,North,2024-02-29,194.2,105.2,168.9
3909,Jaipur,North,2024-03-01,168.1,92.2,138.2
3910,Jaipur,North,2024-03-02,165.4,96.1,140.1
3911,Jaipur,North,2024-03-03,174.5,91.1,151.4
3912,Jaipur,North,2024-03-04,177.0,98.8,156.9
3913,Jaipur,North,2024-03-05,171.4,91.9,148.5
3914,Jaipur,North,2024-03-06,176.2,103.8,147.4
3915,Jaipur,North,2024-03-07,172.7,100.4,146.3
3916,Jaipur,North,2024-03-08,198.3,117.9,169.3
3917,Jaipur,North,2024-03-09,179.9,102.8,149.5
3918,Jaipur,North,2024-03-10,161.6,93.8,143.3
3919,Jaipur,North,2024-03-11,166.9,89.4,135.0
3920,Jaipur,North,2024-03-12,154.2,88.4,133.4
3921,Jaipur,North,2024-03-13,169.7,87.8,139.3
3922,Jaipur,North,2024-03-14,173.2,90.3,147.6
3923,Jaipur,North,2024-03-15,164.2,80.3,142.6
3924,Jaipur,North,2024-03-16,162.1,80.7,136.0
3925,Jaipur,North,2024-03-17,153.1,87.4,127.4
3926,Jaipur,North,2024-03-18,169.0,96.9,133.0
3927,Jaipur,North,2024-03-19,172.1,98.3,149.2
3928,Jaipur,North,2024-03-20,158.7,88.7,144.9
3929,Jaipur,North,2024-03-21,159.8,85.6,139.5
3930,Jaipur,North,2024-03-22,170.7,93.0,155.2
3931,Jaipur,North,2024-03-23,162.7,92.9,130.7
3932,Jaipur,North,2024-03-24,136.5,74.8,120.3
3933,Jaipur,North,2024-03-25,165.5,97.6,140.8
3934,Jaipur,North,2024-03-26,178.2,99.1,145.2
3935,Jaipur,North,2024-03-27,185.8,107.8,166.1
3936,Jaipur,North,2024-03-28,185.7,107.3,163.3
3937,Jaipur,North,2024-03-29,186.3,103.8,154.1
3938,Jaipur,North,2024-03-30,177.1,101.3,146.1
3939,Jaipur,North,2024-03-31,170.8,98.5,143.1
3940,Jaipur,North,2024-04-01,131.4,74.8,119.6
3941,Jaipur,North,2024-04-02,111.4,65.9,96.1
3942,Jaipur,North,2024-04-03,92.3,45.6,69.6
3943,Jaipur,North,2024-04-04,90.7,42.4,75.3
3944,Jaipur,North,2024-04-05,88.5,46.1,70.3
3945,Jaipur,North,2024-04-06,109.5,57.6,88.3
3946,Jaipur,North,2024-04-07,119.6,64.5,110.2
3947,Jaipur,North,2024-04-08,95.3,51.7,82.5
3948,Jaipur,North,2024-04-09,83.7,52.1,81.5
3949,Jaipur,North,2024-04-10,95.1,56.7,82.4
3950,Jaipur,North,2024-04-11,94.8,58.7,74.5
3951,Jaipur,North,2024-04-12,99.8,58.8,83.5
3952,Jaipur,North,2024-04-13,105.9,53.1,88.8
3953,Jaipur,North,2024-04-14,101.6,50.8,81.4
3954,Jaipur,North,2024-04-15,92.7,49.9,80.0
3955,Jaipur,North,2024-04-16,96.3,46.4,82.1
3956,Jaipur,North,2024-04-17,115.9,63.8,96.2
3957,Jaipur,North,2024-04-18,100.1,57.5,76.9
3958,Jaipur,North,2024-04-19,119.3,64.4,112.8
3959,Jaipur,North,2024-04-20,92.1,46.7,79.5
3960,Jaipur,North,2024-04-21,112.2,63.7,96.6
3961,Jaipur,North,2024-04-22,104.1,58.1,95.1
3962,Jaipur,North,2024-04-23,99.8,57.7,81.6
3963,Jaipur,North,2024-04-24,98.6,51.3,82.2
3964,Jaipur,North,2024-04-25,94.4,46.0,86.2
3965,Jaipur,North,2024-04-26,105.1,60.1,103.2
3966,Jaipur,North,2024-04-27,76.1,43.6,65.6
3967,Jaipur,North,2024-04-28,113.8,60.4,93.9
3968,Jaipur,North,2024-04-29,87.6,51.0,85.9
3969,Jaipur,North,2024-04-30,91.5,51.0,79.4
3970,Jaipur,North,2024-05-01,92.8,43.3,84.4
3971,Jaipur,North,2024-05-02,80.4,48.6,60.6
3972,Jaipur,North,2024-05-03,111.9,66.8,92.2
3973,Jaipur,North,2024-05-04,,,
3974,Jaipur,North,2024-05-05,86.2,46.2,78.6
3975,Jaipur,North,2024-05-06,107.5,63.8,82.5
3976,Jaipur,North,2024-05-07,89.8,48.9,75.4
3977,Jaipur,North,2024-05-08,110.4,55.6,103.1
3978,Jaipur,North,2024-05-09,113.3,65.2,94.3
3979,Jaipur,North,2024-05-10,81.5,39.2,74.7
3980,Jaipur,North,2024-05-11,98.1,61.1,85.0
3981,Jaipur,North,2024-05-12,83.8,50.7,69.7
3982,Jaipur,North,2024-05-13,101.2,58.3,77.4
3983,Jaipur,North,2024-05-14,86.1,53.0,64.6
3984,Jaipur,North,2024-05-15,85.9,41.9,65.3
3985,Jaipur,North,2024-05-16,94.6,49.8,73.7
3986,Jaipur,North,2024-05-17,92.7,52.1,65.7
3987,Jaipur,North,2024-05-18,94.5,50.9,69.4
3988,Jaipur,North,2024-05-19,113.6,62.9,95.2
3989,Jaipur,North,2024-05-20,106.0,59.3,88.1
3990,Jaipur,North,2024-05-21,96.2,47.9,83.7
3991,Jaipur,North,2024-05-22,101.7,51.5,89.8
3992,Jaipur,North,2024-05-23,117.4,59.2,110.2
3993,Jaipur,North,2024-05-24,114.2,66.7,95.9
3994,Jaipur,North,2024-05-25,120.4,65.0,105.8
3995,Jaipur,North,2024-05-26,93.4,46.1,83.0
3996,Jaipur,North,2024-05-27,116.4,58.7,98.5
3997,Jaipur,North,2024-05-28,92.0,46.6,75.7
3998,Jaipur,North,2024-05-29,112.0,67.3,97.9
3999,Jaipur,North,2024-05-30,101.4,58.5,80.7
4000,Jaipur,North,2024-05-31,102.5,54.3,88.5
4001,Jaipur,North,2024-06-01,44.3,26.3,36.0
4002,Jaipur,North,2024-06-02,67.2,37.8,65.4
4003,Jaipur,North,2024-06-03,61.1,27.3,58.1
4004,Jaipur,North,2024-06-04,75.1,39.1,70.1
4005,Jaipur,North,2024-06-05,77.5,37.9,60.3
4006,Jaipur,North,2024-06-06,50.0,33.8,31.6
4007,Jaipur,North,2024-06-07,52.8,30.4,51.7
4008,Jaipur,North,2024-06-08,78.2,44.5,70.3
4009,Jaipur,North,2024-06-09,78.0,44.7,65.0
4010,Jaipur,North,2024-06-10,67.7,39.6,61.3
4011,Jaipur,North,2024-06-11,67.4,33.7,57.8
4012,Jaipur,North,2024-06-12,72.6,35.6,57.3
4013,Jaipur,North,2024-06-13,70.1,41.2,58.2
4014,Jaipur,North,2024-06-14,62.1,34.5,50.2
4015,Jaipur,North,2024-06-15,59.2,25.4,48.9
4016,Jaipur,North,2024-06-16,84.5,43.7,68.3
4017,Jaipur,North,2024-06-17,70.6,41.8,73.4
4018,Jaipur,North,2024-06-18,59.4,34.7,44.3
4019,Jaipur,North,2024-06-19,54.9,27.4,46.2
4020,Jaipur,North,2024-06-20,70.7,39.9,55.1
4021,Jaipur,North,2024-06-21,65.0,31.2,51.7
4022,Jaipur,North,2024-06-22,50.9,26.9,45.3
4023,Jaipur,North,2024-06-23,90.4,46.9,80.2
4024,Jaipur,North,2024-06-24,67.9,36.1,53.8
4025,Jaipur,North,2024-06-25,,,
4026,Jaipur,North,2024-06-26,64.2,38.9,45.2
4027,Jaipur,North,2024-06-27,82.0,42.3,73.3
4028,Jaipur,North,2024-06-28,69.4,37.5,61.7
4029,Jaipur,North,2024-06-29,80.6,44.5,74.9
4030,Jaipur,North,2024-06-30,87.9,48.8,69.8
4031,Jaipur,North,2024-07-01,60.2,34.6,56.9
4032,Jaipur,North,2024-07-02,42.4,22.6,32.5
4033,Jaipur,North,2024-07-03,85.2,43.1,75.9
4034,Jaipur,North,2024-07-04,65.8,39.7,66.2
4035,Jaipur,North,2024-07-05,61.6,28.7,60.5
4036,Jaipur,North,2024-07-06,56.6,31.7,52.2
4037,Jaipur,North,2024-07-07,46.9,23.5,41.2
4038,Jaipur,North,2024-07-08,57.4,38.8,40.9
4039,Jaipur,North,2024-07-09,74.7,38.7,63.9
4040,Jaipur,North,2024-07-10,56.2,32.8,54.4
4041,Jaipur,North,2024-07-11,71.1,38.7,46.9
4042,Jaipur,North,2024-07-12,67.5,29.2,63.2
4043,Jaipur,North,2024-07-13,51.8,21.1,34.4
4044,Jaipur,North,2024-07-14,64.8,32.2,55.4
4045,Jaipur,North,2024-07-15,49.4,30.0,50.8
4046,Jaipur,North,2024-07-16,65.4,31.8,47.5
4047,Jaipur,North,2024-07-17,54.8,34.3,42.4
4048,Jaipur,North,2024-07-18,45.6,35.3,48.0
4049,Jaipur,North,2024-07-19,82.1,42.3,74.2
4050,Jaipur,North,2024-07-20,53.4,27.2,48.8
4051,Jaipur,North,2024-07-21,50.7,27.6,34.9
4052,Jaipur,North,2024-07-22,74.9,39.4,64.2
4053,Jaipur,North,2024-07-23,66.9,33.2,52.9
4054,Jaipur,North,2024-07-24,54.5,19.8,47.0
4055,Jaipur,North,2024-07-25,74.8,45.3,62.8
4056,Jaipur,North,2024-07-26,74.1,36.9,61.1
4057,Jaipur,North,2024-07-27,40.8,19.7,37.1
4058,Jaipur,North,2024-07-28,45.8,24.6,52.8
4059,Jaipur,North,2024-07-29,74.8,41.4,71.1
4060,Jaipur,North,2024-07-30,73.6,38.3,80.1
4061,Jaipur,North,2024-07-31,76.6,46.0,71.6
4062,Jaipur,North,2024-08-01,54.7,29.4,51.2
4063,Jaipur,North,2024-08-02,60.9,33.6,48.8
4064,Jaipur,North,2024-08-03,58.8,37.1,47.4
4065,Jaipur,North,2024-08-04,81.8,47.5,60.4
4066,Jaipur,North,2024-08-05,55.0,27.4,55.0
4067,Jaipur,North,2024-08-06,61.8,37.4,60.1
4068,Jaipur,North,2024-08-07,68.5,34.6,59.0
4069,Jaipur,North,2024-08-08,74.9,40.9,68.2
4070,Jaipur,North,2024-08-09,56.8,25.8,45.3
4071,Jaipur,North,2024-08-10,67.9,31.2,59.1
4072,Jaipur,North,2024-08-11,57.6,25.6,50.6
4073,Jaipur,North,2024-08-12,81.8,39.2,84.1
4074,Jaipur,North,2024-08-13,65.8,32.7,57.6
4075,Jaipur,North,2024-08-14,42.3,23.8,36.1
4076,Jaipur,North,2024-08-15,35.0,10.8,22.2
4077,Jaipur,North,2024-08-16,58.4,32.8,47.0
4078,Jaipur,North,2024-08-17,52.1,30.5,46.1
4079,Jaipur,North,2024-08-18,63.1,32.2,45.8
4080,Jaipur,North,2024-08-19,60.9,39.1,54.2
4081,Jaipur,North,2024-08-20,76.7,35.9,66.0
4082,Jaipur,North,2024-08-21,48.6,28.4,42.8
4083,Jaipur,North,2024-08-22,68.2,42.1,55.1
4084,Jaipur,North,2024-08-23,78.2,43.2,62.1
4085,Jaipur,North,2024-08-24,60.4,35.9,47.4
4086,Jaipur,North,2024-08-25,72.5,40.6,57.3
4087,Jaipur,North,2024-08-26,33.2,17.9,33.2
4088,Jaipur,North,2024-08-27,57.7,34.6,43.2
4089,Jaipur,North,2024-08-28,78.1,49.4,67.7
4090,Jaipur,North,2024-08-29,70.4,33.2,68.5
4091,Jaipur,North,2024-08-30,56.1,33.3,60.0
4092,Jaipur,North,2024-08-31,69.4,39.3,61.9
4093,Jaipur,North,2024-09-01,57.5,29.2,56.1
4094,Jaipur,North,2024-09-02,56.0,29.4,39.3
4095,Jaipur,North,2024-09-03,67.0,32.7,55.7
4096,Jaipur,North,2024-09-04,61.4,33.5,47.8
4097,Jaipur,North,2024-09-05,61.2,38.1,57.6
4098,Jaipur,North,2024-09-06,72.0,41.7,51.3
4099,Jaipur,North,2024-09-07,62.2,35.3,54.4
4100,Jaipur,North,2024-09-08,71.7,34.3,63.4
4101,Jaipur,North,2024-09-09,58.2,33.1,59.5
4102,Jaipur,North,2024-09-10,71.4,39.1,55.4
4103,Jaipur,North,2024-09-11,76.3,34.1,60.1
4104,Jaipur,North,2024-09-12,35.4,18.6,25.1
4105,Jaipur,North,2024-09-13,58.1,27.8,61.0
4106,Jaipur,North,2024-09-14,74.1,43.6,58.7
4107,Jaipur,North,2024-09-15,73.9,40.4,60.6
4108,Jaipur,North,2024-09-16,46.1,25.6,23.4
4109,Jaipur,North,2024-09-17,55.2,21.1,48.9
4110,Jaipur,North,2024-09-18,71.1,42.4,51.8
4111,Jaipur,North,2024-09-19,76.9,50.0,61.9
4112,Jaipur,North,2024-09-20,53.4,26.7,41.5
4113,Jaipur,North,2024-09-21,74.7,38.5,65.6
4114,Jaipur,North,2024-09-22,63.9,31.1,54.2
4115,Jaipur,North,2024-09-23,64.5,35.8,56.2
4116,Jaipur,North,2024-09-24,60.4,34.6,40.6
4117,Jaipur,North,2024-09-25,57.9,36.7,50.7
4118,Jaipur,North,2024-09-26,,,
4119,Jaipur,North,2024-09-27,62.3,26.6,50.3
4120,Jaipur,North,2024-09-28,61.5,24.9,41.3
4121,Jaipur,North,2024-09-29,62.4,32.7,63.5
4122,Jaipur,North,2024-09-30,88.2,36.3,70.3
4123,Jaipur,North,2024-10-01,184.4,102.5,164.9
4124,Jaipur,North,2024-10-02,185.1,101.0,163.7
4125,Jaipur,North,2024-10-03,169.5,88.0,144.6
4126,Jaipur,North,2024-10-04,185.9,105.4,155.4
4127,Jaipur,North,2024-10-05,187.8,108.5,167.5
4128,Jaipur,North,2024-10-06,147.9,77.8,121.7
4129,Jaipur,North,2024-10-07,162.2,80.6,134.1
4130,Jaipur,North,2024-10-08,184.1,97.0,169.2
4131,Jaipur,North,2024-10-09,158.5,88.5,133.2
4132,Jaipur,North,2024-10-10,155.9,86.5,133.1
4133,Jaipur,North,2024-10-11,169.4,97.7,148.4
4134,Jaipur,North,2024-10-12,151.9,88.6,123.4
4135,Jaipur,North,2024-10-13,147.8,84.4,132.2
4136,Jaipur,North,2024-10-14,159.8,87.9,131.3
4137,Jaipur,North,2024-10-15,178.1,95.8,152.6
4138,Jaipur,North,2024-10-16,155.5,87.6,132.2
4139,Jaipur,North,2024-10-17,201.4,116.0,167.6
4140,Jaipur,North,2024-10-18,155.4,88.2,126.7
4141,Jaipur,North,2024-10-19,179.6,102.8,161.4
4142,Jaipur,North,2024-10-20,188.8,108.5,160.2
4143,Jaipur,North,2024-10-21,170.2,94.3,154.2
4144,Jaipur,North,2024-10-22,166.2,91.3,146.2
4145,Jaipur,North,2024-10-23,156.2,84.2,132.8
4146,Jaipur,North,2024-10-24,165.8,88.9,143.1
4147,Jaipur,North,2024-10-25,159.4,89.7,133.4
4148,Jaipur,North,2024-10-26,151.5,72.0,122.2
4149,Jaipur,North,2024-10-27,175.8,95.7,145.6
4150,Jaipur,North,2024-10-28,169.5,94.5,142.1
4151,Jaipur,North,2024-10-29,158.3,92.1,133.9
4152,Jaipur,North,2024-10-30,175.7,93.9,149.9
4153,Jaipur,North,2024-10-31,182.7,96.6,153.7
4154,Jaipur,North,2024-11-01,264.3,140.5,234.5
4155,Jaipur,North,2024-11-02,254.2,141.5,211.3
4156,Jaipur,North,2024-11-03,266.4,144.3,222.0
4157,Jaipur,North,2024-11-04,267.4,137.5,221.3
4158,Jaipur,North,2024-11-05,270.4,154.8,229.3
4159,Jaipur,North,2024-11-06,212.2,119.9,182.4
4160,Jaipur,North,2024-11-07,209.3,111.7,169.9
4161,Jaipur,North,2024-11-08,235.9,124.7,192.6
4162,Jaipur,North,2024-11-09,224.5,126.7,186.3
4163,Jaipur,North,2024-11-10,231.1,121.2,200.0
4164,Jaipur,North,2024-11-11,224.4,122.9,176.9
4165,Jaipur,North,2024-11-12,233.9,128.1,199.0
4166,Jaipur,North,2024-11-13,209.4,120.1,174.5
4167,Jaipur,North,2024-11-14,227.1,123.7,190.4
4168,Jaipur,North,2024-11-15,230.3,128.1,202.6
4169,Jaipur,North,2024-11-16,216.3,121.6,177.3
4170,Jaipur,North,2024-11-17,223.8,115.9,189.5
4171,Jaipur,North,2024-11-18,220.6,118.1,182.7
4172,Jaipur,North,2024-11-19,220.5,125.3,186.1
4173,Jaipur,North,2024-11-20,223.6,124.2,197.6
4174,Jaipur,North,2024-11-21,236.2,131.6,190.1
4175,Jaipur,North,2024-11-22,230.7,124.1,198.4
4176,Jaipur,North,2024-11-23,214.2,119.8,179.2
4177,Jaipur,North,2024-11-24,218.1,120.5,176.5
4178,Jaipur,North,2024-11-25,237.1,130.0,200.3
4179,Jaipur,North,2024-11-26,212.4,119.2,173.7
4180,Jaipur,North,2024-11-27,236.3,126.3,200.8
4181,Jaipur,North,2024-11-28,214.5,117.9,186.6
4182,Jaipur,North,2024-11-29,216.0,113.8,181.7
4183,Jaipur,North,2024-11-30,213.7,118.1,173.9
4184,Jaipur,North,2024-12-01,216.7,121.8,184.6
4185,Jaipur,North,2024-12-02,210.9,114.4,179.9
4186,Jaipur,North,2024-12-03,232.1,123.5,197.6
4187,Jaipur,North,2024-12-04,212.1,110.0,185.8
4188,Jaipur,North,2024-12-05,230.5,129.1,200.8
4189,Jaipur,North,2024-12-06,220.3,126.1,192.0
4190,Jaipur,North,2024-12-07,214.7,116.1,172.4
4191,Jaipur,North,2024-12-08,,,
4192,Jaipur,North,2024-12-09,213.4,119.5,180.8
4193,Jaipur,North,2024-12-10,205.9,115.2,177.6
4194,Jaipur,North,2024-12-11,230.0,123.3,186.6
4195,Jaipur,North,2024-12-12,227.9,129.6,213.4
4196,Jaipur,North,2024-12-13,199.2,107.6,174.7
4197,Jaipur,North,2024-12-14,230.6,130.9,188.0
4198,Jaipur,North,2024-12-15,208.9,117.4,164.9
4199,Jaipur,North,2024-12-16,217.4,113.0,185.3
4200,Jaipur,North,2024-12-17,220.5,127.1,185.5
4201,Jaipur,North,2024-12-18,239.9,133.0,201.6
4202,Jaipur,North,2024-12-19,206.1,115.5,171.3
4203,Jaipur,North,2024-12-20,245.1,134.2,211.3
4204,Jaipur,North,2024-12-21,231.9,117.3,193.0
4205,Jaipur,North,2024-12-22,225.9,126.0,191.4
4206,Jaipur,North,2024-12-23,241.6,136.7,210.7
4207,Jaipur,North,2024-12-24,,,
4208,Jaipur,North,2024-12-25,222.1,116.4,193.3
4209,Jaipur,North,2024-12-26,241.2,136.6,208.7
4210,Jaipur,North,2024-12-27,219.6,128.7,190.4
4211,Jaipur,North,2024-12-28,219.8,116.7,186.6
4212,Jaipur,North,2024-12-29,204.2,116.1,179.7
4213,Jaipur,North,2024-12-30,220.7,115.4,183.6
4214,Jaipur,North,2024-12-31,245.2,141.3,212.4
4215,Jaipur,North,2025-01-01,243.7,138.0,204.5
4216,Jaipur,North,2025-01-02,216.0,121.7,190.7
4217,Jaipur,North,2025-01-03,198.8,109.5,163.0
4218,Jaipur,North,2025-01-04,202.2,108.6,172.3
4219,Jaipur,North,2025-01-05,227.8,126.0,197.5
4220,Jaipur,North,2025-01-06,219.8,116.5,199.3
4221,Jaipur,North,2025-01-07,250.3,132.9,206.8
4222,Jaipur,North,2025-01-08,209.1,115.4,177.7
4223,Jaipur,North,2025-01-09,214.3,118.5,183.7
4224,Jaipur,North,2025-01-10,230.1,126.4,192.9
4225,Jaipur,North,2025-01-11,225.0,115.7,189.6
4226,Jaipur,North,2025-01-12,202.4,112.3,174.8
4227,Jaipur,North,2025-01-13,223.8,122.1,201.8
4228,Jaipur,North,2025-01-14,241.3,137.6,205.8
4229,Jaipur,North,2025-01-15,235.6,129.0,205.5
4230,Jaipur,North,2025-01-16,202.8,113.9,162.7
4231,Jaipur,North,2025-01-17,224.5,124.6,199.5
4232,Jaipur,North,2025-01-18,222.8,120.1,193.0
4233,Jaipur,North,2025-01-19,233.8,130.1,196.8
4234,Jaipur,North,2025-01-20,231.3,122.9,197.0
4235,Jaipur,North,2025-01-21,217.0,122.7,179.5
4236,Jaipur,North,2025-01-22,240.6,138.9,204.9
4237,Jaipur,North,2025-01-23,209.2,117.0,175.7
4238,Jaipur,North,2025-01-24,225.8,126.4,195.2
4239,Jaipur,North,2025-01-25,228.3,118.8,194.4
4240,Jaipur,North,2025-01-26,214.7,119.6,166.3
4241,Jaipur,North,2025-01-27,212.6,114.4,170.7
4242,Jaipur,North,2025-01-28,227.1,127.5,197.4
4243,Jaipur,North,2025-01-29,221.2,119.2,194.9
4244,Jaipur,North,2025-01-30,216.0,125.5,188.3
4245,Jaipur,North,2025-01-31,219.7,126.5,194.2
4246,Jaipur,North,2025-02-01,148.0,81.9,124.1
4247,Jaipur,North,2025-02-02,168.8,100.1,151.2
4248,Jaipur,North,2025-02-03,198.3,113.4,168.9
4249,Jaipur,North,2025-02-04,162.6,91.8,142.7
4250,Jaipur,North,2025-02-05,169.7,91.9,149.5
4251,Jaipur,North,2025-02-06,173.4,103.6,144.8
4252,Jaipur,North,2025-02-07,179.8,100.6,167.7
4253,Jaipur,North,2025-02-08,169.6,91.4,146.3
4254,Jaipur,North,2025-02-09,169.2,99.0,149.9
4255,Jaipur,North,2025-02-10,177.6,98.0,137.3
4256,Jaipur,North,2025-02-11,157.7,85.0,128.2
4257,Jaipur,North,2025-02-12,181.0,106.7,150.7
4258,Jaipur,North,2025-02-13,159.1,88.3,145.9
4259,Jaipur,North,2025-02-14,169.3,90.0,146.8
4260,Jaipur,North,2025-02-15,155.6,81.4,134.3
4261,Jaipur,North,2025-02-16,157.4,86.3,132.7
4262,Jaipur,North,2025-02-17,157.4,88.9,146.3
4263,Jaipur,North,2025-02-18,178.4,95.3,149.2
4264,Jaipur,North,2025-02-19,178.8,97.2,149.0
4265,Jaipur,North,2025-02-20,162.6,89.9,139.6
4266,Jaipur,North,2025-02-21,168.5,95.2,148.3
4267,Jaipur,North,2025-02-22,188.9,105.3,163.2
4268,Jaipur,North,2025-02-23,177.4,96.3,156.2
4269,Jaipur,North,2025-02-24,149.8,84.9,124.4
4270,Jaipur,North,2025-02-25,174.4,101.6,155.7
4271,Jaipur,North,2025-02-26,194.3,95.9,170.9
4272,Jaipur,North,2025-02-27,169.2,98.4,140.3
4273,Jaipur,North,2025-02-28,178.0,95.4,149.2
4274,Jaipur,North,2025-03-01,154.8,85.7,128.5
4275,Jaipur,North,2025-03-02,165.8,98.5,136.1
4276,Jaipur,North,2025-03-03,185.2,101.0,156.2
4277,Jaipur,North,2025-03-04,174.0,94.2,164.1
4278,Jaipur,North,2025-03-05,160.8,87.3,137.5
4279,Jaipur,North,2025-03-06,,,
4280,Jaipur,North,2025-03-07,167.8,93.1,150.4
4281,Jaipur,North,2025-03-08,188.9,100.5,147.3
4282,Jaipur,North,2025-03-09,184.7,102.6,159.8
4283,Jaipur,North,2025-03-10,159.7,89.7,139.2
4284,Jaipur,North,2025-03-11,189.6,114.2,163.2
4285,Jaipur,North,2025-03-12,175.0,96.8,150.6
4286,Jaipur,North,2025-03-13,144.4,78.1,120.7
4287,Jaipur,North,2025-03-14,192.9,109.8,160.4
4288,Jaipur,North,2025-03-15,165.5,88.4,133.2
4289,Jaipur,North,2025-03-16,178.7,102.2,150.0
4290,Jaipur,North,2025-03-17,147.7,81.4,131.0
4291,Jaipur,North,2025-03-18,168.1,87.7,141.8
4292,Jaipur,North,2025-03-19,,,
4293,Jaipur,North,2025-03-20,162.5,90.4,132.3
4294,Jaipur,North,2025-03-21,,,
4295,Jaipur,North,2025-03-22,195.1,105.9,171.4
4296,Jaipur,North,2025-03-23,165.0,94.6,133.9
4297,Jaipur,North,2025-03-24,157.6,91.6,137.9
4298,Jaipur,North,2025-03-25,145.0,76.3,123.8
4299,Jaipur,North,2025-03-26,191.2,106.0,163.1
4300,Jaipur,North,2025-03-27,155.7,91.1,138.2
4301,Jaipur,North,2025-03-28,148.5,83.0,109.3
4302,Jaipur,North,2025-03-29,170.6,90.4,146.5
4303,Jaipur,North,2025-03-30,,,
4304,Jaipur,North,2025-03-31,167.0,88.3,135.7
4305,Jaipur,North,2025-04-01,114.2,63.0,104.7
4306,Jaipur,North,2025-04-02,98.5,55.6,92.1
4307,Jaipur,North,2025-04-03,98.2,52.1,77.8
4308,Jaipur,North,2025-04-04,93.4,54.8,81.6
4309,Jaipur,North,2025-04-05,99.1,55.7,89.0
4310,Jaipur,North,2025-04-06,109.7,56.4,87.7
4311,Jaipur,North,2025-04-07,121.0,66.5,107.1
4312,Jaipur,North,2025-04-08,93.7,46.5,74.7
4313,Jaipur,North,2025-04-09,112.5,60.0,101.8
4314,Jaipur,North,2025-04-10,106.2,53.3,85.1
4315,Jaipur,North,2025-04-11,102.6,62.6,91.7
4316,Jaipur,North,2025-04-12,73.2,42.3,60.6
4317,Jaipur,North,2025-04-13,102.6,59.8,81.0
4318,Jaipur,North,2025-04-14,112.8,61.2,89.7
4319,Jaipur,North,2025-04-15,106.8,54.9,85.2
4320,Jaipur,North,2025-04-16,90.9,52.0,83.4
4321,Jaipur,North,2025-04-17,94.1,59.6,79.0
4322,Jaipur,North,2025-04-18,106.5,59.8,90.2
4323,Jaipur,North,2025-04-19,86.0,47.7,69.3
4324,Jaipur,North,2025-04-20,90.3,45.2,78.1
4325,Jaipur,North,2025-04-21,94.4,52.1,76.4
4326,Jaipur,North,2025-04-22,84.0,41.8,78.7
4327,Jaipur,North,2025-04-23,107.0,59.9,94.4
4328,Jaipur,North,2025-04-24,85.7,50.4,62.9
4329,Jaipur,North,2025-04-25,92.6,48.1,75.1
4330,Jaipur,North,2025-04-26,77.9,46.8,55.4
4331,Jaipur,North,2025-04-27,109.6,61.5,94.2
4332,Jaipur,North,2025-04-28,96.5,50.7,76.8
4333,Jaipur,North,2025-04-29,116.1,61.8,93.4
4334,Jaipur,North,2025-04-30,110.3,68.6,85.8
4335,Jaipur,North,2025-05-01,98.1,53.1,76.4
4336,Jaipur,North,2025-05-02,84.9,48.4,70.9
4337,Jaipur,North,2025-05-03,107.7,53.0,83.7
4338,Jaipur,North,2025-05-04,88.8,47.8,76.3
4339,Jaipur,North,2025-05-05,94.1,43.3,74.3
4340,Jaipur,North,2025-05-06,118.0,61.4,101.6
4341,Jaipur,North,2025-05-07,92.9,52.0,83.1
4342,Jaipur,North,2025-05-08,77.3,41.0,73.3
4343,Jaipur,North,2025-05-09,88.9,45.4,75.6
4344,Jaipur,North,2025-05-10,105.0,51.4,94.6
4345,Jaipur,North,2025-05-11,98.7,54.2,84.9
4346,Jaipur,North,2025-05-12,97.2,57.2,81.4
4347,Jaipur,North,2025-05-13,104.0,56.6,89.8
4348,Jaipur,North,2025-05-14,101.2,50.6,90.3
4349,Jaipur,North,2025-05-15,86.0,49.6,74.5
4350,Jaipur,North,2025-05-16,87.2,47.9,71.7
4351,Jaipur,North,2025-05-17,102.1,52.5,92.6
4352,Jaipur,North,2025-05-18,101.6,59.8,82.7
4353,Jaipur,North,2025-05-19,91.6,51.7,69.5
4354,Jaipur,North,2025-05-20,92.3,56.2,74.7
4355,Jaipur,North,2025-05-21,100.9,49.8,91.3
4356,Jaipur,North,2025-05-22,85.8,42.3,74.0
4357,Jaipur,North,2025-05-23,87.4,40.1,67.6
4358,Jaipur,North,2025-05-24,102.7,54.5,89.6
4359,Jaipur,North,2025-05-25,108.4,61.5,100.2
4360,Jaipur,North,2025-05-26,101.0,60.4,83.7
4361,Jaipur,North,2025-05-27,115.5,66.9,104.2
4362,Jaipur,North,2025-05-28,136.5,76.3,119.7
4363,Jaipur,North,2025-05-29,111.4,65.1,98.6
4364,Jaipur,North,2025-05-30,108.7,59.7,88.9
4365,Jaipur,North,2025-05-31,84.5,46.8,68.0
4366,Jaipur,North,2025-06-01,47.6,32.2,47.0
4367,Jaipur,North,2025-06-02,67.3,32.2,56.9
4368,Jaipur,North,2025-06-03,65.8,34.3,64.6
4369,Jaipur,North,2025-06-04,76.6,37.7,67.5
4370,Jaipur,North,2025-06-05,45.1,26.7,42.5
4371,Jaipur,North,2025-06-06,81.5,34.9,78.6
4372,Jaipur,North,2025-06-07,53.9,32.6,40.0
4373,Jaipur,North,2025-06-08,65.8,38.3,54.6
4374,Jaipur,North,2025-06-09,71.5,37.5,56.7
4375,Jaipur,North,2025-06-10,55.5,24.6,47.1
4376,Jaipur,North,2025-06-11,57.9,38.0,46.3
4377,Jaipur,North,2025-06-12,79.3,33.0,70.1
4378,Jaipur,North,2025-06-13,68.6,42.2,69.1
4379,Jaipur,North,2025-06-14,70.3,45.3,57.8
4380,Jaipur,North,2025-06-15,58.9,36.7,51.9
4381,Jaipur,North,2025-06-16,78.4,39.7,64.9
4382,Jaipur,North,2025-06-17,68.3,37.5,63.6
4383,Jaipur,North,2025-06-18,99.8,54.3,93.5
4384,Jaipur,North,2025-06-19,62.3,28.5,44.1
4385,Jaipur,North,2025-06-20,53.6,21.3,44.5
4386,Jaipur,North,2025-06-21,73.0,31.2,59.7
4387,Jaipur,North,2025-06-22,49.8,32.5,50.0
4388,Jaipur,North,2025-06-23,68.9,38.2,56.0
4389,Jaipur,North,2025-06-24,63.5,41.3,57.9
4390,Jaipur,North,2025-06-25,68.1,44.8,59.2
4391,Jaipur,North,2025-06-26,69.0,36.2,49.0
4392,Jaipur,North,2025-06-27,66.0,34.6,61.3
4393,Jaipur,North,2025-06-28,48.1,21.1,40.8
4394,Jaipur,North,2025-06-29,55.4,28.2,46.9
4395,Jaipur,North,2025-06-30,52.4,28.1,55.5
4396,Jaipur,North,2025-07-01,65.3,34.4,56.4
4397,Jaipur,North,2025-07-02,55.5,32.1,52.5
4398,Jaipur,North,2025-07-03,57.7,29.6,51.6
4399,Jaipur,North,2025-07-04,43.8,29.2,32.4
4400,Jaipur,North,2025-07-05,41.5,22.9,28.4
4401,Jaipur,North,2025-07-06,47.5,21.8,39.9
4402,Jaipur,North,2025-07-07,69.4,30.4,58.3
4403,Jaipur,North,2025-07-08,52.5,27.5,47.7
4404,Jaipur,North,2025-07-09,67.5,41.4,51.1
4405,Jaipur,North,2025-07-10,64.5,36.9,50.6
4406,Jaipur,North,2025-07-11,54.1,23.3,36.9
4407,Jaipur,North,2025-07-12,86.2,44.6,73.4
4408,Jaipur,North,2025-07-13,66.2,34.5,56.8
4409,Jaipur,North,2025-07-14,,,
4410,Jaipur,North,2025-07-15,66.1,34.5,54.4
4411,Jaipur,North,2025-07-16,78.7,49.4,63.2
4412,Jaipur,North,2025-07-17,69.5,35.7,52.8
4413,Jaipur,North,2025-07-18,63.8,36.6,65.7
4414,Jaipur,North,2025-07-19,53.5,24.8,32.8
4415,Jaipur,North,2025-07-20,47.9,28.5,43.6
4416,Jaipur,North,2025-07-21,86.0,50.9,71.9
4417,Jaipur,North,2025-07-22,72.2,45.2,51.5
4418,Jaipur,North,2025-07-23,41.1,23.8,37.8
4419,Jaipur,North,2025-07-24,42.0,21.3,28.1
4420,Jaipur,North,2025-07-25,68.4,43.1,63.3
4421,Jaipur,North,2025-07-26,79.6,42.0,63.4
4422,Jaipur,North,2025-07-27,77.0,39.8,65.9
4423,Jaipur,North,2025-07-28,72.1,35.1,47.9
4424,Jaipur,North,2025-07-29,79.1,42.9,72.1
4425,Jaipur,North,2025-07-30,70.2,32.0,61.1
4426,Jaipur,North,2025-07-31,57.6,30.5,45.4
4427,Jaipur,North,2025-08-01,64.3,36.5,49.7
4428,Jaipur,North,2025-08-02,72.6,47.6,60.7
4429,Jaipur,North,2025-08-03,82.6,44.8,67.7
4430,Jaipur,North,2025-08-04,54.1,34.8,45.0
4431,Jaipur,North,2025-08-05,55.0,34.4,44.9
4432,Jaipur,North,2025-08-06,68.0,30.2,52.7
4433,Jaipur,North,2025-08-07,60.4,35.5,54.4
4434,Jaipur,North,2025-08-08,67.2,34.7,65.0
4435,Jaipur,North,2025-08-09,62.1,33.1,43.9
4436,Jaipur,North,2025-08-10,74.8,44.7,70.8
4437,Jaipur,North,2025-08-11,56.5,36.3,50.3
4438,Jaipur,North,2025-08-12,40.9,23.1,31.7
4439,Jaipur,North,2025-08-13,71.7,35.4,53.0
4440,Jaipur,North,2025-08-14,60.6,43.0,48.8
4441,Jaipur,North,2025-08-15,57.2,27.7,38.9
4442,Jaipur,North,2025-08-16,53.7,32.2,37.1
4443,Jaipur,North,2025-08-17,56.6,29.1,51.2
4444,Jaipur,North,2025-08-18,63.3,33.1,65.5
4445,Jaipur,North,2025-08-19,83.3,48.1,65.3
4446,Jaipur,North,2025-08-20,64.8,27.5,43.9
4447,Jaipur,North,2025-08-21,53.8,28.9,48.0
4448,Jaipur,North,2025-08-22,59.8,26.7,49.5
4449,Jaipur,North,2025-08-23,62.3,36.3,58.1
4450,Jaipur,North,2025-08-24,71.1,44.1,63.3
4451,Jaipur,North,2025-08-25,65.0,39.7,57.3
4452,Jaipur,North,2025-08-26,45.4,27.9,42.1
4453,Jaipur,North,2025-08-27,52.9,32.5,37.6
4454,Jaipur,North,2025-08-28,89.2,39.8,78.0
4455,Jaipur,North,2025-08-29,56.4,29.5,51.8
4456,Jaipur,North,2025-08-30,73.3,43.8,69.7
4457,Jaipur,North,2025-08-31,52.0,27.8,42.3
4458,Jaipur,North,2025-09-01,65.5,27.8,62.5
4459,Jaipur,North,2025-09-02,70.9,42.3,63.1
4460,Jaipur,North,2025-09-03,56.1,27.1,43.6
4461,Jaipur,North,2025-09-04,45.4,21.4,36.3
4462,Jaipur,North,2025-09-05,65.9,33.5,66.7
4463,Jaipur,North,2025-09-06,57.0,32.0,49.6
4464,Jaipur,North,2025-09-07,46.2,26.5,28.1
4465,Jaipur,North,2025-09-08,57.5,28.7,45.4
4466,Jaipur,North,2025-09-09,70.1,43.7,60.7
4467,Jaipur,North,2025-09-10,73.2,37.9,56.6
4468,Jaipur,North,2025-09-11,66.1,32.2,57.1
4469,Jaipur,North,2025-09-12,,,
4470,Jaipur,North,2025-09-13,52.0,31.2,45.6
4471,Jaipur,North,2025-09-14,62.4,30.4,54.2
4472,Jaipur,North,2025-09-15,80.4,44.8,67.9
4473,Jaipur,North,2025-09-16,83.8,45.7,71.9
4474,Jaipur,North,2025-09-17,85.6,55.1,73.7
4475,Jaipur,North,2025-09-18,64.2,33.6,50.5
4476,Jaipur,North,2025-09-19,60.2,36.8,61.1
4477,Jaipur,North,2025-09-20,56.3,30.6,50.3
4478,Jaipur,North,2025-09-21,67.2,34.3,50.2
4479,Jaipur,North,2025-09-22,44.9,25.3,40.2
4480,Jaipur,North,2025-09-23,65.5,38.8,54.1
4481,Jaipur,North,2025-09-24,62.1,25.4,62.4
4482,Jaipur,North,2025-09-25,52.0,31.9,53.5
4483,Jaipur,North,2025-09-26,67.3,39.4,58.0
4484,Jaipur,North,2025-09-27,72.1,39.2,52.9
4485,Jaipur,North,2025-09-28,63.2,28.0,56.4
4486,Jaipur,North,2025-09-29,67.0,40.8,52.8
4487,Jaipur,North,2025-09-30,49.5,28.2,39.8
4488,Jaipur,North,2025-10-01,166.4,87.6,136.6
4489,Jaipur,North,2025-10-02,178.7,97.7,152.8
4490,Jaipur,North,2025-10-03,193.1,110.7,164.5
4491,Jaipur,North,2025-10-04,183.9,98.1,150.9
4492,Jaipur,North,2025-10-05,172.9,96.5,147.8
4493,Jaipur,North,2025-10-06,192.9,100.9,168.8
4494,Jaipur,North,2025-10-07,176.4,99.9,147.0
4495,Jaipur,North,2025-10-08,160.8,87.4,135.6
4496,Jaipur,North,2025-10-09,154.8,87.4,126.3
4497,Jaipur,North,2025-10-10,152.8,85.2,129.5
4498,Jaipur,North,2025-10-11,155.0,83.0,127.5
4499,Jaipur,North,2025-10-12,160.3,83.1,135.3
4500,Jaipur,North,2025-10-13,175.8,94.1,154.1
4501,Jaipur,North,2025-10-14,173.4,100.4,148.8
4502,Jaipur,North,2025-10-15,164.2,91.2,140.0
4503,Jaipur,North,2025-10-16,155.2,81.8,134.9
4504,Jaipur,North,2025-10-17,161.7,91.6,129.0
4505,Jaipur,North,2025-10-18,172.0,92.7,139.7
4506,Jaipur,North,2025-10-19,163.7,87.1,149.9
4507,Jaipur,North,2025-10-20,179.2,97.0,161.7
4508,Jaipur,North,2025-10-21,,,
4509,Jaipur,North,2025-10-22,174.1,95.0,143.6
4510,Jaipur,North,2025-10-23,166.9,89.4,135.4
4511,Jaipur,North,2025-10-24,163.7,87.2,131.9
4512,Jaipur,North,2025-10-25,160.2,91.1,141.6
4513,Jaipur,North,2025-10-26,171.9,91.2,142.8
4514,Jaipur,North,2025-10-27,171.0,97.4,141.3
4515,Jaipur,North,2025-10-28,157.0,82.5,132.2
4516,Jaipur,North,2025-10-29,174.9,101.1,137.3
4517,Jaipur,North,2025-10-30,162.8,89.7,130.5
4518,Jaipur,North,2025-10-31,163.6,83.2,136.5
4519,Jaipur,North,2025-11-01,278.3,159.2,232.4
4520,Jaipur,North,2025-11-02,267.1,151.5,231.4
4521,Jaipur,North,2025-11-03,275.3,153.4,232.5
4522,Jaipur,North,2025-11-04,257.6,140.1,223.1
4523,Jaipur,North,2025-11-05,268.7,150.4,232.1
4524,Jaipur,North,2025-11-06,227.0,126.8,184.3
4525,Jaipur,North,2025-11-07,217.5,121.3,182.1
4526,Jaipur,North,2025-11-08,210.7,115.5,172.2
4527,Jaipur,North,2025-11-09,235.5,131.3,198.8
4528,Jaipur,North,2025-11-10,229.6,124.6,202.5
4529,Jaipur,North,2025-11-11,215.0,123.0,182.7
4530,Jaipur,North,2025-11-12,225.7,121.4,189.9
4531,Jaipur,North,2025-11-13,230.1,126.2,193.7
4532,Jaipur,North,2025-11-14,246.1,131.7,205.9
4533,Jaipur,North,2025-11-15,210.2,108.4,179.6
4534,Jaipur,North,2025-11-16,227.3,121.7,186.0
4535,Jaipur,North,2025-11-17,230.0,123.3,205.6
4536,Jaipur,North,2025-11-18,240.3,133.7,202.8
4537,Jaipur,North,2025-11-19,230.7,120.7,200.4
4538,Jaipur,North,2025-11-20,241.7,126.9,203.3
4539,Jaipur,North,2025-11-21,233.1,128.2,196.0
4540,Jaipur,North,2025-11-22,240.3,133.2,209.6
4541,Jaipur,North,2025-11-23,219.0,120.7,178.9
4542,Jaipur,North,2025-11-24,205.1,109.0,176.5
4543,Jaipur,North,2025-11-25,235.9,125.1,207.1
4544,Jaipur,North,2025-11-26,216.0,113.5,185.0
4545,Jaipur,North,2025-11-27,228.2,123.2,194.4
4546,Jaipur,North,2025-11-28,228.8,127.6,192.1
4547,Jaipur,North,2025-11-29,216.4,130.4,187.2
4548,Jaipur,North,2025-11-30,213.1,118.6,184.6
4549,Jaipur,North,2025-12-01,232.2,121.7,195.5
4550,Jaipur,North,2025-12-02,229.7,129.8,202.7
4551,Jaipur,North,2025-12-03,226.2,121.0,204.2
4552,Jaipur,North,2025-12-04,212.2,116.9,187.0
4553,Jaipur,North,2025-12-05,223.1,128.2,193.0
4554,Jaipur,North,2025-12-06,233.2,133.4,200.0
4555,Jaipur,North,2025-12-07,208.2,118.5,181.2
4556,Jaipur,North,2025-12-08,227.4,126.4,190.5
4557,Jaipur,North,2025-12-09,215.6,121.3,178.5
4558,Jaipur,North,2025-12-10,234.0,127.3,196.3
4559,Jaipur,North,2025-12-11,212.9,115.3,181.9
4560,Jaipur,North,2025-12-12,225.7,125.0,195.8
4561,Jaipur,North,2025-12-13,220.2,121.4,183.9
4562,Jaipur,North,2025-12-14,235.1,133.6,203.5
4563,Jaipur,North,2025-12-15,244.3,132.5,203.9
4564,Jaipur,North,2025-12-16,224.2,132.8,194.5
4565,Jaipur,North,2025-12-17,231.2,127.7,203.2
4566,Jaipur,North,2025-12-18,231.3,132.6,201.9
4567,Jaipur,North,2025-12-19,243.5,127.7,205.8
4568,Jaipur,North,2025-12-20,226.2,119.5,189.7
4569,Jaipur,North,2025-12-21,237.5,133.3,209.8
4570,Jaipur,North,2025-12-22,214.9,123.7,180.3
4571,Jaipur,North,2025-12-23,235.1,128.2,206.9
4572,Jaipur,North,2025-12-24,229.1,125.3,194.0
4573,Jaipur,North,2025-12-25,228.9,133.6,191.0
4574,Jaipur,North,2025-12-26,238.1,132.9,205.9
4575,Jaipur,North,2025-12-27,234.7,133.4,199.7
4576,Jaipur,North,2025-12-28,222.8,120.8,195.2
4577,Jaipur,North,2025-12-29,240.7,137.5,208.2
4578,Jaipur,North,2025-12-30,227.5,123.5,197.2
4579,Jaipur,North,2025-12-31,222.3,120.5,185.8
4580,Jaipur,North,2026-01-01,211.7,118.2,180.7
4581,Jaipur,North,2026-01-02,241.7,132.7,221.8
4582,Jaipur,North,2026-01-03,230.0,125.7,201.1
4583,Jaipur,North,2026-01-04,222.3,127.5,185.2
4584,Jaipur,North,2026-01-05,211.9,126.4,184.7
4585,Jaipur,North,2026-01-06,231.2,125.7,193.9
4586,Jaipur,North,2026-01-07,222.5,124.2,191.7
4587,Jaipur,North,2026-01-08,206.4,118.9,179.9
4588,Jaipur,North,2026-01-09,238.4,126.8,201.9
4589,Jaipur,North,2026-01-10,219.5,121.1,176.7
4590,Jaipur,North,2026-01-11,235.6,128.0,185.6
4591,Jaipur,North,2026-01-12,232.1,124.4,203.9
4592,Jaipur,North,2026-01-13,204.2,110.7,165.7
4593,Jaipur,North,2026-01-14,231.1,122.9,189.7
4594,Jaipur,North,2026-01-15,216.2,116.0,190.4
4595,Jaipur,North,2026-01-16,219.7,119.4,187.4
4596,Jaipur,North,2026-01-17,226.2,125.1,189.9
4597,Jaipur,North,2026-01-18,220.1,119.6,187.2
4598,Jaipur,North,2026-01-19,223.6,128.0,183.4
4599,Jaipur,North,2026-01-20,210.4,115.8,180.1
4600,Jaipur,North,2026-01-21,235.7,131.9,202.9
4601,Jaipur,North,2026-01-22,247.3,140.1,206.0
4602,Jaipur,North,2026-01-23,229.5,123.2,196.1
4603,Jaipur,North,2026-01-24,219.0,118.8,181.3
4604,Jaipur,North,2026-01-25,225.0,125.4,194.3
4605,Jaipur,North,2026-01-26,226.7,124.5,194.7
4606,Jaipur,North,2026-01-27,238.0,127.7,193.9
4607,Jaipur,North,2026-01-28,222.4,121.2,195.2
4608,Jaipur,North,2026-01-29,237.5,136.2,194.3
4609,Jaipur,North,2026-01-30,235.3,135.5,204.6
4610,Jaipur,North,2026-01-31,242.9,137.8,206.9
4611,Jaipur,North,2026-02-01,187.3,105.2,151.8
4612,Jaipur,North,2026-02-02,180.5,95.9,152.8
4613,Jaipur,North,2026-02-03,149.5,80.2,131.7
4614,Jaipur,North,2026-02-04,168.8,86.3,137.6
4615,Jaipur,North,2026-02-05,187.2,102.2,163.5
4616,Jaipur,North,2026-02-06,194.0,108.6,167.3
4617,Jaipur,North,2026-02-07,192.3,98.4,166.6
4618,Jaipur,North,2026-02-08,176.7,100.3,154.0
4619,Jaipur,North,2026-02-09,168.9,89.6,152.8
4620,Jaipur,North,2026-02-10,,,
4621,Jaipur,North,2026-02-11,182.3,103.0,153.7
4622,Jaipur,North,2026-02-12,169.9,93.1,147.4
4623,Jaipur,North,2026-02-13,168.8,92.6,137.7
4624,Jaipur,North,2026-02-14,185.9,99.2,157.0
4625,Jaipur,North,2026-02-15,171.9,93.6,139.3
4626,Jaipur,North,2026-02-16,163.1,88.6,126.3
4627,Jaipur,North,2026-02-17,174.2,105.5,144.1
4628,Jaipur,North,2026-02-18,163.1,90.4,135.3
4629,Jaipur,North,2026-02-19,157.9,86.6,131.0
4630,Jaipur,North,2026-02-20,164.8,93.5,141.5
4631,Jaipur,North,2026-02-21,,,
4632,Jaipur,North,2026-02-22,180.8,99.5,158.4
4633,Jaipur,North,2026-02-23,188.8,102.1,162.3
4634,Jaipur,North,2026-02-24,159.3,86.8,135.2
4635,Jaipur,North,2026-02-25,178.0,96.5,159.9
4636,Jaipur,North,2026-02-26,189.3,107.5,173.8
4637,Jaipur,North,2026-02-27,161.5,82.0,135.0
4638,Jaipur,North,2026-02-28,161.7,85.6,134.8
4639,Jaipur,North,2026-03-01,178.0,102.8,149.9
4640,Jaipur,North,2026-03-02,181.8,100.1,155.7
4641,Jaipur,North,2026-03-03,188.2,103.8,162.5
4642,Jaipur,North,2026-03-04,174.1,92.6,153.5
4643,Jaipur,North,2026-03-05,199.7,110.3,175.9
4644,Jaipur,North,2026-03-06,188.3,105.0,162.0
4645,Jaipur,North,2026-03-07,169.2,88.6,141.8
4646,Jaipur,North,2026-03-08,179.7,102.3,148.2
4647,Jaipur,North,2026-03-09,191.2,99.2,157.0
4648,Jaipur,North,2026-03-10,174.3,92.1,146.7
4649,Jaipur,North,2026-03-11,178.2,94.4,144.7
4650,Jaipur,North,2026-03-12,179.7,105.1,153.0
4651,Jaipur,North,2026-03-13,185.9,96.1,154.1
4652,Jaipur,North,2026-03-14,185.1,104.5,157.4
4653,Jaipur,North,2026-03-15,,,
4654,Jaipur,North,2026-03-16,182.5,101.1,158.7
4655,Jaipur,North,2026-03-17,171.1,92.4,142.0
4656,Jaipur,North,2026-03-18,164.7,87.7,148.1
4657,Jaipur,North,2026-03-19,176.4,97.5,158.4
4658,Jaipur,North,2026-03-20,179.1,99.3,154.1
4659,Jaipur,North,2026-03-21,178.6,96.0,153.3
4660,Jaipur,North,2026-03-22,160.6,86.4,136.3
4661,Jaipur,North,2026-03-23,165.0,92.6,142.9
4662,Jaipur,North,2026-03-24,194.6,108.0,168.9
4663,Jaipur,North,2026-03-25,165.7,91.4,142.0
4664,Jaipur,North,2026-03-26,,,
4665,Jaipur,North,2026-03-27,164.3,91.2,145.5
4666,Jaipur,North,2026-03-28,157.3,91.8,134.7
4667,Jaipur,North,2026-03-29,159.0,86.9,141.2
4668,Jaipur,North,2026-03-30,183.7,98.3,155.3
4669,Jaipur,North,2026-03-31,189.5,107.6,172.1
4670,Jaipur,North,2026-04-01,113.9,62.1,99.0
4671,Jaipur,North,2026-04-02,94.5,53.6,87.2
4672,Jaipur,North,2026-04-03,109.2,58.7,86.3
4673,Jaipur,North,2026-04-04,103.1,48.2,87.5
4674,Jaipur,North,2026-04-05,118.1,65.3,90.6
4675,Jaipur,North,2026-04-06,100.0,53.0,90.2
4676,Jaipur,North,2026-04-07,81.5,45.6,65.9
4677,Jaipur,North,2026-04-08,113.0,64.0,91.7
4678,Jaipur,North,2026-04-09,110.4,59.9,100.9
4679,Jaipur,North,2026-04-10,107.4,62.6,90.3
4680,Jaipur,North,2026-04-11,97.3,52.1,84.1
4681,Jaipur,North,2026-04-12,76.3,48.3,65.8
4682,Jaipur,North,2026-04-13,102.1,50.7,80.2
4683,Jaipur,North,2026-04-14,88.2,51.3,70.6
4684,Jaipur,North,2026-04-15,91.3,53.2,73.3
4685,Jaipur,North,2026-04-16,79.4,33.4,67.4
4686,Jaipur,North,2026-04-17,120.5,68.9,105.7
4687,Jaipur,North,2026-04-18,88.2,55.0,71.7
4688,Jaipur,North,2026-04-19,114.6,72.6,101.7
4689,Jaipur,North,2026-04-20,83.9,47.0,67.9
4690,Jaipur,North,2026-04-21,100.1,58.9,95.6
4691,Jaipur,North,2026-04-22,113.9,62.5,99.9
4692,Jaipur,North,2026-04-23,93.1,52.8,78.2
4693,Jaipur,North,2026-04-24,112.2,65.6,97.7
4694,Jaipur,North,2026-04-25,101.8,55.2,94.6
4695,Jaipur,North,2026-04-26,110.5,65.1,91.9
4696,Jaipur,North,2026-04-27,,,
4697,Jaipur,North,2026-04-28,129.7,74.9,114.1
4698,Jaipur,North,2026-04-29,80.5,42.7,58.8
4699,Jaipur,North,2026-04-30,94.4,56.1,90.8
4700,Jaipur,North,2026-05-01,100.0,47.5,92.9
4701,Jaipur,North,2026-05-02,112.5,61.0,83.7
4702,Jaipur,North,2026-05-03,114.2,62.5,98.4
4703,Jaipur,North,2026-05-04,77.0,39.3,74.3
4704,Jaipur,North,2026-05-05,89.1,51.6,75.0
4705,Jaipur,North,2026-05-06,101.9,58.7,81.9
4706,Jaipur,North,2026-05-07,102.1,56.5,82.3
4707,Jaipur,North,2026-05-08,104.2,56.2,81.3
4708,Jaipur,North,2026-05-09,119.3,69.1,100.0
4709,Jaipur,North,2026-05-10,106.3,52.6,89.7
4710,Jaipur,North,2026-05-11,103.0,58.3,80.8
4711,Jaipur,North,2026-05-12,98.6,55.5,77.7
4712,Jaipur,North,2026-05-13,123.7,66.0,94.3
4713,Jaipur,North,2026-05-14,96.0,58.0,72.2
4714,Jaipur,North,2026-05-15,122.1,70.7,104.8
4715,Jaipur,North,2026-05-16,104.4,63.3,82.5
4716,Jaipur,North,2026-05-17,96.6,51.1,85.8
4717,Jaipur,North,2026-05-18,93.6,49.6,77.7
4718,Jaipur,North,2026-05-19,103.9,60.4,83.7
4719,Jaipur,North,2026-05-20,99.8,54.9,88.5
4720,Jaipur,North,2026-05-21,118.4,62.8,95.6
4721,Jaipur,North,2026-05-22,96.4,52.9,87.7
4722,Jaipur,North,2026-05-23,99.6,58.0,86.0
4723,Jaipur,North,2026-05-24,119.9,67.2,111.8
4724,Jaipur,North,2026-05-25,113.5,57.1,96.7
4725,Jaipur,North,2026-05-26,93.8,49.1,80.7
4726,Jaipur,North,2026-05-27,86.7,50.6,85.3
4727,Jaipur,North,2026-05-28,123.3,69.1,108.8
4728,Jaipur,North,2026-05-29,92.1,52.6,75.9
4729,Jaipur,North,2026-05-30,99.5,55.3,88.3
4730,Jaipur,North,2026-05-31,99.1,60.8,82.2
4731,Jaipur,North,2026-06-01,77.3,44.0,64.3
4732,Jaipur,North,2026-06-02,79.7,45.3,64.2
4733,Jaipur,North,2026-06-03,76.3,39.1,66.0
4734,Jaipur,North,2026-06-04,51.5,30.3,29.2
4735,Jaipur,North,2026-06-05,51.1,26.5,46.5
4736,Jaipur,North,2026-06-06,54.5,34.7,45.0
4737,Jaipur,North,2026-06-07,61.6,26.9,58.3
4738,Jaipur,North,2026-06-08,59.2,31.5,52.7
4739,Jaipur,North,2026-06-09,78.2,43.1,73.2
4740,Jaipur,North,2026-06-10,65.5,34.8,58.1
4741,Jaipur,North,2026-06-11,90.0,52.4,73.1
4742,Jaipur,North,2026-06-12,75.0,44.7,62.3
4743,Jaipur,North,2026-06-13,72.5,42.0,53.6
4744,Jaipur,North,2026-06-14,76.9,36.9,69.8
4745,Jaipur,North,2026-06-15,56.6,29.6,48.6
4746,Jaipur,North,2026-06-16,60.9,35.9,55.0
4747,Jaipur,North,2026-06-17,88.1,46.6,74.6
4748,Jaipur,North,2026-06-18,69.8,36.9,54.6
4749,Jaipur,North,2026-06-19,62.2,34.7,65.9
4750,Jaipur,North,2026-06-20,44.6,24.3,29.5
4751,Jaipur,North,2026-06-21,91.7,49.8,83.4
4752,Jaipur,North,2026-06-22,42.3,25.4,38.6
4753,Jaipur,North,2026-06-23,73.9,46.6,67.4
4754,Jaipur,North,2026-06-24,87.8,49.2,68.2
4755,Jaipur,North,2026-06-25,73.7,43.4,58.8
4756,Jaipur,North,2026-06-26,69.2,39.2,54.5
4757,Jaipur,North,2026-06-27,53.8,36.7,48.1
4758,Jaipur,North,2026-06-28,71.7,44.8,54.6
4759,Jaipur,North,2026-06-29,60.2,34.9,58.3
4760,Jaipur,North,2026-06-30,70.3,38.8,60.3
4761,Jaipur,North,2026-07-01,65.8,39.1,45.1
4762,Jaipur,North,2026-07-02,86.1,43.6,73.7
4763,Jaipur,North,2026-07-03,72.0,35.3,55.3
4764,Jaipur,North,2026-07-04,64.1,34.3,56.3
4765,Jaipur,North,2026-07-05,63.6,37.3,56.5
4766,Jaipur,North,2026-07-06,56.1,30.1,49.6
4767,Jaipur,North,2026-07-07,53.1,23.3,42.7
4768,Jaipur,North,2026-07-08,59.3,27.4,44.3
4769,Jaipur,North,2026-07-09,85.9,49.5,73.5
4770,Jaipur,North,2026-07-10,83.8,52.6,70.2
4771,Jaipur,North,2026-07-11,91.8,46.6,66.2
4772,Jaipur,North,2026-07-12,54.6,33.1,49.0
4773,Jaipur,North,2026-07-13,93.5,59.0,80.6
4774,Jaipur,North,2026-07-14,55.7,26.1,52.8
4775,Jaipur,North,2026-07-15,55.0,30.9,45.4
4776,Jaipur,North,2026-07-16,72.2,49.0,63.3
4777,Jaipur,North,2026-07-17,88.1,47.6,67.4
4778,Jaipur,North,2026-07-18,77.5,30.9,69.7
4779,Jaipur,North,2026-07-19,57.4,29.8,42.0
4780,Jaipur,North,2026-07-20,64.8,31.9,49.0
4781,Jaipur,North,2026-07-21,65.0,39.9,57.4
4782,Jaipur,North,2026-07-22,70.1,33.2,61.9
4783,Jaipur,North,2026-07-23,62.2,35.6,51.8
4784,Jaipur,North,2026-07-24,51.7,29.0,34.6
4785,Jaipur,North,2026-07-25,73.6,47.4,68.5
4786,Jaipur,North,2026-07-26,44.2,21.1,38.8
4787,Jaipur,North,2026-07-27,59.8,32.2,52.7
4788,Jaipur,North,2026-07-28,50.5,29.0,46.1
4789,Jaipur,North,2026-07-29,73.7,35.7,64.3
4790,Jaipur,North,2026-07-30,65.6,39.1,45.3
4791,Jaipur,North,2026-07-31,52.2,24.9,47.9
4792,Jaipur,North,2026-08-01,52.4,21.3,38.4
4793,Jaipur,North,2026-08-02,71.6,47.0,68.8
4794,Jaipur,North,2026-08-03,72.7,34.0,63.2
4795,Jaipur,North,2026-08-04,64.8,38.1,54.0
4796,Jaipur,North,2026-08-05,69.6,33.7,57.6
4797,Jaipur,North,2026-08-06,57.4,36.7,35.6
4798,Jaipur,North,2026-08-07,45.7,26.0,35.9
4799,Jaipur,North,2026-08-08,86.1,48.6,72.9
4800,Jaipur,North,2026-08-09,55.6,31.6,51.3
4801,Jaipur,North,2026-08-10,61.3,33.5,53.3
4802,Jaipur,North,2026-08-11,30.9,8.0,29.9
4803,Jaipur,North,2026-08-12,72.6,40.9,62.3
4804,Jaipur,North,2026-08-13,70.4,35.8,56.1
4805,Jaipur,North,2026-08-14,70.5,34.2,60.0
4806,Jaipur,North,2026-08-15,70.1,35.3,67.7
4807,Jaipur,North,2026-08-16,71.2,39.6,56.2
4808,Jaipur,North,2026-08-17,78.7,40.9,76.7
4809,Jaipur,North,2026-08-18,86.7,46.9,80.6
4810,Jaipur,North,2026-08-19,93.9,54.5,80.5
4811,Mumbai,West,2024-01-01,117.8,64.7,103.6
4812,Mumbai,West,2024-01-02,92.8,49.8,81.9
4813,Mumbai,West,2024-01-03,108.0,59.3,87.3
4814,Mumbai,West,2024-01-04,96.7,55.2,82.5
4815,Mumbai,West,2024-01-05,112.3,60.9,93.3
4816,Mumbai,West,2024-01-06,96.4,56.7,79.9
4817,Mumbai,West,2024-01-07,96.2,57.6,78.2
4818,Mumbai,West,2024-01-08,114.1,67.9,105.5
4819,Mumbai,West,2024-01-09,84.4,44.6,73.9
4820,Mumbai,West,2024-01-10,104.4,55.3,98.7
4821,Mumbai,West,2024-01-11,96.0,46.5,78.4
4822,Mumbai,West,2024-01-12,92.5,49.8,74.9
4823,Mumbai,West,2024-01-13,96.5,46.3,94.4
4824,Mumbai,West,2024-01-14,101.8,51.5,82.4
4825,Mumbai,West,2024-01-15,92.4,53.3,74.3
4826,Mumbai,West,2024-01-16,90.6,51.8,75.9
4827,Mumbai,West,2024-01-17,130.7,65.6,96.8
4828,Mumbai,West,2024-01-18,110.0,58.7,100.3
4829,Mumbai,West,2024-01-19,100.3,58.7,79.0
4830,Mumbai,West,2024-01-20,113.1,56.6,81.4
4831,Mumbai,West,2024-01-21,91.2,46.3,85.2
4832,Mumbai,West,2024-01-22,101.6,58.0,89.7
4833,Mumbai,West,2024-01-23,79.9,47.0,65.1
4834,Mumbai,West,2024-01-24,110.3,61.9,90.9
4835,Mumbai,West,2024-01-25,111.9,56.9,86.4
4836,Mumbai,West,2024-01-26,116.3,61.1,98.1
4837,Mumbai,West,2024-01-27,109.9,64.2,88.7
4838,Mumbai,West,2024-01-28,96.3,57.5,79.1
4839,Mumbai,West,2024-01-29,110.8,62.0,93.2
4840,Mumbai,West,2024-01-30,108.1,59.7,89.6
4841,Mumbai,West,2024-01-31,127.1,73.7,104.7
4842,Mumbai,West,2024-02-01,84.5,41.6,71.4
4843,Mumbai,West,2024-02-02,79.3,43.7,62.8
4844,Mumbai,West,2024-02-03,75.1,37.9,64.4
4845,Mumbai,West,2024-02-04,95.8,53.7,80.8
4846,Mumbai,West,2024-02-05,97.7,55.0,95.9
4847,Mumbai,West,2024-02-06,93.4,51.2,82.2
4848,Mumbai,West,2024-02-07,90.2,50.6,74.5
4849,Mumbai,West,2024-02-08,73.7,45.7,53.2
4850,Mumbai,West,2024-02-09,78.7,46.2,74.3
4851,Mumbai,West,2024-02-10,90.8,47.7,76.3
4852,Mumbai,West,2024-02-11,89.7,48.0,70.2
4853,Mumbai,West,2024-02-12,88.4,46.1,76.1
4854,Mumbai,West,2024-02-13,88.9,46.1,83.8
4855,Mumbai,West,2024-02-14,76.2,37.8,73.0
4856,Mumbai,West,2024-02-15,92.9,51.5,73.9
4857,Mumbai,West,2024-02-16,69.4,35.6,41.4
4858,Mumbai,West,2024-02-17,105.2,58.3,80.7
4859,Mumbai,West,2024-02-18,78.0,46.1,63.3
4860,Mumbai,West,2024-02-19,105.0,59.2,89.7
4861,Mumbai,West,2024-02-20,106.9,61.8,93.1
4862,Mumbai,West,2024-02-21,79.8,53.8,68.1
4863,Mumbai,West,2024-02-22,83.1,46.4,72.0
4864,Mumbai,West,2024-02-23,95.5,57.9,82.9
4865,Mumbai,West,2024-02-24,99.2,55.7,85.9
4866,Mumbai,West,2024-02-25,102.8,48.9,70.1
4867,Mumbai,West,2024-02-26,90.3,44.5,67.2
4868,Mumbai,West,2024-02-27,97.1,51.2,81.7
4869,Mumbai,West,2024-02-28,92.1,47.2,81.7
4870,Mumbai,West,2024-02-29,85.6,44.3,69.6
4871,Mumbai,West,2024-03-01,104.3,56.8,91.4
4872,Mumbai,West,2024-03-02,81.8,43.3,62.6
4873,Mumbai,West,2024-03-03,94.3,51.7,77.8
4874,Mumbai,West,2024-03-04,107.9,58.1,95.6
4875,Mumbai,West,2024-03-05,105.0,55.8,94.9
4876,Mumbai,West,2024-03-06,94.6,54.8,92.3
4877,Mumbai,West,2024-03-07,79.9,39.1,74.5
4878,Mumbai,West,2024-03-08,70.5,35.6,59.6
4879,Mumbai,West,2024-03-09,93.6,51.6,75.8
4880,Mumbai,West,2024-03-10,85.5,48.4,63.3
4881,Mumbai,West,2024-03-11,91.6,37.9,77.2
4882,Mumbai,West,2024-03-12,94.5,47.5,76.1
4883,Mumbai,West,2024-03-13,98.4,59.5,75.8
4884,Mumbai,West,2024-03-14,92.8,52.6,71.5
4885,Mumbai,West,2024-03-15,91.0,52.6,83.5
4886,Mumbai,West,2024-03-16,99.1,60.9,97.5
4887,Mumbai,West,2024-03-17,77.5,43.5,56.3
4888,Mumbai,West,2024-03-18,82.0,41.4,72.2
4889,Mumbai,West,2024-03-19,119.2,59.6,104.4
4890,Mumbai,West,2024-03-20,83.8,49.7,75.3
4891,Mumbai,West,2024-03-21,78.8,39.9,55.9
4892,Mumbai,West,2024-03-22,76.0,43.6,70.6
4893,Mumbai,West,2024-03-23,94.9,48.8,82.3
4894,Mumbai,West,2024-03-24,71.2,34.7,64.2
4895,Mumbai,West,2024-03-25,95.9,52.4,81.7
4896,Mumbai,West,2024-03-26,79.9,49.6,74.7
4897,Mumbai,West,2024-03-27,78.1,47.1,50.5
4898,Mumbai,West,2024-03-28,99.7,59.8,83.5
4899,Mumbai,West,2024-03-29,93.6,47.0,76.7
4900,Mumbai,West,2024-03-30,110.3,65.0,98.8
4901,Mumbai,West,2024-03-31,85.0,43.8,75.4
4902,Mumbai,West,2024-04-01,52.1,26.4,45.4
4903,Mumbai,West,2024-04-02,89.3,43.9,77.7
4904,Mumbai,West,2024-04-03,53.7,32.6,50.3
4905,Mumbai,West,2024-04-04,52.7,36.1,37.6
4906,Mumbai,West,2024-04-05,49.2,25.1,48.5
4907,Mumbai,West,2024-04-06,65.1,39.5,60.9
4908,Mumbai,West,2024-04-07,48.2,21.2,44.5
4909,Mumbai,West,2024-04-08,61.9,36.2,58.0
4910,Mumbai,West,2024-04-09,73.2,43.2,63.9
4911,Mumbai,West,2024-04-10,63.4,42.3,57.1
4912,Mumbai,West,2024-04-11,76.3,48.7,67.7
4913,Mumbai,West,2024-04-12,69.0,36.3,50.3
4914,Mumbai,West,2024-04-13,62.2,35.0,46.4
4915,Mumbai,West,2024-04-14,79.6,47.1,72.8
4916,Mumbai,West,2024-04-15,59.6,38.8,64.9
4917,Mumbai,West,2024-04-16,50.1,34.9,45.3
4918,Mumbai,West,2024-04-17,73.4,34.5,67.4
4919,Mumbai,West,2024-04-18,62.9,34.0,51.7
4920,Mumbai,West,2024-04-19,60.9,32.4,52.0
4921,Mumbai,West,2024-04-20,76.1,39.9,78.4
4922,Mumbai,West,2024-04-21,55.9,30.9,49.2
4923,Mumbai,West,2024-04-22,60.5,31.3,33.9
4924,Mumbai,West,2024-04-23,80.0,39.8,61.7
4925,Mumbai,West,2024-04-24,41.7,22.6,29.2
4926,Mumbai,West,2024-04-25,59.7,37.5,58.7
4927,Mumbai,West,2024-04-26,74.5,41.8,66.7
4928,Mumbai,West,2024-04-27,61.6,35.3,51.6
4929,Mumbai,West,2024-04-28,47.8,32.9,36.3
4930,Mumbai,West,2024-04-29,50.0,26.9,51.0
4931,Mumbai,West,2024-04-30,64.9,32.5,53.3
4932,Mumbai,West,2024-05-01,84.5,41.1,65.4
4933,Mumbai,West,2024-05-02,42.9,24.6,33.8
4934,Mumbai,West,2024-05-03,68.0,39.3,55.6
4935,Mumbai,West,2024-05-04,73.3,40.1,61.6
4936,Mumbai,West,2024-05-05,74.0,42.1,51.8
4937,Mumbai,West,2024-05-06,32.7,22.8,24.1
4938,Mumbai,West,2024-05-07,55.5,32.3,54.3
4939,Mumbai,West,2024-05-08,60.0,36.2,43.1
4940,Mumbai,West,2024-05-09,43.8,15.0,39.8
4941,Mumbai,West,2024-05-10,57.3,31.1,55.6
4942,Mumbai,West,2024-05-11,44.6,34.3,38.1
4943,Mumbai,West,2024-05-12,38.1,25.4,44.3
4944,Mumbai,West,2024-05-13,62.2,31.3,59.5
4945,Mumbai,West,2024-05-14,74.6,31.9,62.5
4946,Mumbai,West,2024-05-15,66.0,30.1,54.0
4947,Mumbai,West,2024-05-16,51.5,27.8,49.6
4948,Mumbai,West,2024-05-17,81.0,43.8,68.3
4949,Mumbai,West,2024-05-18,53.3,28.1,55.0
4950,Mumbai,West,2024-05-19,62.5,28.9,49.1
4951,Mumbai,West,2024-05-20,61.1,35.4,45.7
4952,Mumbai,West,2024-05-21,75.5,43.2,61.5
4953,Mumbai,West,2024-05-22,68.1,43.5,51.8
4954,Mumbai,West,2024-05-23,60.6,35.6,52.0
4955,Mumbai,West,2024-05-24,50.6,26.1,50.3
4956,Mumbai,West,2024-05-25,65.6,34.1,52.4
4957,Mumbai,West,2024-05-26,54.6,26.0,54.6
4958,Mumbai,West,2024-05-27,60.3,37.2,50.3
4959,Mumbai,West,2024-05-28,70.2,39.4,64.8
4960,Mumbai,West,2024-05-29,83.8,46.6,62.9
4961,Mumbai,West,2024-05-30,70.9,46.3,64.0
4962,Mumbai,West,2024-05-31,62.1,34.8,42.3
4963,Mumbai,West,2024-06-01,31.1,19.3,35.4
4964,Mumbai,West,2024-06-02,62.5,33.7,49.8
4965,Mumbai,West,2024-06-03,30.5,13.0,22.1
4966,Mumbai,West,2024-06-04,25.6,18.8,10.5
4967,Mumbai,West,2024-06-05,58.7,36.3,46.5
4968,Mumbai,West,2024-06-06,44.6,23.0,46.7
4969,Mumbai,West,2024-06-07,51.5,31.6,37.9
4970,Mumbai,West,2024-06-08,52.8,26.8,49.9
4971,Mumbai,West,2024-06-09,60.8,32.3,45.8
4972,Mumbai,West,2024-06-10,38.5,28.0,25.7
4973,Mumbai,West,2024-06-11,41.0,21.7,43.2
4974,Mumbai,West,2024-06-12,30.6,14.8,21.7
4975,Mumbai,West,2024-06-13,,,
4976,Mumbai,West,2024-06-14,26.1,15.9,21.6
4977,Mumbai,West,2024-06-15,44.6,17.4,43.7
4978,Mumbai,West,2024-06-16,42.1,29.3,45.7
4979,Mumbai,West,2024-06-17,33.2,18.6,24.7
4980,Mumbai,West,2024-06-18,41.2,24.3,34.1
4981,Mumbai,West,2024-06-19,37.1,26.6,21.7
4982,Mumbai,West,2024-06-20,41.3,19.3,30.9
4983,Mumbai,West,2024-06-21,37.5,21.4,24.8
4984,Mumbai,West,2024-06-22,54.0,28.2,43.8
4985,Mumbai,West,2024-06-23,28.0,16.1,15.4
4986,Mumbai,West,2024-06-24,33.2,21.2,34.0
4987,Mumbai,West,2024-06-25,26.2,7.6,36.1
4988,Mumbai,West,2024-06-26,44.1,23.9,33.7
4989,Mumbai,West,2024-06-27,37.7,18.1,29.2
4990,Mumbai,West,2024-06-28,22.4,12.2,17.0
4991,Mumbai,West,2024-06-29,33.5,15.3,23.1
4992,Mumbai,West,2024-06-30,48.0,25.1,34.0
4993,Mumbai,West,2024-07-01,43.8,23.8,35.0
4994,Mumbai,West,2024-07-02,54.9,34.3,49.4
4995,Mumbai,West,2024-07-03,54.1,36.9,44.3
4996,Mumbai,West,2024-07-04,43.3,20.0,35.6
4997,Mumbai,West,2024-07-05,28.7,16.7,18.8
4998,Mumbai,West,2024-07-06,42.1,20.8,29.3
4999,Mumbai,West,2024-07-07,45.7,17.5,47.7
5000,Mumbai,West,2024-07-08,42.8,19.3,33.7
5001,Mumbai,West,2024-07-09,33.2,16.9,33.9
5002,Mumbai,West,2024-07-10,45.1,20.8,29.6
5003,Mumbai,West,2024-07-11,41.5,25.7,25.2
5004,Mumbai,West,2024-07-12,47.2,26.8,42.1
5005,Mumbai,West,2024-07-13,65.3,37.3,63.2
5006,Mumbai,West,2024-07-14,42.1,29.1,33.1
5007,Mumbai,West,2024-07-15,41.5,23.6,37.9
5008,Mumbai,West,2024-07-16,41.4,16.2,38.5
5009,Mumbai,West,2024-07-17,47.1,32.2,36.7
5010,Mumbai,West,2024-07-18,48.7,33.3,43.1
5011,Mumbai,West,2024-07-19,29.7,11.5,21.5
5012,Mumbai,West,2024-07-20,45.0,20.0,42.2
5013,Mumbai,West,2024-07-21,27.2,16.9,27.8
5014,Mumbai,West,2024-07-22,31.9,23.4,24.8
5015,Mumbai,West,2024-07-23,15.0,7.9,15.2
5016,Mumbai,West,2024-07-24,35.3,21.9,38.5
5017,Mumbai,West,2024-07-25,44.9,26.7,44.4
5018,Mumbai,West,2024-07-26,41.7,26.2,34.5
5019,Mumbai,West,2024-07-27,28.1,16.6,19.9
5020,Mumbai,West,2024-07-28,39.8,21.7,35.4
5021,Mumbai,West,2024-07-29,15.7,8.5,8.0
5022,Mumbai,West,2024-07-30,29.2,20.6,17.7
5023,Mumbai,West,2024-07-31,57.0,28.4,53.9
5024,Mumbai,West,2024-08-01,48.6,24.7,47.0
5025,Mumbai,West,2024-08-02,15.0,9.0,11.7
5026,Mumbai,West,2024-08-03,49.8,25.3,44.3
5027,Mumbai,West,2024-08-04,37.9,23.4,37.1
5028,Mumbai,West,2024-08-05,25.1,21.2,20.9
5029,Mumbai,West,2024-08-06,67.0,34.6,57.3
5030,Mumbai,West,2024-08-07,58.4,30.9,55.8
5031,Mumbai,West,2024-08-08,38.3,21.6,32.0
5032,Mumbai,West,2024-08-09,44.0,32.2,33.5
5033,Mumbai,West,2024-08-10,44.8,23.4,38.5
5034,Mumbai,West,2024-08-11,41.5,23.3,38.6
5035,Mumbai,West,2024-08-12,67.9,31.6,56.6
5036,Mumbai,West,2024-08-13,47.2,31.2,32.4
5037,Mumbai,West,2024-08-14,67.7,40.0,70.3
5038,Mumbai,West,2024-08-15,52.2,29.1,40.9
5039,Mumbai,West,2024-08-16,45.2,26.1,29.9
5040,Mumbai,West,2024-08-17,42.8,22.4,39.0
5041,Mumbai,West,2024-08-18,27.6,11.6,20.6
5042,Mumbai,West,2024-08-19,44.9,21.9,26.7
5043,Mumbai,West,2024-08-20,25.2,17.5,25.5
5044,Mumbai,West,2024-08-21,38.6,23.5,27.7
5045,Mumbai,West,2024-08-22,35.8,18.3,37.4
5046,Mumbai,West,2024-08-23,42.0,18.9,34.3
5047,Mumbai,West,2024-08-24,34.0,22.5,32.2
5048,Mumbai,West,2024-08-25,46.0,22.8,44.2
5049,Mumbai,West,2024-08-26,48.3,20.1,40.3
5050,Mumbai,West,2024-08-27,45.1,25.4,39.5
5051,Mumbai,West,2024-08-28,45.4,28.5,43.7
5052,Mumbai,West,2024-08-29,42.7,19.5,23.0
5053,Mumbai,West,2024-08-30,28.6,14.4,26.5
5054,Mumbai,West,2024-08-31,64.9,38.6,47.3
5055,Mumbai,West,2024-09-01,47.9,23.7,35.0
5056,Mumbai,West,2024-09-02,36.2,23.5,29.3
5057,Mumbai,West,2024-09-03,49.4,26.7,38.9
5058,Mumbai,West,2024-09-04,41.7,29.8,35.1
5059,Mumbai,West,2024-09-05,54.4,35.4,55.0
5060,Mumbai,West,2024-09-06,44.1,27.9,39.7
5061,Mumbai,West,2024-09-07,25.9,11.9,19.5
5062,Mumbai,West,2024-09-08,63.0,30.4,47.6
5063,Mumbai,West,2024-09-09,48.3,28.8,40.9
5064,Mumbai,West,2024-09-10,27.6,5.0,32.7
5065,Mumbai,West,2024-09-11,36.2,21.3,27.1
5066,Mumbai,West,2024-09-12,28.7,13.6,31.9
5067,Mumbai,West,2024-09-13,50.2,37.2,37.5
5068,Mumbai,West,2024-09-14,36.3,19.8,36.5
5069,Mumbai,West,2024-09-15,57.1,27.5,48.1
5070,Mumbai,West,2024-09-16,31.8,13.9,31.8
5071,Mumbai,West,2024-09-17,40.6,24.1,41.2
5072,Mumbai,West,2024-09-18,50.3,35.7,49.2
5073,Mumbai,West,2024-09-19,43.1,21.7,37.9
5074,Mumbai,West,2024-09-20,51.4,29.4,37.7
5075,Mumbai,West,2024-09-21,37.2,16.9,43.6
5076,Mumbai,West,2024-09-22,52.8,24.3,44.0
5077,Mumbai,West,2024-09-23,50.2,29.1,41.2
5078,Mumbai,West,2024-09-24,15.0,13.7,8.0
5079,Mumbai,West,2024-09-25,54.8,34.2,44.1
5080,Mumbai,West,2024-09-26,38.8,21.9,31.3
5081,Mumbai,West,2024-09-27,40.1,21.1,44.7
5082,Mumbai,West,2024-09-28,,,
5083,Mumbai,West,2024-09-29,46.0,28.3,38.2
5084,Mumbai,West,2024-09-30,15.0,14.4,8.0
5085,Mumbai,West,2024-10-01,90.5,47.4,72.9
5086,Mumbai,West,2024-10-02,76.1,38.0,69.4
5087,Mumbai,West,2024-10-03,,,
5088,Mumbai,West,2024-10-04,97.2,56.8,79.7
5089,Mumbai,West,2024-10-05,100.9,54.7,83.2
5090,Mumbai,West,2024-10-06,53.9,29.4,36.7
5091,Mumbai,West,2024-10-07,94.8,53.4,73.1
5092,Mumbai,West,2024-10-08,89.7,47.9,73.3
5093,Mumbai,West,2024-10-09,,,
5094,Mumbai,West,2024-10-10,69.4,40.7,50.9
5095,Mumbai,West,2024-10-11,82.5,45.1,73.9
5096,Mumbai,West,2024-10-12,94.9,50.5,83.6
5097,Mumbai,West,2024-10-13,92.3,57.8,79.5
5098,Mumbai,West,2024-10-14,87.3,42.5,72.8
5099,Mumbai,West,2024-10-15,76.8,34.7,60.1
5100,Mumbai,West,2024-10-16,101.1,59.5,85.4
5101,Mumbai,West,2024-10-17,77.2,40.2,56.4
5102,Mumbai,West,2024-10-18,95.9,55.4,78.2
5103,Mumbai,West,2024-10-19,86.1,46.4,68.0
5104,Mumbai,West,2024-10-20,93.6,46.7,75.6
5105,Mumbai,West,2024-10-21,102.0,53.4,89.1
5106,Mumbai,West,2024-10-22,101.6,58.4,91.7
5107,Mumbai,West,2024-10-23,92.9,55.0,78.7
5108,Mumbai,West,2024-10-24,75.1,40.7,61.9
5109,Mumbai,West,2024-10-25,70.6,40.3,64.6
5110,Mumbai,West,2024-10-26,73.4,36.2,59.9
5111,Mumbai,West,2024-10-27,82.8,50.3,67.1
5112,Mumbai,West,2024-10-28,93.3,46.5,76.9
5113,Mumbai,West,2024-10-29,95.5,49.2,66.0
5114,Mumbai,West,2024-10-30,94.4,53.6,84.7
5115,Mumbai,West,2024-10-31,103.3,53.1,81.2
5116,Mumbai,West,2024-11-01,125.1,70.5,105.3
5117,Mumbai,West,2024-11-02,145.0,86.3,122.4
5118,Mumbai,West,2024-11-03,148.7,79.7,129.3
5119,Mumbai,West,2024-11-04,142.5,81.4,130.1
5120,Mumbai,West,2024-11-05,143.4,83.4,109.9
5121,Mumbai,West,2024-11-06,104.0,56.9,87.9
5122,Mumbai,West,2024-11-07,114.9,72.9,107.3
5123,Mumbai,West,2024-11-08,114.9,63.0,93.4
5124,Mumbai,West,2024-11-09,105.6,56.5,84.8
5125,Mumbai,West,2024-11-10,108.0,64.5,84.8
5126,Mumbai,West,2024-11-11,121.3,68.3,117.8
5127,Mumbai,West,2024-11-12,97.6,58.0,75.5
5128,Mumbai,West,2024-11-13,95.2,52.6,81.9
5129,Mumbai,West,2024-11-14,113.5,57.6,94.7
5130,Mumbai,West,2024-11-15,100.8,55.0,90.2
5131,Mumbai,West,2024-11-16,123.8,62.0,107.2
5132,Mumbai,West,2024-11-17,102.5,57.0,91.0
5133,Mumbai,West,2024-11-18,,,
5134,Mumbai,West,2024-11-19,107.1,55.8,95.2
5135,Mumbai,West,2024-11-20,105.1,48.7,91.0
5136,Mumbai,West,2024-11-21,123.3,67.8,99.5
5137,Mumbai,West,2024-11-22,116.2,61.4,104.2
5138,Mumbai,West,2024-11-23,119.6,66.0,93.2
5139,Mumbai,West,2024-11-24,115.6,65.2,95.4
5140,Mumbai,West,2024-11-25,116.2,64.3,86.0
5141,Mumbai,West,2024-11-26,110.9,58.7,90.1
5142,Mumbai,West,2024-11-27,122.9,65.5,103.6
5143,Mumbai,West,2024-11-28,94.3,49.4,80.7
5144,Mumbai,West,2024-11-29,107.4,63.8,97.5
5145,Mumbai,West,2024-11-30,,,
5146,Mumbai,West,2024-12-01,101.0,53.9,92.8
5147,Mumbai,West,2024-12-02,109.2,62.4,95.3
5148,Mumbai,West,2024-12-03,101.1,50.1,83.3
5149,Mumbai,West,2024-12-04,102.3,58.1,82.8
5150,Mumbai,West,2024-12-05,99.9,52.8,80.7
5151,Mumbai,West,2024-12-06,121.7,71.6,112.0
5152,Mumbai,West,2024-12-07,121.2,62.1,111.3
5153,Mumbai,West,2024-12-08,101.1,58.0,83.2
5154,Mumbai,West,2024-12-09,101.3,49.6,71.3
5155,Mumbai,West,2024-12-10,98.3,52.9,84.8
5156,Mumbai,West,2024-12-11,104.2,59.8,90.9
5157,Mumbai,West,2024-12-12,104.7,55.8,87.5
5158,Mumbai,West,2024-12-13,122.8,64.9,101.8
5159,Mumbai,West,2024-12-14,112.2,61.1,96.7
5160,Mumbai,West,2024-12-15,116.2,62.8,90.7
5161,Mumbai,West,2024-12-16,113.3,52.9,101.4
5162,Mumbai,West,2024-12-17,99.3,52.2,84.0
5163,Mumbai,West,2024-12-18,89.3,42.7,63.7
5164,Mumbai,West,2024-12-19,100.5,52.3,71.7
5165,Mumbai,West,2024-12-20,110.7,58.4,99.5
5166,Mumbai,West,2024-12-21,108.1,60.6,95.9
5167,Mumbai,West,2024-12-22,99.2,56.7,86.8
5168,Mumbai,West,2024-12-23,101.8,62.7,94.9
5169,Mumbai,West,2024-12-24,114.7,63.2,96.1
5170,Mumbai,West,2024-12-25,108.7,60.5,99.4
5171,Mumbai,West,2024-12-26,109.0,60.6,93.4
5172,Mumbai,West,2024-12-27,104.5,63.1,89.2
5173,Mumbai,West,2024-12-28,103.9,62.2,85.1
5174,Mumbai,West,2024-12-29,88.6,52.5,81.8
5175,Mumbai,West,2024-12-30,115.8,61.1,97.9
5176,Mumbai,West,2024-12-31,86.4,47.3,74.9
5177,Mumbai,West,2025-01-01,100.0,57.7,89.0
5178,Mumbai,West,2025-01-02,104.6,61.8,88.5
5179,Mumbai,West,2025-01-03,108.9,65.5,104.1
5180,Mumbai,West,2025-01-04,87.3,46.7,67.3
5181,Mumbai,West,2025-01-05,106.4,58.9,92.0
5182,Mumbai,West,2025-01-06,88.4,49.6,70.0
5183,Mumbai,West,2025-01-07,91.3,49.9,75.8
5184,Mumbai,West,2025-01-08,111.3,58.4,101.0
5185,Mumbai,West,2025-01-09,97.8,49.7,75.6
5186,Mumbai,West,2025-01-10,102.1,63.5,86.9
5187,Mumbai,West,2025-01-11,92.6,46.2,78.0
5188,Mumbai,West,2025-01-12,88.6,59.3,74.0
5189,Mumbai,West,2025-01-13,95.6,54.3,74.9
5190,Mumbai,West,2025-01-14,95.4,49.9,77.3
5191,Mumbai,West,2025-01-15,105.3,57.0,87.0
5192,Mumbai,West,2025-01-16,119.5,56.7,107.2
5193,Mumbai,West,2025-01-17,91.4,54.8,79.0
5194,Mumbai,West,2025-01-18,86.1,42.4,71.3
5195,Mumbai,West,2025-01-19,87.8,45.3,83.5
5196,Mumbai,West,2025-01-20,98.2,54.9,81.5
5197,Mumbai,West,2025-01-21,105.5,58.4,95.9
5198,Mumbai,West,2025-01-22,124.6,71.7,93.1
5199,Mumbai,West,2025-01-23,95.5,58.2,84.5
5200,Mumbai,West,2025-01-24,110.4,64.1,90.1
5201,Mumbai,West,2025-01-25,94.2,48.8,80.3
5202,Mumbai,West,2025-01-26,109.5,64.5,96.6
5203,Mumbai,West,2025-01-27,101.8,59.5,82.1
5204,Mumbai,West,2025-01-28,110.0,59.9,93.4
5205,Mumbai,West,2025-01-29,99.8,55.8,78.5
5206,Mumbai,West,2025-01-30,99.4,55.8,89.0
5207,Mumbai,West,2025-01-31,93.5,55.7,85.3
5208,Mumbai,West,2025-02-01,98.5,57.1,89.6
5209,Mumbai,West,2025-02-02,88.0,42.0,69.4
5210,Mumbai,West,2025-02-03,101.8,54.8,95.0
5211,Mumbai,West,2025-02-04,101.6,54.4,94.2
5212,Mumbai,West,2025-02-05,61.7,37.8,55.8
5213,Mumbai,West,2025-02-06,87.9,45.6,69.7
5214,Mumbai,West,2025-02-07,,,
5215,Mumbai,West,2025-02-08,80.3,41.4,72.8
5216,Mumbai,West,2025-02-09,90.6,47.9,84.3
5217,Mumbai,West,2025-02-10,96.5,51.0,87.2
5218,Mumbai,West,2025-02-11,82.8,45.2,75.0
5219,Mumbai,West,2025-02-12,99.0,52.3,92.9
5220,Mumbai,West,2025-02-13,99.2,57.4,85.7
5221,Mumbai,West,2025-02-14,87.0,47.2,83.8
5222,Mumbai,West,2025-02-15,96.2,51.0,81.2
5223,Mumbai,West,2025-02-16,76.4,40.6,52.0
5224,Mumbai,West,2025-02-17,69.6,35.0,72.0
5225,Mumbai,West,2025-02-18,88.8,50.7,72.6
5226,Mumbai,West,2025-02-19,114.1,65.5,94.0
5227,Mumbai,West,2025-02-20,85.4,47.1,66.6
5228,Mumbai,West,2025-02-21,87.4,50.0,65.4
5229,Mumbai,West,2025-02-22,104.8,62.6,90.1
5230,Mumbai,West,2025-02-23,98.2,55.1,80.4
5231,Mumbai,West,2025-02-24,100.6,56.5,83.7
5232,Mumbai,West,2025-02-25,74.4,39.0,69.8
5233,Mumbai,West,2025-02-26,98.4,52.5,91.8
5234,Mumbai,West,2025-02-27,87.5,48.0,73.8
5235,Mumbai,West,2025-02-28,73.2,41.8,67.8
5236,Mumbai,West,2025-03-01,88.1,58.2,67.5
5237,Mumbai,West,2025-03-02,93.0,50.2,82.7
5238,Mumbai,West,2025-03-03,92.0,52.6,73.9
5239,Mumbai,West,2025-03-04,95.1,55.3,80.1
5240,Mumbai,West,2025-03-05,70.1,32.0,53.2
5241,Mumbai,West,2025-03-06,89.8,43.6,75.5
5242,Mumbai,West,2025-03-07,90.0,45.0,80.4
5243,Mumbai,West,2025-03-08,76.2,43.0,75.6
5244,Mumbai,West,2025-03-09,72.0,38.9,68.6
5245,Mumbai,West,2025-03-10,89.9,45.8,75.2
5246,Mumbai,West,2025-03-11,71.9,38.0,61.6
5247,Mumbai,West,2025-03-12,82.2,44.2,58.6
5248,Mumbai,West,2025-03-13,104.6,55.2,89.4
5249,Mumbai,West,2025-03-14,87.3,47.2,76.0
5250,Mumbai,West,2025-03-15,94.9,50.9,75.4
5251,Mumbai,West,2025-03-16,103.8,50.5,92.5
5252,Mumbai,West,2025-03-17,76.3,40.1,67.5
5253,Mumbai,West,2025-03-18,90.6,48.5,80.6
5254,Mumbai,West,2025-03-19,92.1,48.2,75.7
5255,Mumbai,West,2025-03-20,75.6,41.5,76.3
5256,Mumbai,West,2025-03-21,94.5,54.3,77.9
5257,Mumbai,West,2025-03-22,70.1,36.8,61.2
5258,Mumbai,West,2025-03-23,79.4,39.0,67.1
5259,Mumbai,West,2025-03-24,97.4,50.4,93.3
5260,Mumbai,West,2025-03-25,83.1,44.9,63.2
5261,Mumbai,West,2025-03-26,100.0,47.6,83.6
5262,Mumbai,West,2025-03-27,92.6,53.2,82.0
5263,Mumbai,West,2025-03-28,77.1,44.5,63.1
5264,Mumbai,West,2025-03-29,64.5,43.5,57.0
5265,Mumbai,West,2025-03-30,97.3,57.4,82.1
5266,Mumbai,West,2025-03-31,82.4,47.2,75.8
5267,Mumbai,West,2025-04-01,79.3,38.7,73.2
5268,Mumbai,West,2025-04-02,44.0,26.5,33.8
5269,Mumbai,West,2025-04-03,72.1,43.0,64.4
5270,Mumbai,West,2025-04-04,74.6,44.2,64.6
5271,Mumbai,West,2025-04-05,80.8,44.3,65.3
5272,Mumbai,West,2025-04-06,66.7,33.8,56.8
5273,Mumbai,West,2025-04-07,64.0,42.2,65.8
5274,Mumbai,West,2025-04-08,47.8,22.9,45.8
5275,Mumbai,West,2025-04-09,68.1,44.9,64.0
5276,Mumbai,West,2025-04-10,62.8,45.6,44.9
5277,Mumbai,West,2025-04-11,70.5,44.0,64.6
5278,Mumbai,West,2025-04-12,56.0,26.2,53.0
5279,Mumbai,West,2025-04-13,61.3,33.5,54.7
5280,Mumbai,West,2025-04-14,62.8,41.0,62.0
5281,Mumbai,West,2025-04-15,46.3,27.9,39.0
5282,Mumbai,West,2025-04-16,46.9,26.8,40.7
5283,Mumbai,West,2025-04-17,54.6,31.6,55.0
5284,Mumbai,West,2025-04-18,55.0,25.8,42.9
5285,Mumbai,West,2025-04-19,69.1,44.4,54.7
5286,Mumbai,West,2025-04-20,53.3,26.0,41.6
5287,Mumbai,West,2025-04-21,85.5,50.6,57.9
5288,Mumbai,West,2025-04-22,57.1,31.6,43.5
5289,Mumbai,West,2025-04-23,58.2,30.2,51.2
5290,Mumbai,West,2025-04-24,82.1,33.1,71.3
5291,Mumbai,West,2025-04-25,82.8,46.9,69.9
5292,Mumbai,West,2025-04-26,70.6,43.0,66.3
5293,Mumbai,West,2025-04-27,70.5,33.4,62.7
5294,Mumbai,West,2025-04-28,75.8,38.0,51.0
5295,Mumbai,West,2025-04-29,68.3,42.0,50.3
5296,Mumbai,West,2025-04-30,74.0,36.9,61.6
5297,Mumbai,West,2025-05-01,73.0,35.2,65.1
5298,Mumbai,West,2025-05-02,57.1,37.1,45.9
5299,Mumbai,West,2025-05-03,65.5,37.4,52.4
5300,Mumbai,West,2025-05-04,62.5,33.0,60.2
5301,Mumbai,West,2025-05-05,56.2,29.1,43.7
5302,Mumbai,West,2025-05-06,59.7,35.0,49.3
5303,Mumbai,West,2025-05-07,59.7,30.5,49.2
5304,Mumbai,West,2025-05-08,72.7,38.5,67.9
5305,Mumbai,West,2025-05-09,90.4,49.3,86.0
5306,Mumbai,West,2025-05-10,46.5,24.2,43.9
5307,Mumbai,West,2025-05-11,69.7,35.0,63.7
5308,Mumbai,West,2025-05-12,96.0,55.8,75.1
5309,Mumbai,West,2025-05-13,54.2,27.0,47.5
5310,Mumbai,West,2025-05-14,83.7,49.8,83.9
5311,Mumbai,West,2025-05-15,67.2,39.1,67.2
5312,Mumbai,West,2025-05-16,65.2,42.3,63.4
5313,Mumbai,West,2025-05-17,53.0,28.1,44.1
5314,Mumbai,West,2025-05-18,60.5,34.4,47.4
5315,Mumbai,West,2025-05-19,81.0,47.3,74.0
5316,Mumbai,West,2025-05-20,74.5,36.6,68.7
5317,Mumbai,West,2025-05-21,56.1,38.2,39.0
5318,Mumbai,West,2025-05-22,78.3,39.6,66.9
5319,Mumbai,West,2025-05-23,73.3,36.0,59.6
5320,Mumbai,West,2025-05-24,71.7,34.0,48.8
5321,Mumbai,West,2025-05-25,68.2,41.2,67.1
5322,Mumbai,West,2025-05-26,69.5,39.6,65.7
5323,Mumbai,West,2025-05-27,65.1,38.3,39.5
5324,Mumbai,West,2025-05-28,64.1,31.9,48.6
5325,Mumbai,West,2025-05-29,64.8,34.8,65.4
5326,Mumbai,West,2025-05-30,83.9,49.8,83.3
5327,Mumbai,West,2025-05-31,65.2,28.6,48.1
5328,Mumbai,West,2025-06-01,47.5,26.6,40.8
5329,Mumbai,West,2025-06-02,40.3,14.4,36.9
5330,Mumbai,West,2025-06-03,,,
5331,Mumbai,West,2025-06-04,35.8,22.0,18.4
5332,Mumbai,West,2025-06-05,37.6,19.3,40.1
5333,Mumbai,West,2025-06-06,58.6,38.8,49.3
5334,Mumbai,West,2025-06-07,34.6,19.9,34.1
5335,Mumbai,West,2025-06-08,38.6,10.2,35.0
5336,Mumbai,West,2025-06-09,36.7,13.5,26.2
5337,Mumbai,West,2025-06-10,38.5,19.1,31.2
5338,Mumbai,West,2025-06-11,41.8,18.9,39.0
5339,Mumbai,West,2025-06-12,36.4,14.1,24.6
5340,Mumbai,West,2025-06-13,30.6,20.1,26.8
5341,Mumbai,West,2025-06-14,36.4,20.1,28.0
5342,Mumbai,West,2025-06-15,36.7,22.4,32.3
5343,Mumbai,West,2025-06-16,40.9,22.1,32.4
5344,Mumbai,West,2025-06-17,49.2,26.4,45.0
5345,Mumbai,West,2025-06-18,20.6,16.5,15.0
5346,Mumbai,West,2025-06-19,28.1,18.5,31.6
5347,Mumbai,West,2025-06-20,54.6,32.7,46.2
5348,Mumbai,West,2025-06-21,40.3,27.9,32.3
5349,Mumbai,West,2025-06-22,49.1,31.3,47.1
5350,Mumbai,West,2025-06-23,17.7,9.9,8.0
5351,Mumbai,West,2025-06-24,52.3,31.5,42.1
5352,Mumbai,West,2025-06-25,25.6,11.5,15.6
5353,Mumbai,West,2025-06-26,46.2,25.2,49.4
5354,Mumbai,West,2025-06-27,30.8,11.3,38.2
5355,Mumbai,West,2025-06-28,32.0,11.6,30.6
5356,Mumbai,West,2025-06-29,59.6,33.1,53.4
5357,Mumbai,West,2025-06-30,50.2,24.9,43.1
5358,Mumbai,West,2025-07-01,51.5,26.7,55.3
5359,Mumbai,West,2025-07-02,24.8,9.7,18.4
5360,Mumbai,West,2025-07-03,32.5,16.4,31.5
5361,Mumbai,West,2025-07-04,63.0,28.5,48.9
5362,Mumbai,West,2025-07-05,24.3,13.6,16.9
5363,Mumbai,West,2025-07-06,31.4,15.4,28.6
5364,Mumbai,West,2025-07-07,31.3,17.2,18.9
5365,Mumbai,West,2025-07-08,60.9,33.3,60.2
5366,Mumbai,West,2025-07-09,,,
5367,Mumbai,West,2025-07-10,46.5,21.4,44.1
5368,Mumbai,West,2025-07-11,32.3,20.0,29.7
5369,Mumbai,West,2025-07-12,23.7,19.0,37.5
5370,Mumbai,West,2025-07-13,29.8,16.2,19.7
5371,Mumbai,West,2025-07-14,42.1,23.4,38.3
5372,Mumbai,West,2025-07-15,51.5,30.9,38.3
5373,Mumbai,West,2025-07-16,17.3,9.1,14.0
5374,Mumbai,West,2025-07-17,50.1,33.7,44.5
5375,Mumbai,West,2025-07-18,36.2,20.3,28.3
5376,Mumbai,West,2025-07-19,43.1,21.3,39.4
5377,Mumbai,West,2025-07-20,32.0,12.6,28.4
5378,Mumbai,West,2025-07-21,46.5,27.4,32.4
5379,Mumbai,West,2025-07-22,20.9,5.7,25.4
5380,Mumbai,West,2025-07-23,51.6,30.5,52.1
5381,Mumbai,West,2025-07-24,53.9,34.8,46.1
5382,Mumbai,West,2025-07-25,63.5,41.0,48.6
5383,Mumbai,West,2025-07-26,51.3,34.6,58.1
5384,Mumbai,West,2025-07-27,36.5,21.8,33.6
5385,Mumbai,West,2025-07-28,31.2,16.7,27.7
5386,Mumbai,West,2025-07-29,25.4,15.3,18.5
5387,Mumbai,West,2025-07-30,31.3,14.0,31.6
5388,Mumbai,West,2025-07-31,53.6,28.2,44.3
5389,Mumbai,West,2025-08-01,15.1,8.2,22.8
5390,Mumbai,West,2025-08-02,47.4,30.5,41.2
5391,Mumbai,West,2025-08-03,33.3,18.3,35.8
5392,Mumbai,West,2025-08-04,51.3,24.8,39.0
5393,Mumbai,West,2025-08-05,49.8,29.0,52.3
5394,Mumbai,West,2025-08-06,30.9,9.5,26.6
5395,Mumbai,West,2025-08-07,24.0,11.5,18.4
5396,Mumbai,West,2025-08-08,42.3,32.2,40.6
5397,Mumbai,West,2025-08-09,38.0,18.2,40.0
5398,Mumbai,West,2025-08-10,40.6,17.6,37.2
5399,Mumbai,West,2025-08-11,29.9,18.9,36.4
5400,Mumbai,West,2025-08-12,29.2,17.5,22.8
5401,Mumbai,West,2025-08-13,37.8,25.3,19.6
5402,Mumbai,West,2025-08-14,32.9,23.7,24.5
5403,Mumbai,West,2025-08-15,27.7,13.8,24.9
5404,Mumbai,West,2025-08-16,46.4,29.1,48.2
5405,Mumbai,West,2025-08-17,51.0,30.3,47.1
5406,Mumbai,West,2025-08-18,29.3,18.9,33.5
5407,Mumbai,West,2025-08-19,36.2,22.5,36.6
5408,Mumbai,West,2025-08-20,43.2,24.7,31.0
5409,Mumbai,West,2025-08-21,34.5,21.3,39.9
5410,Mumbai,West,2025-08-22,30.1,22.4,24.8
5411,Mumbai,West,2025-08-23,31.5,8.8,25.2
5412,Mumbai,West,2025-08-24,47.2,20.9,39.8
5413,Mumbai,West,2025-08-25,42.4,25.7,38.3
5414,Mumbai,West,2025-08-26,42.6,27.0,39.3
5415,Mumbai,West,2025-08-27,39.2,20.4,32.4
5416,Mumbai,West,2025-08-28,15.0,8.7,8.0
5417,Mumbai,West,2025-08-29,51.3,28.8,46.1
5418,Mumbai,West,2025-08-30,32.9,19.9,27.9
5419,Mumbai,West,2025-08-31,,,
5420,Mumbai,West,2025-09-01,44.7,26.1,38.3
5421,Mumbai,West,2025-09-02,50.9,31.1,35.2
5422,Mumbai,West,2025-09-03,31.4,16.3,30.0
5423,Mumbai,West,2025-09-04,48.8,23.9,50.2
5424,Mumbai,West,2025-09-05,47.0,27.0,40.1
5425,Mumbai,West,2025-09-06,46.0,17.9,34.4
5426,Mumbai,West,2025-09-07,32.9,20.6,31.4
5427,Mumbai,West,2025-09-08,37.4,36.0,15.6
5428,Mumbai,West,2025-09-09,32.1,25.4,32.1
5429,Mumbai,West,2025-09-10,21.5,15.2,21.1
5430,Mumbai,West,2025-09-11,56.6,36.2,48.2
5431,Mumbai,West,2025-09-12,33.9,17.1,27.0
5432,Mumbai,West,2025-09-13,26.8,15.1,22.0
5433,Mumbai,West,2025-09-14,33.0,7.6,30.9
5434,Mumbai,West,2025-09-15,30.3,13.5,31.5
5435,Mumbai,West,2025-09-16,30.3,20.6,24.7
5436,Mumbai,West,2025-09-17,18.3,9.0,11.5
5437,Mumbai,West,2025-09-18,42.5,22.1,37.9
5438,Mumbai,West,2025-09-19,49.5,27.7,49.0
5439,Mumbai,West,2025-09-20,28.9,15.6,26.4
5440,Mumbai,West,2025-09-21,44.9,31.5,36.4
5441,Mumbai,West,2025-09-22,,,
5442,Mumbai,West,2025-09-23,25.9,14.3,18.4
5443,Mumbai,West,2025-09-24,68.5,35.3,62.1
5444,Mumbai,West,2025-09-25,59.4,36.1,45.8
5445,Mumbai,West,2025-09-26,34.6,24.8,22.1
5446,Mumbai,West,2025-09-27,41.9,27.9,25.5
5447,Mumbai,West,2025-09-28,31.4,13.3,23.2
5448,Mumbai,West,2025-09-29,48.2,22.4,36.9
5449,Mumbai,West,2025-09-30,54.2,33.7,43.6
5450,Mumbai,West,2025-10-01,78.2,37.9,68.2
5451,Mumbai,West,2025-10-02,90.0,52.1,77.7
5452,Mumbai,West,2025-10-03,93.7,45.4,83.5
5453,Mumbai,West,2025-10-04,67.4,43.0,48.7
5454,Mumbai,West,2025-10-05,85.1,42.2,79.8
5455,Mumbai,West,2025-10-06,88.3,51.1,78.4
5456,Mumbai,West,2025-10-07,77.1,39.1,58.1
5457,Mumbai,West,2025-10-08,79.6,46.4,70.1
5458,Mumbai,West,2025-10-09,97.2,49.8,76.4
5459,Mumbai,West,2025-10-10,102.8,57.7,88.5
5460,Mumbai,West,2025-10-11,87.8,50.3,81.4
5461,Mumbai,West,2025-10-12,85.7,44.8,64.0
5462,Mumbai,West,2025-10-13,86.1,43.0,63.5
5463,Mumbai,West,2025-10-14,92.0,51.3,78.3
5464,Mumbai,West,2025-10-15,70.5,35.1,56.6
5465,Mumbai,West,2025-10-16,113.2,64.1,101.7
5466,Mumbai,West,2025-10-17,88.9,44.5,87.3
5467,Mumbai,West,2025-10-18,93.0,52.3,84.1
5468,Mumbai,West,2025-10-19,87.6,49.3,66.5
5469,Mumbai,West,2025-10-20,92.0,45.3,68.9
5470,Mumbai,West,2025-10-21,94.3,47.6,76.7
5471,Mumbai,West,2025-10-22,88.8,48.1,83.1
5472,Mumbai,West,2025-10-23,88.2,50.6,79.4
5473,Mumbai,West,2025-10-24,70.3,32.5,61.6
5474,Mumbai,West,2025-10-25,82.7,40.9,74.7
5475,Mumbai,West,2025-10-26,94.0,49.8,83.2
5476,Mumbai,West,2025-10-27,56.6,30.6,53.6
5477,Mumbai,West,2025-10-28,97.3,53.4,89.6
5478,Mumbai,West,2025-10-29,96.6,51.5,83.0
5479,Mumbai,West,2025-10-30,98.2,55.8,79.9
5480,Mumbai,West,2025-10-31,52.7,37.1,42.5
5481,Mumbai,West,2025-11-01,123.0,63.3,105.8
5482,Mumbai,West,2025-11-02,126.4,71.1,106.1
5483,Mumbai,West,2025-11-03,165.7,87.5,140.9
5484,Mumbai,West,2025-11-04,166.8,94.5,138.7
5485,Mumbai,West,2025-11-05,147.3,81.3,114.0
5486,Mumbai,West,2025-11-06,109.9,62.1,88.8
5487,Mumbai,West,2025-11-07,96.2,53.3,88.6
5488,Mumbai,West,2025-11-08,96.4,51.4,78.6
5489,Mumbai,West,2025-11-09,103.9,59.2,81.9
5490,Mumbai,West,2025-11-10,78.6,42.0,74.8
5491,Mumbai,West,2025-11-11,93.8,54.2,80.3
5492,Mumbai,West,2025-11-12,91.3,51.0,73.1
5493,Mumbai,West,2025-11-13,99.0,53.0,76.9
5494,Mumbai,West,2025-11-14,102.2,62.0,88.8
5495,Mumbai,West,2025-11-15,120.8,62.1,118.1
5496,Mumbai,West,2025-11-16,111.3,62.3,90.6
5497,Mumbai,West,2025-11-17,92.4,50.9,86.6
5498,Mumbai,West,2025-11-18,107.9,68.9,89.4
5499,Mumbai,West,2025-11-19,86.6,45.5,81.2
5500,Mumbai,West,2025-11-20,119.0,60.8,96.0
5501,Mumbai,West,2025-11-21,118.8,57.9,104.4
5502,Mumbai,West,2025-11-22,93.1,49.7,75.7
5503,Mumbai,West,2025-11-23,114.1,67.8,93.3
5504,Mumbai,West,2025-11-24,118.5,67.3,94.6
5505,Mumbai,West,2025-11-25,95.1,53.4,78.4
5506,Mumbai,West,2025-11-26,99.4,58.0,86.4
5507,Mumbai,West,2025-11-27,,,
5508,Mumbai,West,2025-11-28,110.2,62.8,85.0
5509,Mumbai,West,2025-11-29,105.9,54.8,87.4
5510,Mumbai,West,2025-11-30,125.0,66.7,115.1
5511,Mumbai,West,2025-12-01,101.4,55.5,91.0
5512,Mumbai,West,2025-12-02,111.1,54.7,96.7
5513,Mumbai,West,2025-12-03,96.1,51.4,83.3
5514,Mumbai,West,2025-12-04,97.9,45.7,82.7
5515,Mumbai,West,2025-12-05,102.4,53.5,79.9
5516,Mumbai,West,2025-12-06,102.7,56.4,84.8
5517,Mumbai,West,2025-12-07,116.6,63.2,99.5
5518,Mumbai,West,2025-12-08,87.3,46.7,87.5
5519,Mumbai,West,2025-12-09,81.6,48.0,70.5
5520,Mumbai,West,2025-12-10,103.0,56.0,87.9
5521,Mumbai,West,2025-12-11,86.0,53.2,75.1
5522,Mumbai,West,2025-12-12,120.3,68.0,106.3
5523,Mumbai,West,2025-12-13,113.4,63.2,105.8
5524,Mumbai,West,2025-12-14,108.8,60.9,88.4
5525,Mumbai,West,2025-12-15,102.1,60.9,83.7
5526,Mumbai,West,2025-12-16,114.6,63.1,88.3
5527,Mumbai,West,2025-12-17,113.9,62.6,96.2
5528,Mumbai,West,2025-12-18,117.5,65.8,93.4
5529,Mumbai,West,2025-12-19,108.2,56.8,86.8
5530,Mumbai,West,2025-12-20,124.3,59.5,102.8
5531,Mumbai,West,2025-12-21,98.5,57.3,90.6
5532,Mumbai,West,2025-12-22,96.0,42.2,92.6
5533,Mumbai,West,2025-12-23,94.9,51.1,78.6
5534,Mumbai,West,2025-12-24,100.5,55.8,79.6
5535,Mumbai,West,2025-12-25,111.4,64.3,90.1
5536,Mumbai,West,2025-12-26,94.7,56.4,88.9
5537,Mumbai,West,2025-12-27,112.2,65.0,83.2
5538,Mumbai,West,2025-12-28,108.0,60.1,91.3
5539,Mumbai,West,2025-12-29,115.8,67.9,98.5
5540,Mumbai,West,2025-12-30,102.4,62.3,84.4
5541,Mumbai,West,2025-12-31,98.0,57.6,82.6
5542,Mumbai,West,2026-01-01,125.9,75.9,113.0
5543,Mumbai,West,2026-01-02,108.0,60.0,89.7
5544,Mumbai,West,2026-01-03,131.3,73.5,114.6
5545,Mumbai,West,2026-01-04,108.6,60.0,84.8
5546,Mumbai,West,2026-01-05,111.1,65.3,88.1
5547,Mumbai,West,2026-01-06,81.5,42.9,68.5
5548,Mumbai,West,2026-01-07,112.0,58.9,97.7
5549,Mumbai,West,2026-01-08,94.7,44.5,87.2
5550,Mumbai,West,2026-01-09,104.9,55.6,84.7
5551,Mumbai,West,2026-01-10,112.5,56.6,96.9
5552,Mumbai,West,2026-01-11,119.4,64.0,106.0
5553,Mumbai,West,2026-01-12,122.9,76.9,110.7
5554,Mumbai,West,2026-01-13,94.1,46.3,78.9
5555,Mumbai,West,2026-01-14,128.6,70.1,115.1
5556,Mumbai,West,2026-01-15,112.1,70.4,95.6
5557,Mumbai,West,2026-01-16,103.5,54.6,90.2
5558,Mumbai,West,2026-01-17,111.1,62.0,98.9
5559,Mumbai,West,2026-01-18,109.0,58.5,92.7
5560,Mumbai,West,2026-01-19,102.2,57.8,87.9
5561,Mumbai,West,2026-01-20,127.7,71.4,103.5
5562,Mumbai,West,2026-01-21,102.9,50.4,86.6
5563,Mumbai,West,2026-01-22,110.3,59.0,101.9
5564,Mumbai,West,2026-01-23,,,
5565,Mumbai,West,2026-01-24,,,
5566,Mumbai,West,2026-01-25,95.1,56.9,71.8
5567,Mumbai,West,2026-01-26,101.9,51.5,86.4
5568,Mumbai,West,2026-01-27,84.6,47.5,72.0
5569,Mumbai,West,2026-01-28,89.9,50.9,66.4
5570,Mumbai,West,2026-01-29,98.8,54.5,81.9
5571,Mumbai,West,2026-01-30,112.5,56.5,85.9
5572,Mumbai,West,2026-01-31,121.8,61.5,113.5
5573,Mumbai,West,2026-02-01,97.1,56.9,81.7
5574,Mumbai,West,2026-02-02,79.1,43.3,67.5
5575,Mumbai,West,2026-02-03,83.5,41.4,74.4
5576,Mumbai,West,2026-02-04,82.1,48.2,72.1
5577,Mumbai,West,2026-02-05,107.9,63.1,78.2
5578,Mumbai,West,2026-02-06,94.8,52.6,95.3
5579,Mumbai,West,2026-02-07,87.7,47.2,72.9
5580,Mumbai,West,2026-02-08,88.7,46.2,86.1
5581,Mumbai,West,2026-02-09,94.8,54.4,88.4
5582,Mumbai,West,2026-02-10,,,
5583,Mumbai,West,2026-02-11,94.8,50.1,76.9
5584,Mumbai,West,2026-02-12,84.7,48.4,74.9
5585,Mumbai,West,2026-02-13,92.8,55.6,76.7
5586,Mumbai,West,2026-02-14,74.2,37.1,61.0
5587,Mumbai,West,2026-02-15,102.9,59.8,92.8
5588,Mumbai,West,2026-02-16,97.5,50.9,79.9
5589,Mumbai,West,2026-02-17,66.3,37.0,52.0
5590,Mumbai,West,2026-02-18,92.9,52.3,75.3
5591,Mumbai,West,2026-02-19,114.2,61.6,91.5
5592,Mumbai,West,2026-02-20,105.2,55.1,100.2
5593,Mumbai,West,2026-02-21,,,
5594,Mumbai,West,2026-02-22,102.4,58.8,92.6
5595,Mumbai,West,2026-02-23,98.5,56.4,81.9
5596,Mumbai,West,2026-02-24,86.8,49.2,78.4
5597,Mumbai,West,2026-02-25,99.2,51.6,81.5
5598,Mumbai,West,2026-02-26,118.2,67.8,98.9
5599,Mumbai,West,2026-02-27,75.9,42.4,67.2
5600,Mumbai,West,2026-02-28,86.7,43.4,82.4
5601,Mumbai,West,2026-03-01,87.1,49.5,76.5
5602,Mumbai,West,2026-03-02,84.4,49.4,68.0
5603,Mumbai,West,2026-03-03,,,
5604,Mumbai,West,2026-03-04,94.3,48.8,84.7
5605,Mumbai,West,2026-03-05,95.5,53.0,85.6
5606,Mumbai,West,2026-03-06,95.2,47.9,80.5
5607,Mumbai,West,2026-03-07,83.0,41.7,74.0
5608,Mumbai,West,2026-03-08,63.7,36.5,52.7
5609,Mumbai,West,2026-03-09,106.4,61.9,94.9
5610,Mumbai,West,2026-03-10,95.7,45.7,78.4
5611,Mumbai,West,2026-03-11,77.5,43.1,67.7
5612,Mumbai,West,2026-03-12,85.5,44.3,73.2
5613,Mumbai,West,2026-03-13,85.7,45.2,86.2
5614,Mumbai,West,2026-03-14,84.7,43.9,72.0
5615,Mumbai,West,2026-03-15,,,
5616,Mumbai,West,2026-03-16,75.9,48.9,67.0
5617,Mumbai,West,2026-03-17,83.8,42.8,79.6
5618,Mumbai,West,2026-03-18,72.9,37.2,70.0
5619,Mumbai,West,2026-03-19,63.5,31.9,61.5
5620,Mumbai,West,2026-03-20,91.7,49.0,82.2
5621,Mumbai,West,2026-03-21,67.6,32.6,60.8
5622,Mumbai,West,2026-03-22,83.0,37.9,84.1
5623,Mumbai,West,2026-03-23,88.7,51.7,78.1
5624,Mumbai,West,2026-03-24,90.2,47.1,76.2
5625,Mumbai,West,2026-03-25,65.8,32.6,61.6
5626,Mumbai,West,2026-03-26,86.9,46.0,74.3
5627,Mumbai,West,2026-03-27,95.3,55.6,80.1
5628,Mumbai,West,2026-03-28,82.0,40.7,66.8
5629,Mumbai,West,2026-03-29,71.5,40.1,57.5
5630,Mumbai,West,2026-03-30,95.9,51.9,77.7
5631,Mumbai,West,2026-03-31,81.1,46.5,63.6
5632,Mumbai,West,2026-04-01,63.1,40.6,61.1
5633,Mumbai,West,2026-04-02,64.6,36.6,58.1
5634,Mumbai,West,2026-04-03,70.0,37.2,54.8
5635,Mumbai,West,2026-04-04,44.8,29.6,45.1
5636,Mumbai,West,2026-04-05,82.5,45.1,75.3
5637,Mumbai,West,2026-04-06,76.2,44.6,73.5
5638,Mumbai,West,2026-04-07,66.7,34.0,67.6
5639,Mumbai,West,2026-04-08,49.6,30.1,40.1
5640,Mumbai,West,2026-04-09,75.9,38.7,63.4
5641,Mumbai,West,2026-04-10,55.0,34.4,43.1
5642,Mumbai,West,2026-04-11,48.0,22.5,40.0
5643,Mumbai,West,2026-04-12,62.9,30.2,63.3
5644,Mumbai,West,2026-04-13,41.3,21.5,31.0
5645,Mumbai,West,2026-04-14,57.2,30.7,40.3
5646,Mumbai,West,2026-04-15,52.5,26.8,38.2
5647,Mumbai,West,2026-04-16,69.1,34.0,66.4
5648,Mumbai,West,2026-04-17,48.1,33.0,38.8
5649,Mumbai,West,2026-04-18,88.8,49.6,76.1
5650,Mumbai,West,2026-04-19,71.1,25.6,53.4
5651,Mumbai,West,2026-04-20,54.8,24.5,50.7
5652,Mumbai,West,2026-04-21,97.0,42.7,76.8
5653,Mumbai,West,2026-04-22,65.5,33.1,60.1
5654,Mumbai,West,2026-04-23,60.3,35.8,60.8
5655,Mumbai,West,2026-04-24,65.1,38.4,53.3
5656,Mumbai,West,2026-04-25,51.2,30.0,43.4
5657,Mumbai,West,2026-04-26,59.3,30.2,45.7
5658,Mumbai,West,2026-04-27,68.1,37.1,49.1
5659,Mumbai,West,2026-04-28,60.7,38.1,57.4
5660,Mumbai,West,2026-04-29,61.3,34.9,49.7
5661,Mumbai,West,2026-04-30,88.6,51.2,73.4
5662,Mumbai,West,2026-05-01,76.2,40.2,62.3
5663,Mumbai,West,2026-05-02,46.1,21.8,34.8
5664,Mumbai,West,2026-05-03,55.7,26.8,47.5
5665,Mumbai,West,2026-05-04,53.8,36.0,43.1
5666,Mumbai,West,2026-05-05,48.6,29.1,41.1
5667,Mumbai,West,2026-05-06,63.5,33.3,62.5
5668,Mumbai,West,2026-05-07,55.1,34.3,47.1
5669,Mumbai,West,2026-05-08,73.5,40.8,74.6
5670,Mumbai,West,2026-05-09,58.3,33.4,48.2
5671,Mumbai,West,2026-05-10,65.2,32.1,52.4
5672,Mumbai,West,2026-05-11,51.2,24.8,46.1
5673,Mumbai,West,2026-05-12,69.1,39.2,58.5
5674,Mumbai,West,2026-05-13,53.7,30.5,40.1
5675,Mumbai,West,2026-05-14,47.8,30.6,42.2
5676,Mumbai,West,2026-05-15,63.3,41.9,53.0
5677,Mumbai,West,2026-05-16,81.1,41.0,60.7
5678,Mumbai,West,2026-05-17,49.6,30.4,46.0
5679,Mumbai,West,2026-05-18,62.2,28.1,48.4
5680,Mumbai,West,2026-05-19,71.7,40.9,55.5
5681,Mumbai,West,2026-05-20,65.1,45.2,54.1
5682,Mumbai,West,2026-05-21,46.7,25.3,42.5
5683,Mumbai,West,2026-05-22,82.1,45.9,62.8
5684,Mumbai,West,2026-05-23,61.2,38.2,48.3
5685,Mumbai,West,2026-05-24,77.3,37.5,65.8
5686,Mumbai,West,2026-05-25,63.4,30.9,54.9
5687,Mumbai,West,2026-05-26,74.2,39.6,60.2
5688,Mumbai,West,2026-05-27,69.3,42.1,65.6
5689,Mumbai,West,2026-05-28,61.1,31.8,57.8
5690,Mumbai,West,2026-05-29,74.6,48.7,64.1
5691,Mumbai,West,2026-05-30,68.8,37.4,55.4
5692,Mumbai,West,2026-05-31,99.2,56.2,82.0
5693,Mumbai,West,2026-06-01,42.3,23.8,31.4
5694,Mumbai,West,2026-06-02,23.0,9.4,15.7
5695,Mumbai,West,2026-06-03,45.0,26.3,24.3
5696,Mumbai,West,2026-06-04,25.8,10.0,31.4
5697,Mumbai,West,2026-06-05,47.0,23.9,37.9
5698,Mumbai,West,2026-06-06,38.8,14.9,39.3
5699,Mumbai,West,2026-06-07,49.2,27.8,42.0
5700,Mumbai,West,2026-06-08,37.7,18.9,23.5
5701,Mumbai,West,2026-06-09,48.6,22.5,41.1
5702,Mumbai,West,2026-06-10,36.3,18.2,33.5
5703,Mumbai,West,2026-06-11,39.0,17.3,37.1
5704,Mumbai,West,2026-06-12,57.2,32.2,50.5
5705,Mumbai,West,2026-06-13,38.4,27.6,35.3
5706,Mumbai,West,2026-06-14,31.3,21.6,38.1
5707,Mumbai,West,2026-06-15,45.3,20.9,28.0
5708,Mumbai,West,2026-06-16,29.3,25.2,19.9
5709,Mumbai,West,2026-06-17,26.0,13.8,26.2
5710,Mumbai,West,2026-06-18,38.2,19.7,34.0
5711,Mumbai,West,2026-06-19,56.7,33.1,45.3
5712,Mumbai,West,2026-06-20,36.1,20.8,24.3
5713,Mumbai,West,2026-06-21,44.1,29.9,36.2
5714,Mumbai,West,2026-06-22,36.7,21.9,26.1
5715,Mumbai,West,2026-06-23,57.9,36.1,54.4
5716,Mumbai,West,2026-06-24,43.6,24.9,40.1
5717,Mumbai,West,2026-06-25,27.9,13.2,21.8
5718,Mumbai,West,2026-06-26,54.6,38.0,46.1
5719,Mumbai,West,2026-06-27,44.3,25.3,34.4
5720,Mumbai,West,2026-06-28,35.0,19.8,37.0
5721,Mumbai,West,2026-06-29,26.1,17.9,15.4
5722,Mumbai,West,2026-06-30,51.0,27.3,36.8
5723,Mumbai,West,2026-07-01,24.0,12.1,25.7
5724,Mumbai,West,2026-07-02,33.0,18.6,22.6
5725,Mumbai,West,2026-07-03,29.7,14.4,18.6
5726,Mumbai,West,2026-07-04,42.9,17.1,45.4
5727,Mumbai,West,2026-07-05,34.2,15.9,34.9
5728,Mumbai,West,2026-07-06,36.2,24.1,25.2
5729,Mumbai,West,2026-07-07,31.0,13.8,36.0
5730,Mumbai,West,2026-07-08,20.1,11.4,27.8
5731,Mumbai,West,2026-07-09,33.4,22.7,32.5
5732,Mumbai,West,2026-07-10,48.5,27.1,39.2
5733,Mumbai,West,2026-07-11,31.8,18.0,30.9
5734,Mumbai,West,2026-07-12,37.9,24.9,36.7
5735,Mumbai,West,2026-07-13,45.1,23.5,41.8
5736,Mumbai,West,2026-07-14,43.5,32.0,38.5
5737,Mumbai,West,2026-07-15,49.0,21.9,42.3
5738,Mumbai,West,2026-07-16,60.4,34.9,56.9
5739,Mumbai,West,2026-07-17,37.8,18.9,33.6
5740,Mumbai,West,2026-07-18,27.9,14.1,37.0
5741,Mumbai,West,2026-07-19,40.3,19.9,42.5
5742,Mumbai,West,2026-07-20,46.3,23.6,39.6
5743,Mumbai,West,2026-07-21,39.7,19.5,34.8
5744,Mumbai,West,2026-07-22,42.6,21.5,34.3
5745,Mumbai,West,2026-07-23,57.9,38.3,50.3
5746,Mumbai,West,2026-07-24,15.0,8.3,8.0
5747,Mumbai,West,2026-07-25,35.2,13.1,40.6
5748,Mumbai,West,2026-07-26,40.7,28.0,21.7
5749,Mumbai,West,2026-07-27,61.6,34.7,58.0
5750,Mumbai,West,2026-07-28,38.6,19.6,20.0
5751,Mumbai,West,2026-07-29,37.4,12.1,29.1
5752,Mumbai,West,2026-07-30,23.6,11.4,32.5
5753,Mumbai,West,2026-07-31,48.0,27.9,43.0
5754,Mumbai,West,2026-08-01,38.2,17.5,37.2
5755,Mumbai,West,2026-08-02,43.6,19.0,44.7
5756,Mumbai,West,2026-08-03,60.2,32.3,56.2
5757,Mumbai,West,2026-08-04,38.8,24.2,28.9
5758,Mumbai,West,2026-08-05,31.2,21.0,34.7
5759,Mumbai,West,2026-08-06,46.4,28.6,45.7
5760,Mumbai,West,2026-08-07,47.5,39.2,48.1
5761,Mumbai,West,2026-08-08,38.9,20.8,33.6
5762,Mumbai,West,2026-08-09,46.0,22.1,40.4
5763,Mumbai,West,2026-08-10,32.8,16.4,36.1
5764,Mumbai,West,2026-08-11,46.7,25.4,45.6
5765,Mumbai,West,2026-08-12,49.5,32.6,47.6
5766,Mumbai,West,2026-08-13,29.0,16.8,16.1
5767,Mumbai,West,2026-08-14,59.3,33.3,48.0
5768,Mumbai,West,2026-08-15,42.1,19.1,36.8
5769,Mumbai,West,2026-08-16,60.0,31.3,52.4
5770,Mumbai,West,2026-08-17,40.1,24.8,41.2
5771,Mumbai,West,2026-08-18,16.5,8.8,8.0
5772,Mumbai,West,2026-08-19,30.7,20.0,35.3
5773,Pune,West,2024-01-01,84.4,50.0,63.7
5774,Pune,West,2024-01-02,94.4,53.3,74.6
5775,Pune,West,2024-01-03,100.9,58.7,83.6
5776,Pune,West,2024-01-04,84.6,49.9,76.7
5777,Pune,West,2024-01-05,98.0,58.9,84.8
5778,Pune,West,2024-01-06,95.2,50.7,83.4
5779,Pune,West,2024-01-07,95.4,59.9,88.1
5780,Pune,West,2024-01-08,86.7,43.2,67.2
5781,Pune,West,2024-01-09,91.2,46.7,72.3
5782,Pune,West,2024-01-10,83.4,45.5,63.4
5783,Pune,West,2024-01-11,76.9,44.6,64.0
5784,Pune,West,2024-01-12,92.5,57.1,73.6
5785,Pune,West,2024-01-13,91.7,58.7,88.1
5786,Pune,West,2024-01-14,107.2,52.8,87.3
5787,Pune,West,2024-01-15,93.4,46.8,73.2
5788,Pune,West,2024-01-16,108.9,52.5,87.1
5789,Pune,West,2024-01-17,83.3,56.1,70.1
5790,Pune,West,2024-01-18,83.5,42.0,67.3
5791,Pune,West,2024-01-19,107.7,58.3,94.7
5792,Pune,West,2024-01-20,82.0,50.2,81.8
5793,Pune,West,2024-01-21,94.3,49.9,72.4
5794,Pune,West,2024-01-22,99.1,52.1,94.5
5795,Pune,West,2024-01-23,99.0,49.6,78.8
5796,Pune,West,2024-01-24,79.2,46.6,77.4
5797,Pune,West,2024-01-25,96.2,50.3,89.4
5798,Pune,West,2024-01-26,90.3,51.1,69.1
5799,Pune,West,2024-01-27,93.4,53.1,72.1
5800,Pune,West,2024-01-28,102.0,59.0,91.1
5801,Pune,West,2024-01-29,48.6,34.2,38.8
5802,Pune,West,2024-01-30,90.1,44.3,74.3
5803,Pune,West,2024-01-31,88.5,53.3,68.4
5804,Pune,West,2024-02-01,83.3,47.7,69.4
5805,Pune,West,2024-02-02,79.5,45.2,57.7
5806,Pune,West,2024-02-03,75.2,39.0,65.0
5807,Pune,West,2024-02-04,105.4,54.4,101.0
5808,Pune,West,2024-02-05,72.7,40.2,64.9
5809,Pune,West,2024-02-06,57.7,38.5,50.3
5810,Pune,West,2024-02-07,82.8,53.2,68.7
5811,Pune,West,2024-02-08,84.7,40.9,76.2
5812,Pune,West,2024-02-09,78.3,42.1,65.4
5813,Pune,West,2024-02-10,91.0,48.0,82.1
5814,Pune,West,2024-02-11,83.3,37.6,73.2
5815,Pune,West,2024-02-12,84.4,43.8,67.9
5816,Pune,West,2024-02-13,79.2,45.6,69.9
5817,Pune,West,2024-02-14,62.2,34.2,44.3
5818,Pune,West,2024-02-15,81.7,46.2,64.5
5819,Pune,West,2024-02-16,75.7,32.2,61.6
5820,Pune,West,2024-02-17,53.5,28.5,46.9
5821,Pune,West,2024-02-18,80.8,48.3,70.1
5822,Pune,West,2024-02-19,83.2,44.8,75.3
5823,Pune,West,2024-02-20,73.4,47.2,61.2
5824,Pune,West,2024-02-21,86.3,47.2,78.8
5825,Pune,West,2024-02-22,71.0,40.8,55.4
5826,Pune,West,2024-02-23,99.6,52.4,83.5
5827,Pune,West,2024-02-24,64.3,32.6,47.4
5828,Pune,West,2024-02-25,62.1,37.9,45.9
5829,Pune,West,2024-02-26,67.6,38.2,72.0
5830,Pune,West,2024-02-27,51.1,31.0,43.4
5831,Pune,West,2024-02-28,,,
5832,Pune,West,2024-02-29,92.8,48.6,66.3
5833,Pune,West,2024-03-01,62.4,33.4,55.0
5834,Pune,West,2024-03-02,87.2,43.7,73.3
5835,Pune,West,2024-03-03,74.7,42.3,64.5
5836,Pune,West,2024-03-04,69.3,42.0,52.1
5837,Pune,West,2024-03-05,101.9,55.6,89.8
5838,Pune,West,2024-03-06,76.7,46.0,59.4
5839,Pune,West,2024-03-07,62.2,37.0,38.6
5840,Pune,West,2024-03-08,59.4,35.9,52.7
5841,Pune,West,2024-03-09,89.0,44.0,55.4
5842,Pune,West,2024-03-10,56.5,26.2,64.5
5843,Pune,West,2024-03-11,59.0,31.3,48.5
5844,Pune,West,2024-03-12,94.2,53.4,80.4
5845,Pune,West,2024-03-13,93.1,48.5,82.3
5846,Pune,West,2024-03-14,86.0,41.9,69.2
5847,Pune,West,2024-03-15,69.7,36.4,58.4
5848,Pune,West,2024-03-16,70.3,37.6,53.8
5849,Pune,West,2024-03-17,70.5,41.5,59.3
5850,Pune,West,2024-03-18,78.3,40.2,55.4
5851,Pune,West,2024-03-19,60.4,34.9,65.6
5852,Pune,West,2024-03-20,97.1,51.8,81.8
5853,Pune,West,2024-03-21,77.9,42.9,66.0
5854,Pune,West,2024-03-22,68.5,39.8,71.5
5855,Pune,West,2024-03-23,67.5,35.1,60.0
5856,Pune,West,2024-03-24,68.2,37.7,55.0
5857,Pune,West,2024-03-25,60.9,39.7,40.1
5858,Pune,West,2024-03-26,86.8,48.7,76.0
5859,Pune,West,2024-03-27,82.1,51.5,75.4
5860,Pune,West,2024-03-28,77.9,44.1,73.0
5861,Pune,West,2024-03-29,101.9,52.2,86.3
5862,Pune,West,2024-03-30,63.5,33.1,54.2
5863,Pune,West,2024-03-31,69.4,37.4,65.2
5864,Pune,West,2024-04-01,55.2,28.9,36.2
5865,Pune,West,2024-04-02,57.9,29.9,54.7
5866,Pune,West,2024-04-03,42.7,24.4,32.7
5867,Pune,West,2024-04-04,67.8,38.0,49.8
5868,Pune,West,2024-04-05,47.3,33.8,45.6
5869,Pune,West,2024-04-06,60.5,32.1,50.2
5870,Pune,West,2024-04-07,50.5,25.4,42.3
5871,Pune,West,2024-04-08,61.9,27.2,42.4
5872,Pune,West,2024-04-09,58.0,30.1,45.2
5873,Pune,West,2024-04-10,70.4,40.6,56.1
5874,Pune,West,2024-04-11,44.2,25.3,40.7
5875,Pune,West,2024-04-12,28.0,17.1,34.1
5876,Pune,West,2024-04-13,62.4,37.9,47.9
5877,Pune,West,2024-04-14,61.0,35.7,61.5
5878,Pune,West,2024-04-15,53.0,28.3,55.4
5879,Pune,West,2024-04-16,49.3,28.1,41.7
5880,Pune,West,2024-04-17,44.2,26.4,36.3
5881,Pune,West,2024-04-18,54.7,36.4,31.9
5882,Pune,West,2024-04-19,60.5,32.8,52.9
5883,Pune,West,2024-04-20,54.6,27.5,46.5
5884,Pune,West,2024-04-21,63.3,37.5,50.8
5885,Pune,West,2024-04-22,63.6,34.3,50.2
5886,Pune,West,2024-04-23,66.0,37.7,60.5
5887,Pune,West,2024-04-24,55.3,24.6,52.7
5888,Pune,West,2024-04-25,57.1,27.9,41.4
5889,Pune,West,2024-04-26,65.4,37.0,61.1
5890,Pune,West,2024-04-27,59.0,29.6,47.2
5891,Pune,West,2024-04-28,63.1,30.7,52.6
5892,Pune,West,2024-04-29,51.7,26.7,62.2
5893,Pune,West,2024-04-30,34.0,19.8,22.5
5894,Pune,West,2024-05-01,82.5,44.2,68.9
5895,Pune,West,2024-05-02,62.7,37.0,52.4
5896,Pune,West,2024-05-03,72.7,40.1,68.1
5897,Pune,West,2024-05-04,53.5,25.7,42.4
5898,Pune,West,2024-05-05,47.5,19.9,35.8
5899,Pune,West,2024-05-06,43.8,26.4,46.4
5900,Pune,West,2024-05-07,45.1,25.2,33.0
5901,Pune,West,2024-05-08,69.2,43.3,55.5
5902,Pune,West,2024-05-09,66.1,29.3,58.3
5903,Pune,West,2024-05-10,68.3,38.6,62.1
5904,Pune,West,2024-05-11,71.8,49.0,61.8
5905,Pune,West,2024-05-12,57.7,34.6,44.6
5906,Pune,West,2024-05-13,68.4,34.1,58.9
5907,Pune,West,2024-05-14,48.3,21.9,41.4
5908,Pune,West,2024-05-15,47.0,21.2,38.3
5909,Pune,West,2024-05-16,46.5,26.4,42.4
5910,Pune,West,2024-05-17,62.8,41.7,53.0
5911,Pune,West,2024-05-18,53.4,30.2,42.2
5912,Pune,West,2024-05-19,41.5,24.8,30.3
5913,Pune,West,2024-05-20,47.5,24.6,40.6
5914,Pune,West,2024-05-21,51.9,19.7,44.1
5915,Pune,West,2024-05-22,60.4,34.5,61.4
5916,Pune,West,2024-05-23,46.2,32.7,41.5
5917,Pune,West,2024-05-24,49.5,34.3,40.6
5918,Pune,West,2024-05-25,70.2,34.1,66.2
5919,Pune,West,2024-05-26,68.8,36.8,67.4
5920,Pune,West,2024-05-27,42.0,31.9,27.3
5921,Pune,West,2024-05-28,61.7,34.0,33.3
5922,Pune,West,2024-05-29,61.3,32.1,45.7
5923,Pune,West,2024-05-30,49.2,20.6,47.7
5924,Pune,West,2024-05-31,44.3,22.8,45.7
5925,Pune,West,2024-06-01,58.8,26.1,52.0
5926,Pune,West,2024-06-02,53.3,33.6,37.8
5927,Pune,West,2024-06-03,31.4,18.2,32.2
5928,Pune,West,2024-06-04,46.7,20.2,43.8
5929,Pune,West,2024-06-05,50.5,33.8,46.0
5930,Pune,West,2024-06-06,26.9,16.2,24.7
5931,Pune,West,2024-06-07,22.3,7.1,22.6
5932,Pune,West,2024-06-08,53.1,29.4,46.3
5933,Pune,West,2024-06-09,29.5,14.8,28.4
5934,Pune,West,2024-06-10,46.9,25.5,26.5
5935,Pune,West,2024-06-11,38.4,15.5,21.1
5936,Pune,West,2024-06-12,29.5,22.3,15.9
5937,Pune,West,2024-06-13,37.9,21.8,40.3
5938,Pune,West,2024-06-14,29.1,15.9,18.2
5939,Pune,West,2024-06-15,28.3,17.7,30.3
5940,Pune,West,2024-06-16,,,
5941,Pune,West,2024-06-17,49.7,23.8,48.4
5942,Pune,West,2024-06-18,34.4,16.3,32.9
5943,Pune,West,2024-06-19,37.8,21.9,19.2
5944,Pune,West,2024-06-20,38.9,21.7,52.7
5945,Pune,West,2024-06-21,35.4,20.0,36.8
5946,Pune,West,2024-06-22,50.0,29.7,49.5
5947,Pune,West,2024-06-23,15.0,7.3,9.0
5948,Pune,West,2024-06-24,38.2,14.1,36.5
5949,Pune,West,2024-06-25,32.6,20.2,27.7
5950,Pune,West,2024-06-26,42.0,27.6,31.1
5951,Pune,West,2024-06-27,18.7,10.0,11.3
5952,Pune,West,2024-06-28,35.5,16.9,16.6
5953,Pune,West,2024-06-29,24.8,10.3,22.6
5954,Pune,West,2024-06-30,45.4,30.4,39.9
5955,Pune,West,2024-07-01,60.2,39.7,48.8
5956,Pune,West,2024-07-02,32.9,13.6,27.7
5957,Pune,West,2024-07-03,33.3,20.3,39.4
5958,Pune,West,2024-07-04,64.9,38.4,49.9
5959,Pune,West,2024-07-05,41.7,25.0,30.8
5960,Pune,West,2024-07-06,35.4,22.9,26.9
5961,Pune,West,2024-07-07,24.8,12.8,22.6
5962,Pune,West,2024-07-08,53.0,26.1,49.7
5963,Pune,West,2024-07-09,38.8,23.2,34.8
5964,Pune,West,2024-07-10,27.7,5.2,17.7
5965,Pune,West,2024-07-11,41.5,23.3,37.1
5966,Pune,West,2024-07-12,35.1,19.6,27.4
5967,Pune,West,2024-07-13,52.9,23.3,40.6
5968,Pune,West,2024-07-14,25.9,13.5,26.1
5969,Pune,West,2024-07-15,58.6,36.4,55.6
5970,Pune,West,2024-07-16,54.6,34.2,52.5
5971,Pune,West,2024-07-17,26.8,12.3,26.7
5972,Pune,West,2024-07-18,39.0,20.2,39.9
5973,Pune,West,2024-07-19,32.0,19.1,27.0
5974,Pune,West,2024-07-20,,,
5975,Pune,West,2024-07-21,22.5,10.7,27.3
5976,Pune,West,2024-07-22,53.2,26.5,49.0
5977,Pune,West,2024-07-23,34.5,14.9,31.3
5978,Pune,West,2024-07-24,37.9,18.5,36.9
5979,Pune,West,2024-07-25,48.7,22.9,51.4
5980,Pune,West,2024-07-26,44.2,23.7,47.1
5981,Pune,West,2024-07-27,47.2,29.7,45.1
5982,Pune,West,2024-07-28,34.5,21.3,28.8
5983,Pune,West,2024-07-29,28.6,12.1,27.5
5984,Pune,West,2024-07-30,49.6,21.5,52.4
5985,Pune,West,2024-07-31,46.2,29.3,37.6
5986,Pune,West,2024-08-01,45.4,27.9,30.8
5987,Pune,West,2024-08-02,49.5,36.2,37.7
5988,Pune,West,2024-08-03,16.1,5.9,19.0
5989,Pune,West,2024-08-04,43.0,20.0,33.1
5990,Pune,West,2024-08-05,16.6,9.7,8.0
5991,Pune,West,2024-08-06,35.1,13.9,28.9
5992,Pune,West,2024-08-07,45.5,24.4,40.1
5993,Pune,West,2024-08-08,40.9,21.3,30.2
5994,Pune,West,2024-08-09,16.7,10.5,22.7
5995,Pune,West,2024-08-10,62.8,27.2,47.7
5996,Pune,West,2024-08-11,44.5,32.1,31.5
5997,Pune,West,2024-08-12,39.3,22.6,30.1
5998,Pune,West,2024-08-13,35.6,17.9,21.2
5999,Pune,West,2024-08-14,59.2,33.6,47.6
6000,Pune,West,2024-08-15,51.8,27.6,51.1
6001,Pune,West,2024-08-16,29.3,20.7,29.1
6002,Pune,West,2024-08-17,29.5,19.4,31.4
6003,Pune,West,2024-08-18,38.5,16.7,25.7
6004,Pune,West,2024-08-19,35.9,20.9,15.3
6005,Pune,West,2024-08-20,46.1,27.4,49.2
6006,Pune,West,2024-08-21,34.7,17.9,31.9
6007,Pune,West,2024-08-22,21.3,12.1,8.0
6008,Pune,West,2024-08-23,27.8,15.9,23.6
6009,Pune,West,2024-08-24,23.9,14.8,20.2
6010,Pune,West,2024-08-25,45.0,21.9,36.2
6011,Pune,West,2024-08-26,42.7,18.8,38.3
6012,Pune,West,2024-08-27,26.9,21.5,17.8
6013,Pune,West,2024-08-28,44.1,16.0,35.7
6014,Pune,West,2024-08-29,39.9,20.9,30.5
6015,Pune,West,2024-08-30,24.0,13.0,18.5
6016,Pune,West,2024-08-31,36.0,16.9,22.7
6017,Pune,West,2024-09-01,48.4,32.0,47.5
6018,Pune,West,2024-09-02,41.1,23.6,33.8
6019,Pune,West,2024-09-03,38.1,21.1,26.6
6020,Pune,West,2024-09-04,22.2,13.4,11.9
6021,Pune,West,2024-09-05,55.0,28.8,50.9
6022,Pune,West,2024-09-06,39.1,20.4,34.3
6023,Pune,West,2024-09-07,37.8,23.5,35.2
6024,Pune,West,2024-09-08,54.0,29.8,49.2
6025,Pune,West,2024-09-09,28.3,20.4,22.6
6026,Pune,West,2024-09-10,38.9,18.5,26.0
6027,Pune,West,2024-09-11,15.0,18.4,20.7
6028,Pune,West,2024-09-12,27.5,13.9,13.9
6029,Pune,West,2024-09-13,46.1,26.9,43.5
6030,Pune,West,2024-09-14,29.9,18.9,25.1
6031,Pune,West,2024-09-15,20.8,16.4,14.4
6032,Pune,West,2024-09-16,,,
6033,Pune,West,2024-09-17,47.8,26.1,30.1
6034,Pune,West,2024-09-18,42.4,33.6,34.1
6035,Pune,West,2024-09-19,46.2,25.8,37.1
6036,Pune,West,2024-09-20,38.7,27.1,38.2
6037,Pune,West,2024-09-21,38.2,22.3,18.8
6038,Pune,West,2024-09-22,17.8,5.0,13.8
6039,Pune,West,2024-09-23,53.3,33.9,41.6
6040,Pune,West,2024-09-24,43.3,25.0,45.6
6041,Pune,West,2024-09-25,18.2,5.0,15.7
6042,Pune,West,2024-09-26,29.6,9.9,23.4
6043,Pune,West,2024-09-27,61.0,34.5,46.7
6044,Pune,West,2024-09-28,49.1,22.0,41.5
6045,Pune,West,2024-09-29,33.8,20.0,28.9
6046,Pune,West,2024-09-30,43.9,21.1,37.6
6047,Pune,West,2024-10-01,90.3,45.5,82.9
6048,Pune,West,2024-10-02,83.0,39.9,74.9
6049,Pune,West,2024-10-03,82.2,40.9,72.4
6050,Pune,West,2024-10-04,62.5,30.2,48.0
6051,Pune,West,2024-10-05,85.3,54.0,71.6
6052,Pune,West,2024-10-06,84.7,47.7,74.3
6053,Pune,West,2024-10-07,90.7,48.9,80.3
6054,Pune,West,2024-10-08,87.0,45.1,76.4
6055,Pune,West,2024-10-09,97.9,45.1,80.0
6056,Pune,West,2024-10-10,93.6,54.6,80.2
6057,Pune,West,2024-10-11,84.6,43.6,74.6
6058,Pune,West,2024-10-12,83.3,47.4,67.3
6059,Pune,West,2024-10-13,81.1,37.6,73.1
6060,Pune,West,2024-10-14,97.7,49.2,82.4
6061,Pune,West,2024-10-15,57.6,34.8,45.6
6062,Pune,West,2024-10-16,78.7,40.0,60.3
6063,Pune,West,2024-10-17,85.7,47.8,78.1
6064,Pune,West,2024-10-18,87.7,44.4,84.7
6065,Pune,West,2024-10-19,54.5,32.3,50.2
6066,Pune,West,2024-10-20,96.9,47.7,84.2
6067,Pune,West,2024-10-21,65.3,44.5,41.4
6068,Pune,West,2024-10-22,,,
6069,Pune,West,2024-10-23,68.5,49.0,54.8
6070,Pune,West,2024-10-24,75.0,42.5,63.4
6071,Pune,West,2024-10-25,59.2,27.7,45.1
6072,Pune,West,2024-10-26,73.7,41.7,60.4
6073,Pune,West,2024-10-27,76.4,44.0,62.8
6074,Pune,West,2024-10-28,82.5,47.5,69.1
6075,Pune,West,2024-10-29,77.2,46.8,70.5
6076,Pune,West,2024-10-30,116.9,66.7,100.8
6077,Pune,West,2024-10-31,90.4,51.5,82.3
6078,Pune,West,2024-11-01,133.4,70.5,101.9
6079,Pune,West,2024-11-02,148.6,76.2,135.4
6080,Pune,West,2024-11-03,127.9,66.1,103.5
6081,Pune,West,2024-11-04,130.3,74.1,111.3
6082,Pune,West,2024-11-05,130.2,80.6,98.6
6083,Pune,West,2024-11-06,94.7,54.1,84.4
6084,Pune,West,2024-11-07,115.4,64.5,88.0
6085,Pune,West,2024-11-08,108.7,56.5,87.0
6086,Pune,West,2024-11-09,96.2,49.5,79.5
6087,Pune,West,2024-11-10,96.8,48.4,85.8
6088,Pune,West,2024-11-11,75.8,38.7,53.9
6089,Pune,West,2024-11-12,99.2,58.6,85.0
6090,Pune,West,2024-11-13,92.1,46.7,89.6
6091,Pune,West,2024-11-14,85.7,45.7,75.3
6092,Pune,West,2024-11-15,82.8,40.4,82.7
6093,Pune,West,2024-11-16,91.0,46.9,79.4
6094,Pune,West,2024-11-17,78.6,37.0,52.0
6095,Pune,West,2024-11-18,94.5,59.1,70.8
6096,Pune,West,2024-11-19,95.8,46.7,89.5
6097,Pune,West,2024-11-20,,,
6098,Pune,West,2024-11-21,81.6,43.2,73.4
6099,Pune,West,2024-11-22,92.3,46.5,89.0
6100,Pune,West,2024-11-23,96.2,53.7,80.0
6101,Pune,West,2024-11-24,90.8,51.8,72.3
6102,Pune,West,2024-11-25,130.5,70.7,104.0
6103,Pune,West,2024-11-26,101.5,53.8,82.1
6104,Pune,West,2024-11-27,72.6,37.3,61.4
6105,Pune,West,2024-11-28,72.9,40.1,70.7
6106,Pune,West,2024-11-29,96.7,52.5,75.8
6107,Pune,West,2024-11-30,105.2,57.4,99.9
6108,Pune,West,2024-12-01,70.7,37.5,61.2
6109,Pune,West,2024-12-02,92.5,52.5,82.4
6110,Pune,West,2024-12-03,64.4,41.8,58.6
6111,Pune,West,2024-12-04,111.1,62.8,95.3
6112,Pune,West,2024-12-05,59.2,34.0,42.5
6113,Pune,West,2024-12-06,107.9,55.9,94.3
6114,Pune,West,2024-12-07,99.4,54.4,80.0
6115,Pune,West,2024-12-08,126.3,63.9,103.7
6116,Pune,West,2024-12-09,79.1,48.3,71.9
6117,Pune,West,2024-12-10,88.7,45.8,73.4
6118,Pune,West,2024-12-11,101.3,61.8,83.4
6119,Pune,West,2024-12-12,91.0,59.2,87.4
6120,Pune,West,2024-12-13,95.7,51.5,84.2
6121,Pune,West,2024-12-14,86.8,49.1,76.8
6122,Pune,West,2024-12-15,99.4,55.9,91.1
6123,Pune,West,2024-12-16,102.1,56.3,82.1
6124,Pune,West,2024-12-17,87.8,55.7,78.0
6125,Pune,West,2024-12-18,110.6,57.6,101.0
6126,Pune,West,2024-12-19,122.8,64.2,113.3
6127,Pune,West,2024-12-20,86.7,48.0,70.9
6128,Pune,West,2024-12-21,90.5,50.3,69.7
6129,Pune,West,2024-12-22,99.6,53.5,81.1
6130,Pune,West,2024-12-23,115.3,66.2,93.6
6131,Pune,West,2024-12-24,93.0,49.4,68.8
6132,Pune,West,2024-12-25,102.0,50.3,85.7
6133,Pune,West,2024-12-26,66.5,38.6,54.5
6134,Pune,West,2024-12-27,96.0,52.9,83.1
6135,Pune,West,2024-12-28,91.6,47.4,66.0
6136,Pune,West,2024-12-29,114.6,61.1,106.6
6137,Pune,West,2024-12-30,102.3,55.3,83.3
6138,Pune,West,2024-12-31,98.2,56.4,84.5
6139,Pune,West,2025-01-01,93.7,53.6,77.0
6140,Pune,West,2025-01-02,76.3,44.4,59.8
6141,Pune,West,2025-01-03,97.6,52.6,76.3
6142,Pune,West,2025-01-04,77.0,38.5,63.5
6143,Pune,West,2025-01-05,90.0,52.5,74.1
6144,Pune,West,2025-01-06,86.2,43.3,75.4
6145,Pune,West,2025-01-07,78.9,41.5,70.1
6146,Pune,West,2025-01-08,102.4,59.9,91.5
6147,Pune,West,2025-01-09,96.0,52.7,89.2
6148,Pune,West,2025-01-10,90.1,43.4,78.9
6149,Pune,West,2025-01-11,87.1,50.6,73.1
6150,Pune,West,2025-01-12,83.2,48.1,70.8
6151,Pune,West,2025-01-13,82.2,39.2,64.1
6152,Pune,West,2025-01-14,103.9,63.7,93.1
6153,Pune,West,2025-01-15,79.0,41.4,66.6
6154,Pune,West,2025-01-16,97.3,50.0,87.9
6155,Pune,West,2025-01-17,102.6,53.7,83.4
6156,Pune,West,2025-01-18,99.7,58.8,88.5
6157,Pune,West,2025-01-19,78.6,36.6,68.1
6158,Pune,West,2025-01-20,104.1,60.3,82.4
6159,Pune,West,2025-01-21,97.4,55.9,78.8
6160,Pune,West,2025-01-22,75.8,50.2,67.3
6161,Pune,West,2025-01-23,102.2,65.3,90.6
6162,Pune,West,2025-01-24,83.5,44.7,79.4
6163,Pune,West,2025-01-25,94.0,49.8,91.4
6164,Pune,West,2025-01-26,95.6,54.7,87.7
6165,Pune,West,2025-01-27,72.9,38.9,63.9
6166,Pune,West,2025-01-28,90.2,52.9,71.2
6167,Pune,West,2025-01-29,80.3,44.3,68.3
6168,Pune,West,2025-01-30,75.5,42.7,72.3
6169,Pune,West,2025-01-31,88.4,45.0,86.9
6170,Pune,West,2025-02-01,,,
6171,Pune,West,2025-02-02,73.0,40.2,54.9
6172,Pune,West,2025-02-03,79.3,50.1,69.2
6173,Pune,West,2025-02-04,90.6,43.9,80.5
6174,Pune,West,2025-02-05,80.2,47.8,63.0
6175,Pune,West,2025-02-06,81.9,37.8,65.8
6176,Pune,West,2025-02-07,95.9,53.6,75.5
6177,Pune,West,2025-02-08,94.6,54.4,80.0
6178,Pune,West,2025-02-09,,,
6179,Pune,West,2025-02-10,102.9,49.2,89.8
6180,Pune,West,2025-02-11,49.6,27.3,37.3
6181,Pune,West,2025-02-12,87.8,49.4,80.8
6182,Pune,West,2025-02-13,83.1,50.2,62.1
6183,Pune,West,2025-02-14,63.4,27.4,50.9
6184,Pune,West,2025-02-15,70.9,44.8,67.5
6185,Pune,West,2025-02-16,86.0,47.7,78.4
6186,Pune,West,2025-02-17,67.8,40.2,54.3
6187,Pune,West,2025-02-18,100.2,55.7,85.7
6188,Pune,West,2025-02-19,73.2,43.1,68.8
6189,Pune,West,2025-02-20,97.3,52.4,85.4
6190,Pune,West,2025-02-21,75.7,43.5,65.8
6191,Pune,West,2025-02-22,74.2,38.9,71.6
6192,Pune,West,2025-02-23,90.7,49.1,76.4
6193,Pune,West,2025-02-24,89.0,47.5,80.1
6194,Pune,West,2025-02-25,84.7,44.6,58.2
6195,Pune,West,2025-02-26,96.3,57.3,70.5
6196,Pune,West,2025-02-27,82.6,42.0,72.8
6197,Pune,West,2025-02-28,104.4,68.3,93.0
6198,Pune,West,2025-03-01,90.8,48.3,81.9
6199,Pune,West,2025-03-02,,,
6200,Pune,West,2025-03-03,73.2,44.2,67.8
6201,Pune,West,2025-03-04,79.0,42.4,54.3
6202,Pune,West,2025-03-05,61.8,33.7,54.4
6203,Pune,West,2025-03-06,63.6,33.7,50.6
6204,Pune,West,2025-03-07,73.7,45.2,69.4
6205,Pune,West,2025-03-08,57.2,35.7,51.1
6206,Pune,West,2025-03-09,75.7,44.8,65.5
6207,Pune,West,2025-03-10,94.9,53.2,76.9
6208,Pune,West,2025-03-11,69.4,42.9,46.6
6209,Pune,West,2025-03-12,85.0,57.2,76.7
6210,Pune,West,2025-03-13,85.9,44.7,62.1
6211,Pune,West,2025-03-14,76.1,47.1,44.9
6212,Pune,West,2025-03-15,65.5,33.9,54.0
6213,Pune,West,2025-03-16,61.8,37.4,45.0
6214,Pune,West,2025-03-17,81.4,38.4,70.6
6215,Pune,West,2025-03-18,73.7,33.1,60.5
6216,Pune,West,2025-03-19,90.1,53.5,82.5
6217,Pune,West,2025-03-20,68.5,42.6,58.9
6218,Pune,West,2025-03-21,85.1,50.6,62.7
6219,Pune,West,2025-03-22,88.8,43.5,79.9
6220,Pune,West,2025-03-23,76.7,44.8,62.4
6221,Pune,West,2025-03-24,71.7,42.0,59.1
6222,Pune,West,2025-03-25,99.2,53.6,94.0
6223,Pune,West,2025-03-26,63.6,38.6,52.8
6224,Pune,West,2025-03-27,90.1,47.0,78.6
6225,Pune,West,2025-03-28,86.1,44.1,74.9
6226,Pune,West,2025-03-29,75.8,37.1,69.6
6227,Pune,West,2025-03-30,77.6,36.1,69.1
6228,Pune,West,2025-03-31,76.3,42.2,65.5
6229,Pune,West,2025-04-01,62.9,31.4,49.2
6230,Pune,West,2025-04-02,70.4,36.4,58.6
6231,Pune,West,2025-04-03,34.6,21.0,29.5
6232,Pune,West,2025-04-04,61.8,39.0,56.0
6233,Pune,West,2025-04-05,61.3,40.2,58.3
6234,Pune,West,2025-04-06,67.2,37.9,59.0
6235,Pune,West,2025-04-07,73.3,36.9,57.7
6236,Pune,West,2025-04-08,52.1,24.9,40.6
6237,Pune,West,2025-04-09,63.2,39.5,54.9
6238,Pune,West,2025-04-10,64.6,38.4,67.5
6239,Pune,West,2025-04-11,57.9,32.2,49.9
6240,Pune,West,2025-04-12,58.5,24.7,53.7
6241,Pune,West,2025-04-13,77.5,37.8,67.8
6242,Pune,West,2025-04-14,82.5,49.8,77.0
6243,Pune,West,2025-04-15,46.0,26.4,39.2
6244,Pune,West,2025-04-16,53.3,25.4,39.9
6245,Pune,West,2025-04-17,41.9,19.5,34.1
6246,Pune,West,2025-04-18,53.8,27.7,46.0
6247,Pune,West,2025-04-19,68.3,31.4,60.1
6248,Pune,West,2025-04-20,46.1,31.4,38.9
6249,Pune,West,2025-04-21,60.7,35.9,59.9
6250,Pune,West,2025-04-22,42.9,24.0,31.6
6251,Pune,West,2025-04-23,79.7,39.7,72.1
6252,Pune,West,2025-04-24,52.9,35.1,43.1
6253,Pune,West,2025-04-25,49.7,31.6,38.1
6254,Pune,West,2025-04-26,49.7,36.1,55.2
6255,Pune,West,2025-04-27,51.6,27.7,58.3
6256,Pune,West,2025-04-28,63.5,34.1,53.1
6257,Pune,West,2025-04-29,58.9,32.2,46.9
6258,Pune,West,2025-04-30,50.7,29.3,43.1
6259,Pune,West,2025-05-01,55.6,34.1,54.6
6260,Pune,West,2025-05-02,59.3,26.1,54.6
6261,Pune,West,2025-05-03,81.9,39.1,73.5
6262,Pune,West,2025-05-04,50.5,34.5,31.7
6263,Pune,West,2025-05-05,49.3,26.7,40.2
6264,Pune,West,2025-05-06,64.3,41.5,49.9
6265,Pune,West,2025-05-07,46.7,34.2,43.5
6266,Pune,West,2025-05-08,40.5,11.2,36.9
6267,Pune,West,2025-05-09,54.9,35.5,46.6
6268,Pune,West,2025-05-10,74.5,48.0,57.0
6269,Pune,West,2025-05-11,50.1,27.1,42.8
6270,Pune,West,2025-05-12,55.5,35.7,50.7
6271,Pune,West,2025-05-13,71.0,35.2,46.2
6272,Pune,West,2025-05-14,51.6,25.6,44.1
6273,Pune,West,2025-05-15,54.0,26.9,49.2
6274,Pune,West,2025-05-16,56.5,29.3,49.8
6275,Pune,West,2025-05-17,48.5,36.2,48.3
6276,Pune,West,2025-05-18,42.5,16.2,36.9
6277,Pune,West,2025-05-19,53.9,27.3,39.4
6278,Pune,West,2025-05-20,45.2,33.1,42.3
6279,Pune,West,2025-05-21,58.8,28.9,44.0
6280,Pune,West,2025-05-22,46.6,24.8,31.9
6281,Pune,West,2025-05-23,,,
6282,Pune,West,2025-05-24,36.9,25.8,26.7
6283,Pune,West,2025-05-25,57.5,37.0,51.9
6284,Pune,West,2025-05-26,57.1,30.3,41.0
6285,Pune,West,2025-05-27,53.8,31.1,51.7
6286,Pune,West,2025-05-28,46.5,27.5,47.8
6287,Pune,West,2025-05-29,63.7,39.1,48.9
6288,Pune,West,2025-05-30,49.0,32.5,49.6
6289,Pune,West,2025-05-31,59.7,29.4,55.2
6290,Pune,West,2025-06-01,27.6,15.3,36.1
6291,Pune,West,2025-06-02,48.1,28.5,39.1
6292,Pune,West,2025-06-03,15.0,11.2,12.2
6293,Pune,West,2025-06-04,46.0,19.1,38.4
6294,Pune,West,2025-06-05,45.5,29.6,35.3
6295,Pune,West,2025-06-06,17.1,9.0,14.9
6296,Pune,West,2025-06-07,46.6,26.4,45.2
6297,Pune,West,2025-06-08,36.7,15.9,34.6
6298,Pune,West,2025-06-09,35.2,19.7,34.9
6299,Pune,West,2025-06-10,44.6,24.1,42.0
6300,Pune,West,2025-06-11,52.9,29.7,36.7
6301,Pune,West,2025-06-12,42.3,23.7,38.1
6302,Pune,West,2025-06-13,15.0,5.0,8.0
6303,Pune,West,2025-06-14,31.9,14.3,21.9
6304,Pune,West,2025-06-15,27.6,12.8,18.0
6305,Pune,West,2025-06-16,24.4,12.6,22.2
6306,Pune,West,2025-06-17,33.4,14.4,26.1
6307,Pune,West,2025-06-18,57.5,31.5,44.2
6308,Pune,West,2025-06-19,39.5,17.3,29.1
6309,Pune,West,2025-06-20,50.8,33.5,42.0
6310,Pune,West,2025-06-21,29.3,21.3,25.5
6311,Pune,West,2025-06-22,49.6,21.7,37.6
6312,Pune,West,2025-06-23,26.3,6.6,8.0
6313,Pune,West,2025-06-24,45.2,23.8,36.5
6314,Pune,West,2025-06-25,36.9,19.6,32.9
6315,Pune,West,2025-06-26,26.2,21.0,22.7
6316,Pune,West,2025-06-27,29.1,10.5,26.1
6317,Pune,West,2025-06-28,49.7,24.5,40.6
6318,Pune,West,2025-06-29,22.0,6.1,32.4
6319,Pune,West,2025-06-30,33.4,18.6,37.3
6320,Pune,West,2025-07-01,40.8,27.0,24.0
6321,Pune,West,2025-07-02,57.4,32.0,57.4
6322,Pune,West,2025-07-03,33.2,17.8,32.2
6323,Pune,West,2025-07-04,40.7,22.9,40.9
6324,Pune,West,2025-07-05,40.2,22.9,37.1
6325,Pune,West,2025-07-06,32.7,17.5,36.4
6326,Pune,West,2025-07-07,32.6,17.3,24.2
6327,Pune,West,2025-07-08,26.8,11.0,29.9
6328,Pune,West,2025-07-09,53.1,24.5,49.2
6329,Pune,West,2025-07-10,46.1,29.7,40.4
6330,Pune,West,2025-07-11,51.7,33.7,31.9
6331,Pune,West,2025-07-12,65.6,38.6,61.6
6332,Pune,West,2025-07-13,58.3,35.3,44.8
6333,Pune,West,2025-07-14,50.0,32.5,42.2
6334,Pune,West,2025-07-15,37.4,8.6,33.7
6335,Pune,West,2025-07-16,42.2,19.0,31.6
6336,Pune,West,2025-07-17,36.7,16.0,35.5
6337,Pune,West,2025-07-18,22.5,14.0,13.1
6338,Pune,West,2025-07-19,43.8,20.5,38.9
6339,Pune,West,2025-07-20,39.9,15.8,35.7
6340,Pune,West,2025-07-21,39.7,21.5,30.8
6341,Pune,West,2025-07-22,48.3,25.6,43.2
6342,Pune,West,2025-07-23,34.3,16.7,24.5
6343,Pune,West,2025-07-24,40.1,20.5,32.9
6344,Pune,West,2025-07-25,37.6,22.9,20.5
6345,Pune,West,2025-07-26,27.2,13.7,26.2
6346,Pune,West,2025-07-27,30.5,12.8,25.6
6347,Pune,West,2025-07-28,33.7,24.7,28.5
6348,Pune,West,2025-07-29,56.4,33.2,34.1
6349,Pune,West,2025-07-30,37.1,22.1,35.0
6350,Pune,West,2025-07-31,56.1,28.8,46.7
6351,Pune,West,2025-08-01,29.2,18.0,19.4
6352,Pune,West,2025-08-02,27.4,11.4,22.0
6353,Pune,West,2025-08-03,23.0,19.0,15.3
6354,Pune,West,2025-08-04,23.2,14.5,26.8
6355,Pune,West,2025-08-05,18.3,10.0,13.7
6356,Pune,West,2025-08-06,17.9,5.0,20.0
6357,Pune,West,2025-08-07,31.8,16.7,22.2
6358,Pune,West,2025-08-08,36.4,16.5,37.2
6359,Pune,West,2025-08-09,41.0,25.2,35.4
6360,Pune,West,2025-08-10,18.6,20.0,10.4
6361,Pune,West,2025-08-11,35.9,15.3,29.5
6362,Pune,West,2025-08-12,25.6,15.4,30.4
6363,Pune,West,2025-08-13,29.5,15.2,26.2
6364,Pune,West,2025-08-14,33.9,21.1,37.1
6365,Pune,West,2025-08-15,15.1,12.9,8.6
6366,Pune,West,2025-08-16,33.6,13.7,37.6
6367,Pune,West,2025-08-17,,,
6368,Pune,West,2025-08-18,40.3,24.4,42.1
6369,Pune,West,2025-08-19,59.7,31.3,44.3
6370,Pune,West,2025-08-20,50.0,30.0,43.2
6371,Pune,West,2025-08-21,58.2,27.1,37.2
6372,Pune,West,2025-08-22,40.6,22.8,29.1
6373,Pune,West,2025-08-23,21.5,8.7,19.5
6374,Pune,West,2025-08-24,34.1,19.2,27.1
6375,Pune,West,2025-08-25,48.4,25.5,38.8
6376,Pune,West,2025-08-26,21.4,15.5,11.6
6377,Pune,West,2025-08-27,17.7,13.3,10.1
6378,Pune,West,2025-08-28,44.9,25.2,33.5
6379,Pune,West,2025-08-29,46.0,23.4,51.4
6380,Pune,West,2025-08-30,21.6,9.6,8.8
6381,Pune,West,2025-08-31,55.8,28.1,47.8
6382,Pune,West,2025-09-01,45.4,16.2,37.6
6383,Pune,West,2025-09-02,41.6,24.2,32.3
6384,Pune,West,2025-09-03,34.9,10.9,23.7
6385,Pune,West,2025-09-04,27.3,16.2,14.5
6386,Pune,West,2025-09-05,30.5,9.4,24.1
6387,Pune,West,2025-09-06,50.5,28.6,43.9
6388,Pune,West,2025-09-07,18.9,5.4,18.9
6389,Pune,West,2025-09-08,38.4,31.8,38.1
6390,Pune,West,2025-09-09,44.2,26.1,41.2
6391,Pune,West,2025-09-10,40.4,17.4,37.6
6392,Pune,West,2025-09-11,45.1,21.4,36.7
6393,Pune,West,2025-09-12,31.1,16.3,27.9
6394,Pune,West,2025-09-13,22.8,11.9,9.7
6395,Pune,West,2025-09-14,49.8,28.0,44.2
6396,Pune,West,2025-09-15,30.8,18.0,13.7
6397,Pune,West,2025-09-16,34.0,17.9,25.8
6398,Pune,West,2025-09-17,23.6,19.0,22.5
6399,Pune,West,2025-09-18,39.4,19.8,46.7
6400,Pune,West,2025-09-19,39.6,17.1,40.3
6401,Pune,West,2025-09-20,52.2,22.9,53.3
6402,Pune,West,2025-09-21,38.1,26.5,28.2
6403,Pune,West,2025-09-22,52.2,23.7,37.5
6404,Pune,West,2025-09-23,32.6,15.2,19.7
6405,Pune,West,2025-09-24,28.6,11.7,19.1
6406,Pune,West,2025-09-25,31.1,14.9,32.7
6407,Pune,West,2025-09-26,26.0,17.1,26.3
6408,Pune,West,2025-09-27,47.8,26.2,36.4
6409,Pune,West,2025-09-28,22.4,16.4,19.4
6410,Pune,West,2025-09-29,31.1,11.1,29.8
6411,Pune,West,2025-09-30,44.9,25.5,30.2
6412,Pune,West,2025-10-01,87.5,50.7,65.4
6413,Pune,West,2025-10-02,87.8,52.0,74.5
6414,Pune,West,2025-10-03,67.6,43.6,50.3
6415,Pune,West,2025-10-04,85.8,51.0,75.5
6416,Pune,West,2025-10-05,48.8,24.6,39.7
6417,Pune,West,2025-10-06,70.5,43.5,58.7
6418,Pune,West,2025-10-07,98.0,55.1,66.8
6419,Pune,West,2025-10-08,63.1,40.8,42.2
6420,Pune,West,2025-10-09,91.7,52.7,86.8
6421,Pune,West,2025-10-10,90.6,48.8,79.8
6422,Pune,West,2025-10-11,82.3,47.5,62.3
6423,Pune,West,2025-10-12,84.0,54.7,72.0
6424,Pune,West,2025-10-13,79.0,45.3,74.4
6425,Pune,West,2025-10-14,67.9,32.8,61.8
6426,Pune,West,2025-10-15,81.6,44.8,69.6
6427,Pune,West,2025-10-16,60.1,30.2,53.0
6428,Pune,West,2025-10-17,92.9,51.5,83.0
6429,Pune,West,2025-10-18,85.5,44.2,65.2
6430,Pune,West,2025-10-19,90.9,46.7,70.4
6431,Pune,West,2025-10-20,74.7,32.9,57.1
6432,Pune,West,2025-10-21,65.6,40.8,53.9
6433,Pune,West,2025-10-22,82.4,47.4,73.2
6434,Pune,West,2025-10-23,97.9,54.2,87.8
6435,Pune,West,2025-10-24,69.6,35.6,60.2
6436,Pune,West,2025-10-25,72.9,40.4,58.7
6437,Pune,West,2025-10-26,86.0,47.1,69.6
6438,Pune,West,2025-10-27,79.1,42.8,70.7
6439,Pune,West,2025-10-28,89.0,44.3,82.8
6440,Pune,West,2025-10-29,,,
6441,Pune,West,2025-10-30,89.6,47.2,75.1
6442,Pune,West,2025-10-31,65.2,38.6,57.2
6443,Pune,West,2025-11-01,139.8,76.0,119.8
6444,Pune,West,2025-11-02,115.3,63.5,109.6
6445,Pune,West,2025-11-03,125.4,70.8,88.8
6446,Pune,West,2025-11-04,137.3,72.1,119.2
6447,Pune,West,2025-11-05,116.6,60.4,93.9
6448,Pune,West,2025-11-06,91.5,52.2,74.6
6449,Pune,West,2025-11-07,87.7,47.1,81.5
6450,Pune,West,2025-11-08,87.9,51.6,73.3
6451,Pune,West,2025-11-09,89.6,47.2,76.4
6452,Pune,West,2025-11-10,78.9,40.9,65.8
6453,Pune,West,2025-11-11,90.4,53.5,75.8
6454,Pune,West,2025-11-12,99.1,61.3,85.1
6455,Pune,West,2025-11-13,85.7,44.4,86.3
6456,Pune,West,2025-11-14,72.6,41.1,60.2
6457,Pune,West,2025-11-15,108.7,61.2,92.0
6458,Pune,West,2025-11-16,81.3,40.7,67.4
6459,Pune,West,2025-11-17,79.7,49.1,61.4
6460,Pune,West,2025-11-18,109.3,58.7,100.8
6461,Pune,West,2025-11-19,95.2,49.9,83.1
6462,Pune,West,2025-11-20,96.1,57.9,72.3
6463,Pune,West,2025-11-21,93.6,57.2,88.7
6464,Pune,West,2025-11-22,77.6,46.3,72.8
6465,Pune,West,2025-11-23,108.6,63.9,92.2
6466,Pune,West,2025-11-24,81.5,43.6,59.5
6467,Pune,West,2025-11-25,105.5,58.8,93.0
6468,Pune,West,2025-11-26,113.8,65.0,92.2
6469,Pune,West,2025-11-27,78.2,39.2,68.1
6470,Pune,West,2025-11-28,88.7,50.0,71.1
6471,Pune,West,2025-11-29,103.6,48.6,82.6
6472,Pune,West,2025-11-30,,,
6473,Pune,West,2025-12-01,96.5,55.6,79.5
6474,Pune,West,2025-12-02,83.2,52.0,64.3
6475,Pune,West,2025-12-03,106.8,50.0,89.1
6476,Pune,West,2025-12-04,89.1,45.6,68.6
6477,Pune,West,2025-12-05,94.2,55.1,75.3
6478,Pune,West,2025-12-06,97.6,49.7,80.8
6479,Pune,West,2025-12-07,91.6,58.0,82.2
6480,Pune,West,2025-12-08,82.2,47.2,61.4
6481,Pune,West,2025-12-09,84.9,52.2,74.2
6482,Pune,West,2025-12-10,102.1,56.8,75.1
6483,Pune,West,2025-12-11,90.6,54.8,75.7
6484,Pune,West,2025-12-12,100.5,56.8,83.3
6485,Pune,West,2025-12-13,75.5,48.9,61.1
6486,Pune,West,2025-12-14,103.8,52.8,92.3
6487,Pune,West,2025-12-15,73.0,42.3,58.0
6488,Pune,West,2025-12-16,80.0,44.0,70.4
6489,Pune,West,2025-12-17,113.0,62.9,100.8
6490,Pune,West,2025-12-18,79.0,42.7,71.5
6491,Pune,West,2025-12-19,105.8,62.6,94.8
6492,Pune,West,2025-12-20,81.9,49.0,73.7
6493,Pune,West,2025-12-21,79.1,38.1,63.9
6494,Pune,West,2025-12-22,91.6,50.2,70.8
6495,Pune,West,2025-12-23,78.5,37.7,69.2
6496,Pune,West,2025-12-24,108.4,72.0,96.0
6497,Pune,West,2025-12-25,88.1,49.8,77.2
6498,Pune,West,2025-12-26,85.0,46.6,66.4
6499,Pune,West,2025-12-27,104.2,54.6,91.3
6500,Pune,West,2025-12-28,101.9,50.7,81.6
6501,Pune,West,2025-12-29,95.7,53.7,77.2
6502,Pune,West,2025-12-30,99.4,59.3,86.2
6503,Pune,West,2025-12-31,85.5,52.7,69.5
6504,Pune,West,2026-01-01,86.5,51.8,76.3
6505,Pune,West,2026-01-02,73.8,41.4,76.0
6506,Pune,West,2026-01-03,79.6,45.1,51.9
6507,Pune,West,2026-01-04,82.1,45.7,73.5
6508,Pune,West,2026-01-05,123.8,71.1,105.0
6509,Pune,West,2026-01-06,114.4,62.5,99.1
6510,Pune,West,2026-01-07,104.8,59.1,84.8
6511,Pune,West,2026-01-08,105.0,57.0,89.4
6512,Pune,West,2026-01-09,96.9,50.3,83.0
6513,Pune,West,2026-01-10,97.7,61.3,80.9
6514,Pune,West,2026-01-11,89.7,53.8,76.4
6515,Pune,West,2026-01-12,86.3,48.9,68.5
6516,Pune,West,2026-01-13,87.3,47.6,70.6
6517,Pune,West,2026-01-14,86.3,52.9,62.0
6518,Pune,West,2026-01-15,90.6,48.7,84.0
6519,Pune,West,2026-01-16,95.7,54.8,87.7
6520,Pune,West,2026-01-17,100.9,51.3,81.2
6521,Pune,West,2026-01-18,94.3,55.7,79.0
6522,Pune,West,2026-01-19,88.3,50.6,83.4
6523,Pune,West,2026-01-20,93.6,55.3,88.1
6524,Pune,West,2026-01-21,102.3,58.0,91.0
6525,Pune,West,2026-01-22,92.4,61.6,77.2
6526,Pune,West,2026-01-23,85.3,46.7,71.5
6527,Pune,West,2026-01-24,88.2,55.9,83.2
6528,Pune,West,2026-01-25,80.8,44.5,68.7
6529,Pune,West,2026-01-26,64.2,34.0,55.7
6530,Pune,West,2026-01-27,94.2,49.7,83.4
6531,Pune,West,2026-01-28,64.0,32.7,64.6
6532,Pune,West,2026-01-29,79.4,42.4,79.8
6533,Pune,West,2026-01-30,86.6,44.1,82.1
6534,Pune,West,2026-01-31,103.6,63.1,88.9
6535,Pune,West,2026-02-01,81.2,37.0,66.9
6536,Pune,West,2026-02-02,98.2,57.3,81.2
6537,Pune,West,2026-02-03,76.3,49.9,66.9
6538,Pune,West,2026-02-04,79.7,47.2,71.4
6539,Pune,West,2026-02-05,77.2,36.2,72.3
6540,Pune,West,2026-02-06,81.2,38.6,82.6
6541,Pune,West,2026-02-07,92.0,46.0,82.4
6542,Pune,West,2026-02-08,73.4,39.3,59.7
6543,Pune,West,2026-02-09,78.1,41.7,81.6
6544,Pune,West,2026-02-10,98.5,47.5,90.4
6545,Pune,West,2026-02-11,77.2,40.4,63.2
6546,Pune,West,2026-02-12,89.7,45.0,82.6
6547,Pune,West,2026-02-13,80.9,51.0,69.9
6548,Pune,West,2026-02-14,93.2,39.1,80.0
6549,Pune,West,2026-02-15,82.0,41.8,74.3
6550,Pune,West,2026-02-16,102.8,51.8,80.2
6551,Pune,West,2026-02-17,88.3,47.3,86.4
6552,Pune,West,2026-02-18,,,
6553,Pune,West,2026-02-19,82.8,44.7,74.6
6554,Pune,West,2026-02-20,92.4,49.0,72.6
6555,Pune,West,2026-02-21,64.4,40.6,49.9
6556,Pune,West,2026-02-22,91.8,49.2,80.1
6557,Pune,West,2026-02-23,75.8,42.4,59.0
6558,Pune,West,2026-02-24,66.5,41.9,59.7
6559,Pune,West,2026-02-25,62.8,32.2,52.9
6560,Pune,West,2026-02-26,73.4,42.5,68.2
6561,Pune,West,2026-02-27,88.3,42.8,62.3
6562,Pune,West,2026-02-28,80.1,45.2,70.1
6563,Pune,West,2026-03-01,76.7,38.6,62.4
6564,Pune,West,2026-03-02,72.9,43.7,62.0
6565,Pune,West,2026-03-03,82.9,44.2,75.5
6566,Pune,West,2026-03-04,94.0,49.5,75.7
6567,Pune,West,2026-03-05,77.9,43.3,70.9
6568,Pune,West,2026-03-06,77.5,42.2,78.3
6569,Pune,West,2026-03-07,97.2,65.3,78.7
6570,Pune,West,2026-03-08,82.8,44.3,70.1
6571,Pune,West,2026-03-09,64.1,29.4,54.2
6572,Pune,West,2026-03-10,76.5,40.2,65.1
6573,Pune,West,2026-03-11,64.9,32.5,57.0
6574,Pune,West,2026-03-12,,,
6575,Pune,West,2026-03-13,101.9,57.3,81.3
6576,Pune,West,2026-03-14,58.2,28.9,53.0
6577,Pune,West,2026-03-15,69.0,41.8,59.5
6578,Pune,West,2026-03-16,78.1,41.6,66.3
6579,Pune,West,2026-03-17,59.0,28.7,53.7
6580,Pune,West,2026-03-18,73.2,37.1,56.6
6581,Pune,West,2026-03-19,91.0,52.3,73.2
6582,Pune,West,2026-03-20,99.5,55.1,89.4
6583,Pune,West,2026-03-21,81.1,45.4,66.8
6584,Pune,West,2026-03-22,71.5,37.0,58.4
6585,Pune,West,2026-03-23,71.8,41.0,53.6
6586,Pune,West,2026-03-24,79.7,38.6,82.2
6587,Pune,West,2026-03-25,76.7,41.7,72.0
6588,Pune,West,2026-03-26,,,
6589,Pune,West,2026-03-27,90.9,53.1,83.1
6590,Pune,West,2026-03-28,78.9,47.2,63.2
6591,Pune,West,2026-03-29,88.7,51.6,88.1
6592,Pune,West,2026-03-30,70.9,46.0,64.9
6593,Pune,West,2026-03-31,78.5,43.4,75.9
6594,Pune,West,2026-04-01,49.0,28.8,54.0
6595,Pune,West,2026-04-02,43.1,20.4,30.0
6596,Pune,West,2026-04-03,63.0,27.3,65.3
6597,Pune,West,2026-04-04,64.1,41.0,54.1
6598,Pune,West,2026-04-05,56.7,26.5,50.2
6599,Pune,West,2026-04-06,57.6,33.1,38.2
6600,Pune,West,2026-04-07,49.1,27.7,41.4
6601,Pune,West,2026-04-08,54.8,30.6,37.9
6602,Pune,West,2026-04-09,62.7,31.8,61.7
6603,Pune,West,2026-04-10,58.7,36.5,49.1
6604,Pune,West,2026-04-11,61.6,32.3,49.6
6605,Pune,West,2026-04-12,45.1,24.5,44.4
6606,Pune,West,2026-04-13,62.2,31.5,51.3
6607,Pune,West,2026-04-14,56.1,25.4,45.9
6608,Pune,West,2026-04-15,49.5,37.3,39.3
6609,Pune,West,2026-04-16,66.7,34.5,53.7
6610,Pune,West,2026-04-17,56.8,30.5,39.4
6611,Pune,West,2026-04-18,42.0,26.1,29.7
6612,Pune,West,2026-04-19,69.9,35.4,59.1
6613,Pune,West,2026-04-20,41.5,21.6,22.6
6614,Pune,West,2026-04-21,72.1,46.6,63.8
6615,Pune,West,2026-04-22,44.8,26.4,33.1
6616,Pune,West,2026-04-23,43.2,25.4,38.6
6617,Pune,West,2026-04-24,40.9,25.9,37.6
6618,Pune,West,2026-04-25,47.0,25.7,33.9
6619,Pune,West,2026-04-26,61.5,37.9,60.4
6620,Pune,West,2026-04-27,60.5,30.0,49.2
6621,Pune,West,2026-04-28,75.9,40.2,67.0
6622,Pune,West,2026-04-29,62.1,35.8,48.8
6623,Pune,West,2026-04-30,49.5,24.3,41.6
6624,Pune,West,2026-05-01,53.3,31.4,43.9
6625,Pune,West,2026-05-02,37.4,17.8,31.3
6626,Pune,West,2026-05-03,63.1,31.8,47.8
6627,Pune,West,2026-05-04,60.7,32.7,61.3
6628,Pune,West,2026-05-05,53.8,32.0,42.6
6629,Pune,West,2026-05-06,44.1,25.2,36.4
6630,Pune,West,2026-05-07,67.0,38.7,45.0
6631,Pune,West,2026-05-08,59.1,30.5,48.9
6632,Pune,West,2026-05-09,54.3,24.9,52.5
6633,Pune,West,2026-05-10,26.2,13.8,16.3
6634,Pune,West,2026-05-11,40.1,15.8,29.4
6635,Pune,West,2026-05-12,40.6,20.7,32.7
6636,Pune,West,2026-05-13,51.3,18.9,43.8
6637,Pune,West,2026-05-14,59.1,30.0,51.8
6638,Pune,West,2026-05-15,59.3,28.2,56.3
6639,Pune,West,2026-05-16,59.0,34.8,48.8
6640,Pune,West,2026-05-17,69.3,38.7,56.2
6641,Pune,West,2026-05-18,38.2,18.8,25.8
6642,Pune,West,2026-05-19,44.0,26.4,44.3
6643,Pune,West,2026-05-20,64.8,39.2,49.5
6644,Pune,West,2026-05-21,68.1,33.1,50.2
6645,Pune,West,2026-05-22,51.1,25.5,44.6
6646,Pune,West,2026-05-23,61.6,33.7,55.6
6647,Pune,West,2026-05-24,48.3,22.3,42.8
6648,Pune,West,2026-05-25,72.4,41.9,58.3
6649,Pune,West,2026-05-26,65.8,35.4,54.7
6650,Pune,West,2026-05-27,55.5,29.3,54.8
6651,Pune,West,2026-05-28,67.6,40.3,50.4
6652,Pune,West,2026-05-29,78.1,39.1,70.9
6653,Pune,West,2026-05-30,16.9,9.8,18.9
6654,Pune,West,2026-05-31,,,
6655,Pune,West,2026-06-01,40.5,25.7,39.6
6656,Pune,West,2026-06-02,33.4,23.8,33.4
6657,Pune,West,2026-06-03,,,
6658,Pune,West,2026-06-04,38.2,22.1,27.4
6659,Pune,West,2026-06-05,15.0,7.9,11.3
6660,Pune,West,2026-06-06,25.8,12.1,18.7
6661,Pune,West,2026-06-07,42.7,21.4,36.0
6662,Pune,West,2026-06-08,66.5,31.0,54.6
6663,Pune,West,2026-06-09,58.9,28.8,52.8
6664,Pune,West,2026-06-10,27.3,13.5,23.6
6665,Pune,West,2026-06-11,42.4,25.5,31.5
6666,Pune,West,2026-06-12,32.6,17.5,30.4
6667,Pune,West,2026-06-13,25.2,12.5,16.3
6668,Pune,West,2026-06-14,44.1,29.0,21.5
6669,Pune,West,2026-06-15,29.6,17.3,22.4
6670,Pune,West,2026-06-16,15.0,11.4,18.1
6671,Pune,West,2026-06-17,,,
6672,Pune,West,2026-06-18,30.5,15.1,28.5
6673,Pune,West,2026-06-19,48.4,28.6,38.4
6674,Pune,West,2026-06-20,29.0,18.1,16.1
6675,Pune,West,2026-06-21,24.9,14.7,16.1
6676,Pune,West,2026-06-22,36.9,18.8,33.1
6677,Pune,West,2026-06-23,46.4,24.8,37.9
6678,Pune,West,2026-06-24,45.5,29.0,41.4
6679,Pune,West,2026-06-25,31.7,22.2,21.7
6680,Pune,West,2026-06-26,31.5,16.2,31.7
6681,Pune,West,2026-06-27,25.7,11.2,26.3
6682,Pune,West,2026-06-28,63.9,33.7,49.4
6683,Pune,West,2026-06-29,23.3,16.8,17.8
6684,Pune,West,2026-06-30,54.6,26.8,43.4
6685,Pune,West,2026-07-01,37.6,18.3,29.9
6686,Pune,West,2026-07-02,45.7,22.8,31.1
6687,Pune,West,2026-07-03,29.4,18.9,25.3
6688,Pune,West,2026-07-04,,,
6689,Pune,West,2026-07-05,37.2,20.6,29.9
6690,Pune,West,2026-07-06,15.0,12.6,22.0
6691,Pune,West,2026-07-07,39.5,24.4,30.4
6692,Pune,West,2026-07-08,37.0,25.8,25.5
6693,Pune,West,2026-07-09,53.4,33.5,35.0
6694,Pune,West,2026-07-10,39.4,26.1,32.3
6695,Pune,West,2026-07-11,43.7,18.4,41.5
6696,Pune,West,2026-07-12,42.6,28.2,30.1
6697,Pune,West,2026-07-13,38.9,23.4,31.3
6698,Pune,West,2026-07-14,38.8,26.5,33.1
6699,Pune,West,2026-07-15,24.0,13.5,17.8
6700,Pune,West,2026-07-16,30.4,20.5,25.3
6701,Pune,West,2026-07-17,26.8,9.9,22.1
6702,Pune,West,2026-07-18,49.5,28.6,45.0
6703,Pune,West,2026-07-19,22.2,15.0,15.4
6704,Pune,West,2026-07-20,49.2,31.5,41.2
6705,Pune,West,2026-07-21,20.0,14.3,17.8
6706,Pune,West,2026-07-22,35.3,16.3,25.4
6707,Pune,West,2026-07-23,39.0,20.9,38.5
6708,Pune,West,2026-07-24,15.0,7.8,21.2
6709,Pune,West,2026-07-25,44.2,19.3,40.8
6710,Pune,West,2026-07-26,29.5,13.3,20.6
6711,Pune,West,2026-07-27,23.1,11.6,21.0
6712,Pune,West,2026-07-28,31.8,14.1,27.1
6713,Pune,West,2026-07-29,24.5,12.1,17.8
6714,Pune,West,2026-07-30,46.8,25.3,55.4
6715,Pune,West,2026-07-31,36.6,24.4,30.5
6716,Pune,West,2026-08-01,35.8,11.9,33.8
6717,Pune,West,2026-08-02,27.6,14.0,23.9
6718,Pune,West,2026-08-03,46.5,17.9,39.8
6719,Pune,West,2026-08-04,38.2,17.5,30.0
6720,Pune,West,2026-08-05,35.2,20.9,24.3
6721,Pune,West,2026-08-06,29.3,19.3,23.7
6722,Pune,West,2026-08-07,22.5,17.6,21.1
6723,Pune,West,2026-08-08,37.8,18.4,39.3
6724,Pune,West,2026-08-09,24.9,12.3,26.2
6725,Pune,West,2026-08-10,35.4,17.8,34.0
6726,Pune,West,2026-08-11,,,
6727,Pune,West,2026-08-12,38.0,18.8,36.4
6728,Pune,West,2026-08-13,32.7,23.1,40.7
6729,Pune,West,2026-08-14,60.9,33.9,49.7
6730,Pune,West,2026-08-15,26.9,12.7,22.0
6731,Pune,West,2026-08-16,15.0,5.4,8.0
6732,Pune,West,2026-08-17,24.5,11.8,33.2
6733,Pune,West,2026-08-18,29.4,25.6,21.1
6734,Pune,West,2026-08-19,28.2,17.2,25.5
6735,Hyderabad,South,2024-01-01,119.9,66.1,104.7
6736,Hyderabad,South,2024-01-02,97.6,49.1,84.1
6737,Hyderabad,South,2024-01-03,122.3,70.1,104.0
6738,Hyderabad,South,2024-01-04,98.1,51.5,95.4
6739,Hyderabad,South,2024-01-05,102.9,55.9,80.7
6740,Hyderabad,South,2024-01-06,92.9,49.8,82.8
6741,Hyderabad,South,2024-01-07,106.8,48.1,86.8
6742,Hyderabad,South,2024-01-08,114.1,67.1,107.0
6743,Hyderabad,South,2024-01-09,115.0,65.5,96.3
6744,Hyderabad,South,2024-01-10,105.7,60.2,90.6
6745,Hyderabad,South,2024-01-11,103.6,57.5,89.8
6746,Hyderabad,South,2024-01-12,105.8,59.5,87.8
6747,Hyderabad,South,2024-01-13,97.4,56.2,77.0
6748,Hyderabad,South,2024-01-14,98.1,55.5,93.5
6749,Hyderabad,South,2024-01-15,,,
6750,Hyderabad,South,2024-01-16,116.5,61.8,106.2
6751,Hyderabad,South,2024-01-17,77.6,37.0,63.2
6752,Hyderabad,South,2024-01-18,,,
6753,Hyderabad,South,2024-01-19,100.5,58.4,90.7
6754,Hyderabad,South,2024-01-20,102.3,57.7,84.5
6755,Hyderabad,South,2024-01-21,109.8,64.3,92.8
6756,Hyderabad,South,2024-01-22,116.5,64.1,94.8
6757,Hyderabad,South,2024-01-23,108.7,64.2,91.8
6758,Hyderabad,South,2024-01-24,105.8,56.5,93.2
6759,Hyderabad,South,2024-01-25,91.9,46.9,87.7
6760,Hyderabad,South,2024-01-26,108.0,55.0,90.1
6761,Hyderabad,South,2024-01-27,91.9,53.3,74.8
6762,Hyderabad,South,2024-01-28,,,
6763,Hyderabad,South,2024-01-29,97.0,47.0,77.3
6764,Hyderabad,South,2024-01-30,109.7,65.6,97.8
6765,Hyderabad,South,2024-01-31,110.8,51.8,89.2
6766,Hyderabad,South,2024-02-01,98.1,57.1,81.5
6767,Hyderabad,South,2024-02-02,80.8,47.5,62.4
6768,Hyderabad,South,2024-02-03,83.4,41.5,59.0
6769,Hyderabad,South,2024-02-04,91.3,54.3,80.9
6770,Hyderabad,South,2024-02-05,80.7,46.9,62.5
6771,Hyderabad,South,2024-02-06,55.5,28.6,50.1
6772,Hyderabad,South,2024-02-07,70.3,37.3,60.1
6773,Hyderabad,South,2024-02-08,93.0,57.2,73.6
6774,Hyderabad,South,2024-02-09,80.2,44.9,74.5
6775,Hyderabad,South,2024-02-10,91.9,48.8,76.7
6776,Hyderabad,South,2024-02-11,107.6,62.2,95.2
6777,Hyderabad,South,2024-02-12,92.4,55.1,82.5
6778,Hyderabad,South,2024-02-13,93.9,50.3,78.7
6779,Hyderabad,South,2024-02-14,93.4,44.8,75.1
6780,Hyderabad,South,2024-02-15,,,
6781,Hyderabad,South,2024-02-16,100.2,55.9,77.3
6782,Hyderabad,South,2024-02-17,112.1,63.9,102.2
6783,Hyderabad,South,2024-02-18,93.9,54.5,87.2
6784,Hyderabad,South,2024-02-19,84.9,49.6,59.6
6785,Hyderabad,South,2024-02-20,101.4,58.7,86.7
6786,Hyderabad,South,2024-02-21,101.4,67.8,89.4
6787,Hyderabad,South,2024-02-22,92.0,48.0,79.2
6788,Hyderabad,South,2024-02-23,83.5,50.2,69.9
6789,Hyderabad,South,2024-02-24,93.7,53.7,81.9
6790,Hyderabad,South,2024-02-25,91.9,51.7,76.1
6791,Hyderabad,South,2024-02-26,96.0,54.2,80.9
6792,Hyderabad,South,2024-02-27,84.4,54.0,71.4
6793,Hyderabad,South,2024-02-28,109.8,64.9,89.6
6794,Hyderabad,South,2024-02-29,94.1,50.7,80.1
6795,Hyderabad,South,2024-03-01,93.3,58.4,77.5
6796,Hyderabad,South,2024-03-02,105.9,55.4,91.5
6797,Hyderabad,South,2024-03-03,96.4,54.1,71.3
6798,Hyderabad,South,2024-03-04,87.2,43.2,75.9
6799,Hyderabad,South,2024-03-05,91.2,47.7,84.4
6800,Hyderabad,South,2024-03-06,100.6,53.8,101.9
6801,Hyderabad,South,2024-03-07,91.6,55.1,76.8
6802,Hyderabad,South,2024-03-08,73.0,45.1,65.9
6803,Hyderabad,South,2024-03-09,68.2,38.2,57.9
6804,Hyderabad,South,2024-03-10,98.7,55.7,85.8
6805,Hyderabad,South,2024-03-11,106.7,56.3,88.9
6806,Hyderabad,South,2024-03-12,86.6,48.7,72.4
6807,Hyderabad,South,2024-03-13,86.8,44.6,69.3
6808,Hyderabad,South,2024-03-14,92.9,48.8,79.0
6809,Hyderabad,South,2024-03-15,102.0,58.2,93.6
6810,Hyderabad,South,2024-03-16,69.4,35.9,57.4
6811,Hyderabad,South,2024-03-17,92.2,51.2,75.2
6812,Hyderabad,South,2024-03-18,97.3,55.0,76.5
6813,Hyderabad,South,2024-03-19,95.5,48.3,91.9
6814,Hyderabad,South,2024-03-20,87.6,48.3,80.0
6815,Hyderabad,South,2024-03-21,79.9,37.8,65.4
6816,Hyderabad,South,2024-03-22,106.9,61.9,84.7
6817,Hyderabad,South,2024-03-23,82.6,50.4,81.6
6818,Hyderabad,South,2024-03-24,77.2,41.7,65.6
6819,Hyderabad,South,2024-03-25,68.7,40.0,63.3
6820,Hyderabad,South,2024-03-26,93.2,48.6,78.8
6821,Hyderabad,South,2024-03-27,96.4,51.3,80.1
6822,Hyderabad,South,2024-03-28,87.6,52.3,82.6
6823,Hyderabad,South,2024-03-29,98.3,54.2,85.9
6824,Hyderabad,South,2024-03-30,94.4,48.9,87.8
6825,Hyderabad,South,2024-03-31,82.5,46.2,64.6
6826,Hyderabad,South,2024-04-01,60.5,36.8,48.5
6827,Hyderabad,South,2024-04-02,50.2,19.2,37.1
6828,Hyderabad,South,2024-04-03,59.2,32.4,43.4
6829,Hyderabad,South,2024-04-04,64.6,32.4,56.7
6830,Hyderabad,South,2024-04-05,66.3,33.7,51.7
6831,Hyderabad,South,2024-04-06,63.9,35.7,50.5
6832,Hyderabad,South,2024-04-07,73.5,38.2,55.8
6833,Hyderabad,South,2024-04-08,72.5,34.6,70.0
6834,Hyderabad,South,2024-04-09,62.5,33.8,63.2
6835,Hyderabad,South,2024-04-10,53.9,34.1,46.8
6836,Hyderabad,South,2024-04-11,69.5,43.0,68.8
6837,Hyderabad,South,2024-04-12,72.4,41.7,60.5
6838,Hyderabad,South,2024-04-13,54.2,25.1,51.8
6839,Hyderabad,South,2024-04-14,66.7,33.4,55.2
6840,Hyderabad,South,2024-04-15,71.7,38.4,63.0
6841,Hyderabad,South,2024-04-16,74.5,45.9,57.0
6842,Hyderabad,South,2024-04-17,62.6,35.1,53.7
6843,Hyderabad,South,2024-04-18,73.5,33.9,56.4
6844,Hyderabad,South,2024-04-19,78.4,50.1,66.6
6845,Hyderabad,South,2024-04-20,53.0,23.0,49.0
6846,Hyderabad,South,2024-04-21,87.2,51.7,71.5
6847,Hyderabad,South,2024-04-22,72.0,33.2,56.4
6848,Hyderabad,South,2024-04-23,62.9,31.7,44.5
6849,Hyderabad,South,2024-04-24,79.6,46.2,59.4
6850,Hyderabad,South,2024-04-25,94.2,58.6,80.9
6851,Hyderabad,South,2024-04-26,68.1,30.8,65.2
6852,Hyderabad,South,2024-04-27,62.9,38.7,55.7
6853,Hyderabad,South,2024-04-28,65.0,34.3,46.3
6854,Hyderabad,South,2024-04-29,68.4,37.5,54.4
6855,Hyderabad,South,2024-04-30,37.8,15.9,33.5
6856,Hyderabad,South,2024-05-01,73.1,47.9,55.4
6857,Hyderabad,South,2024-05-02,57.6,32.5,46.9
6858,Hyderabad,South,2024-05-03,51.5,31.1,48.2
6859,Hyderabad,South,2024-05-04,59.7,30.2,59.9
6860,Hyderabad,South,2024-05-05,62.6,28.6,54.3
6861,Hyderabad,South,2024-05-06,41.1,22.5,33.1
6862,Hyderabad,South,2024-05-07,62.8,33.1,61.5
6863,Hyderabad,South,2024-05-08,56.4,28.4,47.8
6864,Hyderabad,South,2024-05-09,65.9,36.1,57.2
6865,Hyderabad,South,2024-05-10,62.5,30.0,50.4
6866,Hyderabad,South,2024-05-11,78.6,44.3,71.3
6867,Hyderabad,South,2024-05-12,54.4,35.7,52.2
6868,Hyderabad,South,2024-05-13,58.8,28.8,47.9
6869,Hyderabad,South,2024-05-14,86.8,53.6,60.1
6870,Hyderabad,South,2024-05-15,81.3,50.4,65.3
6871,Hyderabad,South,2024-05-16,74.0,39.7,65.5
6872,Hyderabad,South,2024-05-17,75.6,39.5,52.8
6873,Hyderabad,South,2024-05-18,78.7,44.7,56.2
6874,Hyderabad,South,2024-05-19,80.0,48.4,60.0
6875,Hyderabad,South,2024-05-20,71.2,36.7,60.5
6876,Hyderabad,South,2024-05-21,80.9,46.0,70.8
6877,Hyderabad,South,2024-05-22,62.4,37.2,57.3
6878,Hyderabad,South,2024-05-23,,,
6879,Hyderabad,South,2024-05-24,70.1,31.7,67.1
6880,Hyderabad,South,2024-05-25,50.3,29.5,33.0
6881,Hyderabad,South,2024-05-26,69.4,30.6,60.8
6882,Hyderabad,South,2024-05-27,71.8,36.6,68.4
6883,Hyderabad,South,2024-05-28,75.0,36.6,58.3
6884,Hyderabad,South,2024-05-29,83.1,39.9,78.5
6885,Hyderabad,South,2024-05-30,71.8,34.3,54.2
6886,Hyderabad,South,2024-05-31,71.1,39.7,59.1
6887,Hyderabad,South,2024-06-01,55.8,34.2,41.2
6888,Hyderabad,South,2024-06-02,30.4,13.2,21.1
6889,Hyderabad,South,2024-06-03,33.9,20.8,15.2
6890,Hyderabad,South,2024-06-04,58.1,34.5,45.5
6891,Hyderabad,South,2024-06-05,52.3,30.6,41.4
6892,Hyderabad,South,2024-06-06,60.3,32.4,50.2
6893,Hyderabad,South,2024-06-07,49.1,23.9,49.4
6894,Hyderabad,South,2024-06-08,59.1,28.6,55.4
6895,Hyderabad,South,2024-06-09,59.5,33.0,58.7
6896,Hyderabad,South,2024-06-10,61.1,34.9,59.4
6897,Hyderabad,South,2024-06-11,58.8,31.9,48.0
6898,Hyderabad,South,2024-06-12,66.5,33.9,65.4
6899,Hyderabad,South,2024-06-13,41.2,25.4,35.6
6900,Hyderabad,South,2024-06-14,36.4,22.4,34.8
6901,Hyderabad,South,2024-06-15,35.7,21.4,27.8
6902,Hyderabad,South,2024-06-16,46.2,21.5,34.2
6903,Hyderabad,South,2024-06-17,62.4,38.8,52.3
6904,Hyderabad,South,2024-06-18,47.6,26.9,41.0
6905,Hyderabad,South,2024-06-19,61.5,35.3,49.2
6906,Hyderabad,South,2024-06-20,25.5,8.2,31.5
6907,Hyderabad,South,2024-06-21,48.9,30.8,45.2
6908,Hyderabad,South,2024-06-22,36.1,17.9,29.7
6909,Hyderabad,South,2024-06-23,17.8,5.0,11.9
6910,Hyderabad,South,2024-06-24,31.2,15.7,29.2
6911,Hyderabad,South,2024-06-25,,,
6912,Hyderabad,South,2024-06-26,31.1,18.8,25.1
6913,Hyderabad,South,2024-06-27,45.3,25.3,41.8
6914,Hyderabad,South,2024-06-28,19.6,11.4,8.0
6915,Hyderabad,South,2024-06-29,53.7,27.8,41.4
6916,Hyderabad,South,2024-06-30,50.7,30.9,43.2
6917,Hyderabad,South,2024-07-01,53.8,24.9,48.2
6918,Hyderabad,South,2024-07-02,49.5,26.2,47.1
6919,Hyderabad,South,2024-07-03,52.5,35.7,42.6
6920,Hyderabad,South,2024-07-04,31.5,14.9,29.4
6921,Hyderabad,South,2024-07-05,47.2,26.7,34.0
6922,Hyderabad,South,2024-07-06,41.4,27.3,40.0
6923,Hyderabad,South,2024-07-07,32.9,19.9,24.9
6924,Hyderabad,South,2024-07-08,44.5,21.9,34.8
6925,Hyderabad,South,2024-07-09,35.8,18.5,25.0
6926,Hyderabad,South,2024-07-10,53.4,28.6,49.3
6927,Hyderabad,South,2024-07-11,43.4,23.4,28.6
6928,Hyderabad,South,2024-07-12,28.0,14.2,16.4
6929,Hyderabad,South,2024-07-13,50.3,25.7,36.8
6930,Hyderabad,South,2024-07-14,39.6,22.9,32.0
6931,Hyderabad,South,2024-07-15,65.5,40.4,55.3
6932,Hyderabad,South,2024-07-16,34.6,13.4,32.1
6933,Hyderabad,South,2024-07-17,54.8,29.5,42.0
6934,Hyderabad,South,2024-07-18,41.4,19.9,34.5
6935,Hyderabad,South,2024-07-19,48.8,25.7,44.2
6936,Hyderabad,South,2024-07-20,53.5,25.2,39.5
6937,Hyderabad,South,2024-07-21,43.5,12.8,42.6
6938,Hyderabad,South,2024-07-22,38.2,21.4,36.5
6939,Hyderabad,South,2024-07-23,20.8,15.8,20.9
6940,Hyderabad,South,2024-07-24,15.0,5.0,25.4
6941,Hyderabad,South,2024-07-25,50.7,32.3,42.7
6942,Hyderabad,South,2024-07-26,55.6,23.8,42.1
6943,Hyderabad,South,2024-07-27,63.6,38.8,52.6
6944,Hyderabad,South,2024-07-28,50.2,24.8,34.6
6945,Hyderabad,South,2024-07-29,53.2,28.0,46.3
6946,Hyderabad,South,2024-07-30,49.5,28.9,49.1
6947,Hyderabad,South,2024-07-31,36.9,18.4,35.9
6948,Hyderabad,South,2024-08-01,56.6,26.6,38.9
6949,Hyderabad,South,2024-08-02,34.5,19.6,30.8
6950,Hyderabad,South,2024-08-03,29.9,17.5,34.9
6951,Hyderabad,South,2024-08-04,16.1,10.0,14.6
6952,Hyderabad,South,2024-08-05,37.9,23.0,37.1
6953,Hyderabad,South,2024-08-06,28.0,15.9,27.7
6954,Hyderabad,South,2024-08-07,41.1,24.4,38.5
6955,Hyderabad,South,2024-08-08,57.7,34.3,53.3
6956,Hyderabad,South,2024-08-09,59.2,33.3,60.6
6957,Hyderabad,South,2024-08-10,28.2,16.8,25.8
6958,Hyderabad,South,2024-08-11,46.6,23.2,42.0
6959,Hyderabad,South,2024-08-12,31.9,15.9,21.7
6960,Hyderabad,South,2024-08-13,52.6,29.4,38.7
6961,Hyderabad,South,2024-08-14,23.9,12.3,20.8
6962,Hyderabad,South,2024-08-15,66.0,40.3,46.9
6963,Hyderabad,South,2024-08-16,56.9,33.8,61.5
6964,Hyderabad,South,2024-08-17,58.0,37.4,46.5
6965,Hyderabad,South,2024-08-18,32.3,19.7,31.2
6966,Hyderabad,South,2024-08-19,55.8,22.8,44.6
6967,Hyderabad,South,2024-08-20,25.9,18.2,25.4
6968,Hyderabad,South,2024-08-21,54.5,30.2,34.1
6969,Hyderabad,South,2024-08-22,44.7,26.3,35.1
6970,Hyderabad,South,2024-08-23,47.7,25.7,44.1
6971,Hyderabad,South,2024-08-24,33.0,12.5,33.5
6972,Hyderabad,South,2024-08-25,76.3,36.6,59.3
6973,Hyderabad,South,2024-08-26,47.0,24.3,46.4
6974,Hyderabad,South,2024-08-27,42.0,26.2,30.5
6975,Hyderabad,South,2024-08-28,35.9,20.6,27.6
6976,Hyderabad,South,2024-08-29,19.5,14.2,28.2
6977,Hyderabad,South,2024-08-30,34.2,12.8,39.6
6978,Hyderabad,South,2024-08-31,43.3,28.2,37.7
6979,Hyderabad,South,2024-09-01,58.9,29.5,62.4
6980,Hyderabad,South,2024-09-02,32.1,21.1,32.8
6981,Hyderabad,South,2024-09-03,28.7,18.7,21.8
6982,Hyderabad,South,2024-09-04,49.1,29.8,30.0
6983,Hyderabad,South,2024-09-05,53.5,24.6,50.6
6984,Hyderabad,South,2024-09-06,58.3,28.9,39.1
6985,Hyderabad,South,2024-09-07,49.0,31.1,37.8
6986,Hyderabad,South,2024-09-08,39.3,22.7,41.1
6987,Hyderabad,South,2024-09-09,32.3,16.2,25.0
6988,Hyderabad,South,2024-09-10,28.2,13.2,24.9
6989,Hyderabad,South,2024-09-11,46.6,32.0,44.3
6990,Hyderabad,South,2024-09-12,35.1,18.5,27.8
6991,Hyderabad,South,2024-09-13,15.0,11.4,16.8
6992,Hyderabad,South,2024-09-14,39.3,28.4,30.3
6993,Hyderabad,South,2024-09-15,32.3,14.0,30.3
6994,Hyderabad,South,2024-09-16,58.4,36.8,40.9
6995,Hyderabad,South,2024-09-17,49.8,19.1,42.3
6996,Hyderabad,South,2024-09-18,19.1,11.6,19.5
6997,Hyderabad,South,2024-09-19,62.7,33.0,58.2
6998,Hyderabad,South,2024-09-20,41.0,22.7,26.1
6999,Hyderabad,South,2024-09-21,,,
7000,Hyderabad,South,2024-09-22,39.6,21.9,31.1
7001,Hyderabad,South,2024-09-23,47.9,30.1,44.5
7002,Hyderabad,South,2024-09-24,58.3,45.8,51.2
7003,Hyderabad,South,2024-09-25,54.3,32.7,44.6
7004,Hyderabad,South,2024-09-26,54.8,28.2,39.3
7005,Hyderabad,South,2024-09-27,50.3,33.8,35.7
7006,Hyderabad,South,2024-09-28,53.2,32.2,41.4
7007,Hyderabad,South,2024-09-29,33.4,7.3,26.1
7008,Hyderabad,South,2024-09-30,,,
7009,Hyderabad,South,2024-10-01,95.4,50.8,88.2
7010,Hyderabad,South,2024-10-02,103.5,47.7,89.9
7011,Hyderabad,South,2024-10-03,83.9,54.6,74.0
7012,Hyderabad,South,2024-10-04,101.2,53.6,85.6
7013,Hyderabad,South,2024-10-05,66.3,35.4,68.8
7014,Hyderabad,South,2024-10-06,96.3,50.5,76.4
7015,Hyderabad,South,2024-10-07,100.5,56.5,84.4
7016,Hyderabad,South,2024-10-08,83.5,49.6,60.4
7017,Hyderabad,South,2024-10-09,82.4,43.5,66.6
7018,Hyderabad,South,2024-10-10,102.0,60.0,82.7
7019,Hyderabad,South,2024-10-11,97.9,52.3,78.4
7020,Hyderabad,South,2024-10-12,82.0,42.8,71.8
7021,Hyderabad,South,2024-10-13,87.8,43.9,63.5
7022,Hyderabad,South,2024-10-14,93.1,55.0,74.3
7023,Hyderabad,South,2024-10-15,96.3,57.9,78.8
7024,Hyderabad,South,2024-10-16,102.8,54.9,85.8
7025,Hyderabad,South,2024-10-17,76.8,39.4,62.7
7026,Hyderabad,South,2024-10-18,115.0,60.0,98.6
7027,Hyderabad,South,2024-10-19,88.4,47.1,71.7
7028,Hyderabad,South,2024-10-20,85.2,43.0,64.2
7029,Hyderabad,South,2024-10-21,81.8,49.9,69.3
7030,Hyderabad,South,2024-10-22,81.4,49.8,69.3
7031,Hyderabad,South,2024-10-23,89.2,46.4,81.2
7032,Hyderabad,South,2024-10-24,83.9,41.5,57.4
7033,Hyderabad,South,2024-10-25,74.9,41.3,60.3
7034,Hyderabad,South,2024-10-26,78.0,43.0,64.7
7035,Hyderabad,South,2024-10-27,75.0,39.9,63.1
7036,Hyderabad,South,2024-10-28,,,
7037,Hyderabad,South,2024-10-29,85.3,51.2,73.0
7038,Hyderabad,South,2024-10-30,82.2,46.8,73.2
7039,Hyderabad,South,2024-10-31,103.6,62.0,96.0
7040,Hyderabad,South,2024-11-01,141.2,75.1,125.9
7041,Hyderabad,South,2024-11-02,125.4,71.6,110.2
7042,Hyderabad,South,2024-11-03,150.5,75.6,121.9
7043,Hyderabad,South,2024-11-04,123.1,71.2,99.4
7044,Hyderabad,South,2024-11-05,141.6,79.7,125.9
7045,Hyderabad,South,2024-11-06,90.1,47.5,75.7
7046,Hyderabad,South,2024-11-07,109.8,62.5,102.8
7047,Hyderabad,South,2024-11-08,94.0,47.2,72.9
7048,Hyderabad,South,2024-11-09,105.1,58.2,94.1
7049,Hyderabad,South,2024-11-10,89.8,42.3,70.5
7050,Hyderabad,South,2024-11-11,93.2,54.9,76.7
7051,Hyderabad,South,2024-11-12,107.2,59.7,89.9
7052,Hyderabad,South,2024-11-13,99.8,49.4,88.3
7053,Hyderabad,South,2024-11-14,118.3,66.0,93.7
7054,Hyderabad,South,2024-11-15,94.8,47.5,81.8
7055,Hyderabad,South,2024-11-16,91.5,51.1,84.2
7056,Hyderabad,South,2024-11-17,,,
7057,Hyderabad,South,2024-11-18,100.4,55.4,101.9
7058,Hyderabad,South,2024-11-19,88.9,49.0,69.3
7059,Hyderabad,South,2024-11-20,105.6,64.1,86.3
7060,Hyderabad,South,2024-11-21,105.3,55.7,84.4
7061,Hyderabad,South,2024-11-22,115.1,60.9,92.5
7062,Hyderabad,South,2024-11-23,107.8,62.1,95.3
7063,Hyderabad,South,2024-11-24,86.0,41.4,76.4
7064,Hyderabad,South,2024-11-25,121.5,62.3,104.3
7065,Hyderabad,South,2024-11-26,99.6,55.8,94.3
7066,Hyderabad,South,2024-11-27,96.2,54.2,83.3
7067,Hyderabad,South,2024-11-28,96.1,55.8,86.3
7068,Hyderabad,South,2024-11-29,102.0,60.1,82.1
7069,Hyderabad,South,2024-11-30,99.1,51.5,86.8
7070,Hyderabad,South,2024-12-01,102.0,59.7,93.2
7071,Hyderabad,South,2024-12-02,110.4,63.0,97.2
7072,Hyderabad,South,2024-12-03,121.3,60.1,107.5
7073,Hyderabad,South,2024-12-04,102.2,51.1,84.2
7074,Hyderabad,South,2024-12-05,90.0,50.4,79.4
7075,Hyderabad,South,2024-12-06,103.7,52.7,83.9
7076,Hyderabad,South,2024-12-07,100.4,52.3,79.3
7077,Hyderabad,South,2024-12-08,81.2,43.7,74.0
7078,Hyderabad,South,2024-12-09,96.7,53.8,74.0
7079,Hyderabad,South,2024-12-10,93.1,57.4,70.9
7080,Hyderabad,South,2024-12-11,129.1,68.9,99.7
7081,Hyderabad,South,2024-12-12,100.0,55.2,88.4
7082,Hyderabad,South,2024-12-13,112.8,60.5,99.0
7083,Hyderabad,South,2024-12-14,108.2,63.2,102.2
7084,Hyderabad,South,2024-12-15,111.5,61.7,96.4
7085,Hyderabad,South,2024-12-16,110.5,55.6,99.0
7086,Hyderabad,South,2024-12-17,100.1,52.7,91.6
7087,Hyderabad,South,2024-12-18,114.1,58.1,94.8
7088,Hyderabad,South,2024-12-19,94.0,44.1,84.6
7089,Hyderabad,South,2024-12-20,102.3,49.5,91.3
7090,Hyderabad,South,2024-12-21,119.1,63.3,99.1
7091,Hyderabad,South,2024-12-22,102.8,62.5,82.0
7092,Hyderabad,South,2024-12-23,108.9,64.3,92.9
7093,Hyderabad,South,2024-12-24,100.8,52.7,82.0
7094,Hyderabad,South,2024-12-25,99.0,49.9,86.3
7095,Hyderabad,South,2024-12-26,130.1,74.8,106.1
7096,Hyderabad,South,2024-12-27,99.8,53.3,75.4
7097,Hyderabad,South,2024-12-28,127.4,60.4,105.4
7098,Hyderabad,South,2024-12-29,98.3,50.4,90.0
7099,Hyderabad,South,2024-12-30,91.7,46.1,79.7
7100,Hyderabad,South,2024-12-31,101.1,47.2,82.3
7101,Hyderabad,South,2025-01-01,97.5,63.1,83.2
7102,Hyderabad,South,2025-01-02,134.2,70.5,109.2
7103,Hyderabad,South,2025-01-03,108.8,66.0,81.0
7104,Hyderabad,South,2025-01-04,104.0,52.1,91.2
7105,Hyderabad,South,2025-01-05,90.1,51.2,76.6
7106,Hyderabad,South,2025-01-06,90.1,55.9,81.6
7107,Hyderabad,South,2025-01-07,92.9,46.4,75.5
7108,Hyderabad,South,2025-01-08,89.5,47.2,84.3
7109,Hyderabad,South,2025-01-09,84.0,48.3,77.9
7110,Hyderabad,South,2025-01-10,94.8,55.3,87.0
7111,Hyderabad,South,2025-01-11,132.5,70.8,114.8
7112,Hyderabad,South,2025-01-12,95.7,47.9,86.6
7113,Hyderabad,South,2025-01-13,119.3,61.6,97.5
7114,Hyderabad,South,2025-01-14,78.4,43.6,72.2
7115,Hyderabad,South,2025-01-15,94.3,53.0,77.5
7116,Hyderabad,South,2025-01-16,90.2,47.6,84.8
7117,Hyderabad,South,2025-01-17,119.5,65.5,98.0
7118,Hyderabad,South,2025-01-18,80.0,47.7,74.3
7119,Hyderabad,South,2025-01-19,91.2,51.4,79.4
7120,Hyderabad,South,2025-01-20,106.1,66.2,88.6
7121,Hyderabad,South,2025-01-21,115.4,69.2,104.6
7122,Hyderabad,South,2025-01-22,104.1,60.0,89.2
7123,Hyderabad,South,2025-01-23,121.1,74.1,98.3
7124,Hyderabad,South,2025-01-24,108.4,59.6,88.8
7125,Hyderabad,South,2025-01-25,90.5,61.3,81.1
7126,Hyderabad,South,2025-01-26,97.0,57.0,81.3
7127,Hyderabad,South,2025-01-27,115.9,63.9,89.5
7128,Hyderabad,South,2025-01-28,111.2,64.1,84.0
7129,Hyderabad,South,2025-01-29,110.5,62.9,96.0
7130,Hyderabad,South,2025-01-30,100.6,63.2,88.4
7131,Hyderabad,South,2025-01-31,77.2,42.9,68.3
7132,Hyderabad,South,2025-02-01,92.0,54.3,77.1
7133,Hyderabad,South,2025-02-02,83.9,40.6,74.1
7134,Hyderabad,South,2025-02-03,103.9,57.1,84.4
7135,Hyderabad,South,2025-02-04,83.9,46.6,62.7
7136,Hyderabad,South,2025-02-05,89.7,40.8,71.3
7137,Hyderabad,South,2025-02-06,101.5,58.8,85.9
7138,Hyderabad,South,2025-02-07,95.8,54.4,72.1
7139,Hyderabad,South,2025-02-08,82.8,52.7,69.3
7140,Hyderabad,South,2025-02-09,93.4,49.1,77.1
7141,Hyderabad,South,2025-02-10,90.5,48.3,74.8
7142,Hyderabad,South,2025-02-11,116.0,60.6,119.4
7143,Hyderabad,South,2025-02-12,107.8,48.2,89.9
7144,Hyderabad,South,2025-02-13,114.2,63.5,91.4
7145,Hyderabad,South,2025-02-14,92.0,53.2,75.6
7146,Hyderabad,South,2025-02-15,70.1,41.4,57.1
7147,Hyderabad,South,2025-02-16,106.2,61.9,91.3
7148,Hyderabad,South,2025-02-17,72.4,41.0,61.1
7149,Hyderabad,South,2025-02-18,118.9,62.5,99.6
7150,Hyderabad,South,2025-02-19,79.6,43.1,65.0
7151,Hyderabad,South,2025-02-20,105.2,64.9,88.1
7152,Hyderabad,South,2025-02-21,90.3,51.5,60.3
7153,Hyderabad,South,2025-02-22,97.6,49.3,76.7
7154,Hyderabad,South,2025-02-23,93.5,44.4,77.4
7155,Hyderabad,South,2025-02-24,88.0,49.1,83.6
7156,Hyderabad,South,2025-02-25,80.0,44.9,71.5
7157,Hyderabad,South,2025-02-26,90.8,49.6,70.7
7158,Hyderabad,South,2025-02-27,53.4,25.9,48.4
7159,Hyderabad,South,2025-02-28,76.3,42.6,77.6
7160,Hyderabad,South,2025-03-01,99.8,55.0,87.7
7161,Hyderabad,South,2025-03-02,83.3,50.5,70.5
7162,Hyderabad,South,2025-03-03,89.2,39.3,71.1
7163,Hyderabad,South,2025-03-04,77.9,41.6,55.5
7164,Hyderabad,South,2025-03-05,102.7,61.6,89.0
7165,Hyderabad,South,2025-03-06,104.8,57.4,85.1
7166,Hyderabad,South,2025-03-07,70.5,41.1,59.8
7167,Hyderabad,South,2025-03-08,97.8,52.9,76.8
7168,Hyderabad,South,2025-03-09,77.4,42.7,68.5
7169,Hyderabad,South,2025-03-10,92.2,49.3,86.5
7170,Hyderabad,South,2025-03-11,90.2,47.1,72.5
7171,Hyderabad,South,2025-03-12,83.1,46.4,69.7
7172,Hyderabad,South,2025-03-13,91.9,48.1,81.4
7173,Hyderabad,South,2025-03-14,98.2,57.5,87.2
7174,Hyderabad,South,2025-03-15,79.5,43.7,62.3
7175,Hyderabad,South,2025-03-16,98.7,55.1,83.6
7176,Hyderabad,South,2025-03-17,86.9,42.9,74.6
7177,Hyderabad,South,2025-03-18,123.4,69.0,98.9
7178,Hyderabad,South,2025-03-19,96.1,51.3,81.1
7179,Hyderabad,South,2025-03-20,86.8,45.9,79.6
7180,Hyderabad,South,2025-03-21,74.4,39.0,68.1
7181,Hyderabad,South,2025-03-22,104.1,58.4,98.0
7182,Hyderabad,South,2025-03-23,114.0,53.3,87.3
7183,Hyderabad,South,2025-03-24,86.6,41.4,78.6
7184,Hyderabad,South,2025-03-25,90.9,46.7,78.1
7185,Hyderabad,South,2025-03-26,97.0,58.2,73.1
7186,Hyderabad,South,2025-03-27,106.2,55.7,85.0
7187,Hyderabad,South,2025-03-28,97.4,54.0,75.1
7188,Hyderabad,South,2025-03-29,86.2,43.7,76.6
7189,Hyderabad,South,2025-03-30,115.9,59.7,108.1
7190,Hyderabad,South,2025-03-31,87.3,43.5,86.3
7191,Hyderabad,South,2025-04-01,68.1,38.5,53.6
7192,Hyderabad,South,2025-04-02,81.2,42.8,69.0
7193,Hyderabad,South,2025-04-03,72.4,45.5,65.8
7194,Hyderabad,South,2025-04-04,70.0,38.2,54.6
7195,Hyderabad,South,2025-04-05,78.8,49.1,70.9
7196,Hyderabad,South,2025-04-06,76.2,41.6,65.7
7197,Hyderabad,South,2025-04-07,51.3,33.6,57.0
7198,Hyderabad,South,2025-04-08,51.8,23.6,46.6
7199,Hyderabad,South,2025-04-09,77.4,38.3,67.3
7200,Hyderabad,South,2025-04-10,67.8,35.0,56.2
7201,Hyderabad,South,2025-04-11,67.3,35.6,64.1
7202,Hyderabad,South,2025-04-12,75.2,33.8,68.9
7203,Hyderabad,South,2025-04-13,51.7,21.2,50.4
7204,Hyderabad,South,2025-04-14,63.1,34.9,56.3
7205,Hyderabad,South,2025-04-15,51.5,36.0,37.5
7206,Hyderabad,South,2025-04-16,96.8,54.9,85.0
7207,Hyderabad,South,2025-04-17,66.2,35.9,50.4
7208,Hyderabad,South,2025-04-18,63.5,32.3,55.9
7209,Hyderabad,South,2025-04-19,55.0,32.9,41.4
7210,Hyderabad,South,2025-04-20,60.9,37.3,51.0
7211,Hyderabad,South,2025-04-21,78.4,43.7,57.8
7212,Hyderabad,South,2025-04-22,51.6,24.0,31.2
7213,Hyderabad,South,2025-04-23,65.9,40.2,62.5
7214,Hyderabad,South,2025-04-24,48.9,25.2,38.3
7215,Hyderabad,South,2025-04-25,43.0,14.8,35.1
7216,Hyderabad,South,2025-04-26,68.5,35.9,48.3
7217,Hyderabad,South,2025-04-27,82.9,46.1,70.3
7218,Hyderabad,South,2025-04-28,,,
7219,Hyderabad,South,2025-04-29,92.0,53.6,73.1
7220,Hyderabad,South,2025-04-30,41.7,21.9,30.3
7221,Hyderabad,South,2025-05-01,65.3,38.6,49.5
7222,Hyderabad,South,2025-05-02,65.2,34.8,54.0
7223,Hyderabad,South,2025-05-03,41.8,18.3,32.8
7224,Hyderabad,South,2025-05-04,56.5,33.4,54.1
7225,Hyderabad,South,2025-05-05,62.8,43.5,58.4
7226,Hyderabad,South,2025-05-06,76.6,40.5,63.0
7227,Hyderabad,South,2025-05-07,70.4,33.4,60.2
7228,Hyderabad,South,2025-05-08,50.4,25.6,50.6
7229,Hyderabad,South,2025-05-09,65.0,34.7,59.3
7230,Hyderabad,South,2025-05-10,47.7,27.8,39.8
7231,Hyderabad,South,2025-05-11,62.1,34.4,54.0
7232,Hyderabad,South,2025-05-12,69.4,29.6,53.7
7233,Hyderabad,South,2025-05-13,74.8,35.7,71.3
7234,Hyderabad,South,2025-05-14,62.6,29.3,72.4
7235,Hyderabad,South,2025-05-15,74.5,44.7,58.3
7236,Hyderabad,South,2025-05-16,68.5,31.8,58.3
7237,Hyderabad,South,2025-05-17,67.1,40.9,57.6
7238,Hyderabad,South,2025-05-18,77.4,45.6,78.9
7239,Hyderabad,South,2025-05-19,76.6,40.2,68.8
7240,Hyderabad,South,2025-05-20,50.3,26.7,46.3
7241,Hyderabad,South,2025-05-21,73.2,40.0,56.1
7242,Hyderabad,South,2025-05-22,67.5,28.8,63.6
7243,Hyderabad,South,2025-05-23,74.3,35.5,63.8
7244,Hyderabad,South,2025-05-24,66.7,35.0,62.3
7245,Hyderabad,South,2025-05-25,66.1,28.5,42.4
7246,Hyderabad,South,2025-05-26,85.4,47.0,65.5
7247,Hyderabad,South,2025-05-27,49.4,34.6,46.5
7248,Hyderabad,South,2025-05-28,43.6,21.1,34.1
7249,Hyderabad,South,2025-05-29,72.6,37.1,64.3
7250,Hyderabad,South,2025-05-30,,,
7251,Hyderabad,South,2025-05-31,67.3,34.5,48.3
7252,Hyderabad,South,2025-06-01,36.3,12.3,23.4
7253,Hyderabad,South,2025-06-02,40.5,18.1,34.0
7254,Hyderabad,South,2025-06-03,29.3,21.6,29.1
7255,Hyderabad,South,2025-06-04,43.9,23.1,29.4
7256,Hyderabad,South,2025-06-05,38.3,21.6,19.7
7257,Hyderabad,South,2025-06-06,52.8,28.7,39.3
7258,Hyderabad,South,2025-06-07,46.6,29.7,37.6
7259,Hyderabad,South,2025-06-08,47.7,28.2,38.5
7260,Hyderabad,South,2025-06-09,36.0,22.6,37.6
7261,Hyderabad,South,2025-06-10,41.4,19.7,41.8
7262,Hyderabad,South,2025-06-11,35.9,18.1,31.5
7263,Hyderabad,South,2025-06-12,52.4,28.1,35.2
7264,Hyderabad,South,2025-06-13,35.6,22.3,34.5
7265,Hyderabad,South,2025-06-14,52.7,27.4,43.1
7266,Hyderabad,South,2025-06-15,52.3,26.1,52.4
7267,Hyderabad,South,2025-06-16,26.3,20.8,15.2
7268,Hyderabad,South,2025-06-17,43.8,22.6,29.6
7269,Hyderabad,South,2025-06-18,55.4,32.1,50.0
7270,Hyderabad,South,2025-06-19,61.8,39.0,56.8
7271,Hyderabad,South,2025-06-20,48.7,29.9,43.4
7272,Hyderabad,South,2025-06-21,36.5,23.0,21.8
7273,Hyderabad,South,2025-06-22,28.5,15.9,23.5
7274,Hyderabad,South,2025-06-23,50.4,25.1,43.2
7275,Hyderabad,South,2025-06-24,38.5,28.6,28.5
7276,Hyderabad,South,2025-06-25,50.7,27.7,51.2
7277,Hyderabad,South,2025-06-26,42.0,20.4,30.2
7278,Hyderabad,South,2025-06-27,26.5,5.6,26.4
7279,Hyderabad,South,2025-06-28,19.6,5.6,15.0
7280,Hyderabad,South,2025-06-29,26.5,13.8,19.7
7281,Hyderabad,South,2025-06-30,16.3,11.7,13.3
7282,Hyderabad,South,2025-07-01,40.3,13.6,33.8
7283,Hyderabad,South,2025-07-02,39.7,25.4,37.5
7284,Hyderabad,South,2025-07-03,62.0,29.2,60.3
7285,Hyderabad,South,2025-07-04,57.7,28.9,47.6
7286,Hyderabad,South,2025-07-05,37.4,19.9,32.5
7287,Hyderabad,South,2025-07-06,49.6,26.7,32.6
7288,Hyderabad,South,2025-07-07,49.6,25.5,44.1
7289,Hyderabad,South,2025-07-08,52.0,22.4,34.8
7290,Hyderabad,South,2025-07-09,41.8,22.1,37.9
7291,Hyderabad,South,2025-07-10,29.0,19.1,27.1
7292,Hyderabad,South,2025-07-11,24.2,22.7,19.2
7293,Hyderabad,South,2025-07-12,49.1,30.8,40.2
7294,Hyderabad,South,2025-07-13,,,
7295,Hyderabad,South,2025-07-14,37.3,21.6,27.8
7296,Hyderabad,South,2025-07-15,50.8,30.2,46.8
7297,Hyderabad,South,2025-07-16,59.5,39.1,52.5
7298,Hyderabad,South,2025-07-17,42.6,26.3,42.2
7299,Hyderabad,South,2025-07-18,24.0,16.4,21.1
7300,Hyderabad,South,2025-07-19,49.5,35.9,56.8
7301,Hyderabad,South,2025-07-20,27.0,18.0,29.1
7302,Hyderabad,South,2025-07-21,32.0,18.7,34.5
7303,Hyderabad,South,2025-07-22,46.2,29.3,31.7
7304,Hyderabad,South,2025-07-23,47.2,23.1,49.6
7305,Hyderabad,South,2025-07-24,23.7,10.8,14.4
7306,Hyderabad,South,2025-07-25,26.2,21.2,27.9
7307,Hyderabad,South,2025-07-26,42.6,21.3,33.9
7308,Hyderabad,South,2025-07-27,33.6,21.0,31.7
7309,Hyderabad,South,2025-07-28,55.7,32.0,48.7
7310,Hyderabad,South,2025-07-29,24.5,17.8,24.2
7311,Hyderabad,South,2025-07-30,52.8,36.8,42.1
7312,Hyderabad,South,2025-07-31,15.0,7.9,19.8
7313,Hyderabad,South,2025-08-01,48.5,29.0,38.6
7314,Hyderabad,South,2025-08-02,48.9,26.4,53.8
7315,Hyderabad,South,2025-08-03,,,
7316,Hyderabad,South,2025-08-04,36.9,20.8,40.2
7317,Hyderabad,South,2025-08-05,,,
7318,Hyderabad,South,2025-08-06,47.7,18.7,56.4
7319,Hyderabad,South,2025-08-07,34.2,22.9,33.0
7320,Hyderabad,South,2025-08-08,18.4,16.4,24.4
7321,Hyderabad,South,2025-08-09,43.9,32.7,40.8
7322,Hyderabad,South,2025-08-10,53.4,34.6,34.4
7323,Hyderabad,South,2025-08-11,56.8,32.5,50.4
7324,Hyderabad,South,2025-08-12,24.6,18.6,24.0
7325,Hyderabad,South,2025-08-13,35.1,19.5,38.4
7326,Hyderabad,South,2025-08-14,53.4,27.1,43.5
7327,Hyderabad,South,2025-08-15,73.4,34.6,63.3
7328,Hyderabad,South,2025-08-16,53.7,34.9,39.8
7329,Hyderabad,South,2025-08-17,58.4,33.8,50.0
7330,Hyderabad,South,2025-08-18,67.7,44.5,62.8
7331,Hyderabad,South,2025-08-19,50.7,23.9,38.4
7332,Hyderabad,South,2025-08-20,35.2,25.5,20.3
7333,Hyderabad,South,2025-08-21,45.3,18.2,33.9
7334,Hyderabad,South,2025-08-22,21.7,8.3,26.8
7335,Hyderabad,South,2025-08-23,48.6,29.9,40.8
7336,Hyderabad,South,2025-08-24,38.0,21.8,37.7
7337,Hyderabad,South,2025-08-25,27.8,18.4,23.9
7338,Hyderabad,South,2025-08-26,60.1,34.0,51.0
7339,Hyderabad,South,2025-08-27,42.1,19.0,38.9
7340,Hyderabad,South,2025-08-28,30.2,18.7,30.1
7341,Hyderabad,South,2025-08-29,44.1,29.0,36.8
7342,Hyderabad,South,2025-08-30,41.2,16.3,32.7
7343,Hyderabad,South,2025-08-31,45.3,33.3,29.6
7344,Hyderabad,South,2025-09-01,51.2,26.4,46.5
7345,Hyderabad,South,2025-09-02,67.0,34.5,65.7
7346,Hyderabad,South,2025-09-03,24.1,11.5,22.4
7347,Hyderabad,South,2025-09-04,29.0,12.8,19.4
7348,Hyderabad,South,2025-09-05,74.8,42.7,64.3
7349,Hyderabad,South,2025-09-06,49.6,20.9,44.8
7350,Hyderabad,South,2025-09-07,43.8,24.8,37.0
7351,Hyderabad,South,2025-09-08,41.7,22.6,32.3
7352,Hyderabad,South,2025-09-09,39.5,15.7,31.5
7353,Hyderabad,South,2025-09-10,30.2,14.7,15.5
7354,Hyderabad,South,2025-09-11,48.8,29.1,36.5
7355,Hyderabad,South,2025-09-12,22.8,16.5,22.6
7356,Hyderabad,South,2025-09-13,48.4,29.3,42.5
7357,Hyderabad,South,2025-09-14,38.3,26.0,23.3
7358,Hyderabad,South,2025-09-15,65.6,36.0,55.4
7359,Hyderabad,South,2025-09-16,26.5,14.5,18.6
7360,Hyderabad,South,2025-09-17,43.4,29.9,44.0
7361,Hyderabad,South,2025-09-18,42.2,22.2,31.6
7362,Hyderabad,South,2025-09-19,59.1,27.5,49.7
7363,Hyderabad,South,2025-09-20,15.0,5.0,15.3
7364,Hyderabad,South,2025-09-21,38.3,21.0,32.1
7365,Hyderabad,South,2025-09-22,60.9,28.2,68.5
7366,Hyderabad,South,2025-09-23,37.2,22.8,34.6
7367,Hyderabad,South,2025-09-24,69.7,36.2,59.1
7368,Hyderabad,South,2025-09-25,34.2,21.6,32.8
7369,Hyderabad,South,2025-09-26,24.4,5.0,17.1
7370,Hyderabad,South,2025-09-27,49.6,23.0,32.6
7371,Hyderabad,South,2025-09-28,38.6,18.2,37.4
7372,Hyderabad,South,2025-09-29,43.5,23.2,32.0
7373,Hyderabad,South,2025-09-30,33.4,19.5,32.3
7374,Hyderabad,South,2025-10-01,102.2,57.5,92.5
7375,Hyderabad,South,2025-10-02,67.0,37.7,54.9
7376,Hyderabad,South,2025-10-03,80.8,50.7,69.9
7377,Hyderabad,South,2025-10-04,80.5,49.3,67.0
7378,Hyderabad,South,2025-10-05,77.6,44.6,68.5
7379,Hyderabad,South,2025-10-06,77.8,47.6,76.7
7380,Hyderabad,South,2025-10-07,101.9,53.4,94.8
7381,Hyderabad,South,2025-10-08,105.0,58.4,96.3
7382,Hyderabad,South,2025-10-09,81.1,43.9,69.4
7383,Hyderabad,South,2025-10-10,87.0,44.7,62.4
7384,Hyderabad,South,2025-10-11,102.3,49.6,87.1
7385,Hyderabad,South,2025-10-12,102.4,54.3,92.1
7386,Hyderabad,South,2025-10-13,115.3,66.5,105.8
7387,Hyderabad,South,2025-10-14,101.5,60.3,85.7
7388,Hyderabad,South,2025-10-15,100.5,54.6,74.8
7389,Hyderabad,South,2025-10-16,111.7,63.7,96.8
7390,Hyderabad,South,2025-10-17,86.6,49.0,56.8
7391,Hyderabad,South,2025-10-18,76.9,45.4,61.2
7392,Hyderabad,South,2025-10-19,82.4,44.2,62.1
7393,Hyderabad,South,2025-10-20,73.9,43.6,72.2
7394,Hyderabad,South,2025-10-21,91.7,50.4,74.1
7395,Hyderabad,South,2025-10-22,88.8,56.8,75.0
7396,Hyderabad,South,2025-10-23,99.3,52.1,92.0
7397,Hyderabad,South,2025-10-24,91.6,51.6,78.2
7398,Hyderabad,South,2025-10-25,78.2,38.4,70.7
7399,Hyderabad,South,2025-10-26,99.5,56.1,79.5
7400,Hyderabad,South,2025-10-27,94.2,57.1,84.2
7401,Hyderabad,South,2025-10-28,73.9,40.6,61.9
7402,Hyderabad,South,2025-10-29,95.7,54.7,75.2
7403,Hyderabad,South,2025-10-30,83.5,40.9,66.7
7404,Hyderabad,South,2025-10-31,96.8,50.9,81.9
7405,Hyderabad,South,2025-11-01,138.2,75.4,108.3
7406,Hyderabad,South,2025-11-02,151.5,82.1,132.1
7407,Hyderabad,South,2025-11-03,,,
7408,Hyderabad,South,2025-11-04,160.8,90.0,138.7
7409,Hyderabad,South,2025-11-05,150.5,81.0,125.1
7410,Hyderabad,South,2025-11-06,111.4,60.0,94.0
7411,Hyderabad,South,2025-11-07,88.8,59.1,80.3
7412,Hyderabad,South,2025-11-08,96.5,61.7,78.7
7413,Hyderabad,South,2025-11-09,110.0,54.4,95.9
7414,Hyderabad,South,2025-11-10,116.0,56.8,97.3
7415,Hyderabad,South,2025-11-11,76.9,41.8,58.0
7416,Hyderabad,South,2025-11-12,100.0,53.2,89.3
7417,Hyderabad,South,2025-11-13,,,
7418,Hyderabad,South,2025-11-14,110.2,57.3,100.2
7419,Hyderabad,South,2025-11-15,111.6,66.4,91.6
7420,Hyderabad,South,2025-11-16,112.1,55.8,96.4
7421,Hyderabad,South,2025-11-17,109.6,61.8,99.8
7422,Hyderabad,South,2025-11-18,89.2,51.5,72.9
7423,Hyderabad,South,2025-11-19,81.8,45.0,61.2
7424,Hyderabad,South,2025-11-20,100.2,48.6,78.3
7425,Hyderabad,South,2025-11-21,,,
7426,Hyderabad,South,2025-11-22,,,
7427,Hyderabad,South,2025-11-23,101.7,56.5,80.9
7428,Hyderabad,South,2025-11-24,,,
7429,Hyderabad,South,2025-11-25,100.2,53.1,91.0
7430,Hyderabad,South,2025-11-26,89.1,49.7,80.7
7431,Hyderabad,South,2025-11-27,98.7,51.3,77.6
7432,Hyderabad,South,2025-11-28,82.0,47.5,82.8
7433,Hyderabad,South,2025-11-29,104.9,56.6,89.8
7434,Hyderabad,South,2025-11-30,82.9,41.9,74.3
7435,Hyderabad,South,2025-12-01,101.9,58.7,80.1
7436,Hyderabad,South,2025-12-02,116.7,62.2,100.0
7437,Hyderabad,South,2025-12-03,93.4,55.2,79.7
7438,Hyderabad,South,2025-12-04,98.0,49.8,77.7
7439,Hyderabad,South,2025-12-05,97.3,61.7,76.2
7440,Hyderabad,South,2025-12-06,114.2,56.7,110.8
7441,Hyderabad,South,2025-12-07,89.9,52.6,71.4
7442,Hyderabad,South,2025-12-08,95.8,51.9,75.4
7443,Hyderabad,South,2025-12-09,87.0,44.5,75.5
7444,Hyderabad,South,2025-12-10,87.9,52.0,73.3
7445,Hyderabad,South,2025-12-11,,,
7446,Hyderabad,South,2025-12-12,100.5,46.5,78.5
7447,Hyderabad,South,2025-12-13,,,
7448,Hyderabad,South,2025-12-14,105.5,63.3,88.6
7449,Hyderabad,South,2025-12-15,98.3,52.9,87.3
7450,Hyderabad,South,2025-12-16,116.3,58.8,90.5
7451,Hyderabad,South,2025-12-17,82.4,45.1,79.0
7452,Hyderabad,South,2025-12-18,104.4,60.0,84.5
7453,Hyderabad,South,2025-12-19,104.6,55.3,90.4
7454,Hyderabad,South,2025-12-20,96.8,53.6,89.8
7455,Hyderabad,South,2025-12-21,88.2,49.6,73.5
7456,Hyderabad,South,2025-12-22,85.4,50.5,79.7
7457,Hyderabad,South,2025-12-23,106.0,58.1,91.0
7458,Hyderabad,South,2025-12-24,109.4,66.3,90.3
7459,Hyderabad,South,2025-12-25,111.3,62.1,89.3
7460,Hyderabad,South,2025-12-26,,,
7461,Hyderabad,South,2025-12-27,97.0,50.8,78.3
7462,Hyderabad,South,2025-12-28,98.9,57.1,85.5
7463,Hyderabad,South,2025-12-29,103.6,54.3,82.3
7464,Hyderabad,South,2025-12-30,110.4,60.5,92.3
7465,Hyderabad,South,2025-12-31,87.7,55.2,74.1
7466,Hyderabad,South,2026-01-01,98.1,58.1,81.0
7467,Hyderabad,South,2026-01-02,,,
7468,Hyderabad,South,2026-01-03,106.8,59.1,88.0
7469,Hyderabad,South,2026-01-04,108.3,63.4,97.3
7470,Hyderabad,South,2026-01-05,94.3,56.0,74.1
7471,Hyderabad,South,2026-01-06,90.3,43.9,76.5
7472,Hyderabad,South,2026-01-07,101.1,51.2,83.5
7473,Hyderabad,South,2026-01-08,97.0,57.7,84.8
7474,Hyderabad,South,2026-01-09,94.5,46.7,72.6
7475,Hyderabad,South,2026-01-10,123.8,68.1,110.6
7476,Hyderabad,South,2026-01-11,107.6,61.8,90.6
7477,Hyderabad,South,2026-01-12,90.5,45.0,82.4
7478,Hyderabad,South,2026-01-13,80.6,39.6,72.6
7479,Hyderabad,South,2026-01-14,95.7,54.8,80.9
7480,Hyderabad,South,2026-01-15,109.7,61.0,84.9
7481,Hyderabad,South,2026-01-16,116.2,61.3,102.0
7482,Hyderabad,South,2026-01-17,102.8,57.6,74.0
7483,Hyderabad,South,2026-01-18,96.6,60.5,88.3
7484,Hyderabad,South,2026-01-19,92.3,56.6,85.2
7485,Hyderabad,South,2026-01-20,107.3,58.3,93.6
7486,Hyderabad,South,2026-01-21,99.1,60.0,84.8
7487,Hyderabad,South,2026-01-22,108.3,57.0,103.4
7488,Hyderabad,South,2026-01-23,,,
7489,Hyderabad,South,2026-01-24,,,
7490,Hyderabad,South,2026-01-25,105.1,59.0,87.0
7491,Hyderabad,South,2026-01-26,103.4,53.4,87.1
7492,Hyderabad,South,2026-01-27,,,
7493,Hyderabad,South,2026-01-28,91.1,48.8,69.6
7494,Hyderabad,South,2026-01-29,95.4,57.2,89.3
7495,Hyderabad,South,2026-01-30,96.6,53.5,89.9
7496,Hyderabad,South,2026-01-31,111.4,61.6,92.8
7497,Hyderabad,South,2026-02-01,116.7,67.0,91.4
7498,Hyderabad,South,2026-02-02,69.3,40.6,57.0
7499,Hyderabad,South,2026-02-03,107.1,52.3,82.9
7500,Hyderabad,South,2026-02-04,91.4,45.8,85.1
7501,Hyderabad,South,2026-02-05,97.1,58.8,66.1
7502,Hyderabad,South,2026-02-06,69.0,41.2,50.7
7503,Hyderabad,South,2026-02-07,102.3,52.0,100.6
7504,Hyderabad,South,2026-02-08,86.2,47.1,79.0
7505,Hyderabad,South,2026-02-09,95.5,51.9,100.7
7506,Hyderabad,South,2026-02-10,84.2,41.0,78.4
7507,Hyderabad,South,2026-02-11,92.7,48.7,75.7
7508,Hyderabad,South,2026-02-12,93.1,55.9,84.4
7509,Hyderabad,South,2026-02-13,68.8,37.5,56.5
7510,Hyderabad,South,2026-02-14,98.3,49.6,82.7
7511,Hyderabad,South,2026-02-15,95.4,52.4,83.1
7512,Hyderabad,South,2026-02-16,111.3,65.4,85.6
7513,Hyderabad,South,2026-02-17,106.4,62.7,84.1
7514,Hyderabad,South,2026-02-18,88.8,47.3,80.8
7515,Hyderabad,South,2026-02-19,80.6,43.7,74.2
7516,Hyderabad,South,2026-02-20,82.5,43.7,76.8
7517,Hyderabad,South,2026-02-21,82.7,57.6,68.4
7518,Hyderabad,South,2026-02-22,67.4,41.1,58.1
7519,Hyderabad,South,2026-02-23,95.4,55.7,93.1
7520,Hyderabad,South,2026-02-24,104.1,54.5,95.5
7521,Hyderabad,South,2026-02-25,93.2,46.8,76.0
7522,Hyderabad,South,2026-02-26,113.0,59.6,101.8
7523,Hyderabad,South,2026-02-27,88.0,50.8,68.4
7524,Hyderabad,South,2026-02-28,86.8,40.6,84.9
7525,Hyderabad,South,2026-03-01,93.8,46.6,78.4
7526,Hyderabad,South,2026-03-02,97.7,52.7,75.5
7527,Hyderabad,South,2026-03-03,72.4,41.9,65.8
7528,Hyderabad,South,2026-03-04,59.1,29.5,46.3
7529,Hyderabad,South,2026-03-05,88.7,51.4,82.0
7530,Hyderabad,South,2026-03-06,83.4,41.8,66.0
7531,Hyderabad,South,2026-03-07,106.2,57.7,95.4
7532,Hyderabad,South,2026-03-08,94.5,60.6,70.8
7533,Hyderabad,South,2026-03-09,,,
7534,Hyderabad,South,2026-03-10,86.4,50.1,59.1
7535,Hyderabad,South,2026-03-11,86.0,51.2,79.0
7536,Hyderabad,South,2026-03-12,84.3,42.4,68.6
7537,Hyderabad,South,2026-03-13,87.4,54.8,71.0
7538,Hyderabad,South,2026-03-14,95.4,57.3,79.3
7539,Hyderabad,South,2026-03-15,76.2,39.8,65.7
7540,Hyderabad,South,2026-03-16,92.3,49.2,84.0
7541,Hyderabad,South,2026-03-17,73.8,38.7,61.7
7542,Hyderabad,South,2026-03-18,89.2,45.1,76.3
7543,Hyderabad,South,2026-03-19,87.5,46.2,74.7
7544,Hyderabad,South,2026-03-20,96.6,55.8,80.2
7545,Hyderabad,South,2026-03-21,94.9,62.3,85.7
7546,Hyderabad,South,2026-03-22,108.1,57.7,98.2
7547,Hyderabad,South,2026-03-23,99.5,51.2,84.5
7548,Hyderabad,South,2026-03-24,87.2,46.6,69.2
7549,Hyderabad,South,2026-03-25,97.0,53.5,87.7
7550,Hyderabad,South,2026-03-26,70.4,41.6,56.2
7551,Hyderabad,South,2026-03-27,102.0,56.8,86.7
7552,Hyderabad,South,2026-03-28,76.9,41.5,53.3
7553,Hyderabad,South,2026-03-29,86.5,47.1,70.8
7554,Hyderabad,South,2026-03-30,90.2,49.3,81.0
7555,Hyderabad,South,2026-03-31,92.0,56.4,74.9
7556,Hyderabad,South,2026-04-01,71.3,42.4,61.1
7557,Hyderabad,South,2026-04-02,69.7,44.2,62.0
7558,Hyderabad,South,2026-04-03,66.5,39.4,49.9
7559,Hyderabad,South,2026-04-04,66.0,33.5,60.6
7560,Hyderabad,South,2026-04-05,61.4,36.2,51.1
7561,Hyderabad,South,2026-04-06,71.9,43.5,51.1
7562,Hyderabad,South,2026-04-07,80.4,39.7,69.6
7563,Hyderabad,South,2026-04-08,76.1,44.4,79.0
7564,Hyderabad,South,2026-04-09,58.8,33.2,48.7
7565,Hyderabad,South,2026-04-10,50.0,29.0,30.2
7566,Hyderabad,South,2026-04-11,74.6,37.3,69.6
7567,Hyderabad,South,2026-04-12,52.9,30.6,49.6
7568,Hyderabad,South,2026-04-13,90.7,49.9,65.8
7569,Hyderabad,South,2026-04-14,82.9,52.9,64.3
7570,Hyderabad,South,2026-04-15,76.9,41.2,58.0
7571,Hyderabad,South,2026-04-16,77.7,45.6,76.2
7572,Hyderabad,South,2026-04-17,63.4,30.8,50.9
7573,Hyderabad,South,2026-04-18,41.7,22.8,32.9
7574,Hyderabad,South,2026-04-19,72.7,44.4,65.9
7575,Hyderabad,South,2026-04-20,75.0,46.0,78.0
7576,Hyderabad,South,2026-04-21,75.2,37.0,62.2
7577,Hyderabad,South,2026-04-22,69.9,35.3,47.9
7578,Hyderabad,South,2026-04-23,48.6,28.5,42.7
7579,Hyderabad,South,2026-04-24,59.5,37.6,38.9
7580,Hyderabad,South,2026-04-25,68.7,39.6,66.0
7581,Hyderabad,South,2026-04-26,79.7,43.3,58.2
7582,Hyderabad,South,2026-04-27,51.6,30.6,43.5
7583,Hyderabad,South,2026-04-28,65.8,41.9,51.4
7584,Hyderabad,South,2026-04-29,74.1,36.6,69.2
7585,Hyderabad,South,2026-04-30,98.2,64.5,91.9
7586,Hyderabad,South,2026-05-01,71.8,39.7,61.6
7587,Hyderabad,South,2026-05-02,72.1,48.8,53.8
7588,Hyderabad,South,2026-05-03,62.2,28.8,51.8
7589,Hyderabad,South,2026-05-04,59.7,33.2,44.6
7590,Hyderabad,South,2026-05-05,,,
7591,Hyderabad,South,2026-05-06,67.5,43.3,48.1
7592,Hyderabad,South,2026-05-07,36.0,20.9,28.5
7593,Hyderabad,South,2026-05-08,64.8,36.1,49.9
7594,Hyderabad,South,2026-05-09,56.7,31.4,38.9
7595,Hyderabad,South,2026-05-10,55.2,28.1,49.2
7596,Hyderabad,South,2026-05-11,83.7,45.0,66.7
7597,Hyderabad,South,2026-05-12,71.5,34.1,54.9
7598,Hyderabad,South,2026-05-13,61.4,33.5,51.2
7599,Hyderabad,South,2026-05-14,44.1,24.9,39.5
7600,Hyderabad,South,2026-05-15,57.3,36.9,45.1
7601,Hyderabad,South,2026-05-16,66.0,36.0,57.8
7602,Hyderabad,South,2026-05-17,54.6,30.3,41.6
7603,Hyderabad,South,2026-05-18,54.0,34.4,37.6
7604,Hyderabad,South,2026-05-19,61.4,27.1,47.7
7605,Hyderabad,South,2026-05-20,54.9,36.0,42.1
7606,Hyderabad,South,2026-05-21,50.0,18.1,40.9
7607,Hyderabad,South,2026-05-22,60.8,33.7,47.8
7608,Hyderabad,South,2026-05-23,58.1,28.6,36.1
7609,Hyderabad,South,2026-05-24,88.3,47.1,76.3
7610,Hyderabad,South,2026-05-25,73.4,46.0,61.6
7611,Hyderabad,South,2026-05-26,33.2,23.2,25.9
7612,Hyderabad,South,2026-05-27,54.6,32.6,36.4
7613,Hyderabad,South,2026-05-28,63.1,33.9,56.9
7614,Hyderabad,South,2026-05-29,58.4,27.2,43.2
7615,Hyderabad,South,2026-05-30,67.0,31.9,57.5
7616,Hyderabad,South,2026-05-31,80.4,43.1,64.3
7617,Hyderabad,South,2026-06-01,27.3,21.0,40.2
7618,Hyderabad,South,2026-06-02,54.1,37.7,40.0
7619,Hyderabad,South,2026-06-03,41.5,20.0,43.5
7620,Hyderabad,South,2026-06-04,23.1,15.0,11.1
7621,Hyderabad,South,2026-06-05,37.1,21.0,30.0
7622,Hyderabad,South,2026-06-06,42.9,24.5,42.9
7623,Hyderabad,South,2026-06-07,38.9,23.5,30.8
7624,Hyderabad,South,2026-06-08,61.6,33.1,51.5
7625,Hyderabad,South,2026-06-09,41.5,24.3,41.2
7626,Hyderabad,South,2026-06-10,47.5,26.3,34.9
7627,Hyderabad,South,2026-06-11,43.3,30.0,37.2
7628,Hyderabad,South,2026-06-12,58.9,30.2,56.1
7629,Hyderabad,South,2026-06-13,63.0,34.6,46.2
7630,Hyderabad,South,2026-06-14,44.3,23.8,26.5
7631,Hyderabad,South,2026-06-15,39.2,19.0,41.0
7632,Hyderabad,South,2026-06-16,40.7,26.9,31.9
7633,Hyderabad,South,2026-06-17,45.2,15.8,32.4
7634,Hyderabad,South,2026-06-18,50.7,22.9,57.7
7635,Hyderabad,South,2026-06-19,24.5,15.2,17.8
7636,Hyderabad,South,2026-06-20,32.9,11.9,21.4
7637,Hyderabad,South,2026-06-21,28.7,18.6,24.2
7638,Hyderabad,South,2026-06-22,31.7,16.2,19.5
7639,Hyderabad,South,2026-06-23,36.4,21.2,23.4
7640,Hyderabad,South,2026-06-24,34.0,15.2,27.2
7641,Hyderabad,South,2026-06-25,66.4,40.1,61.4
7642,Hyderabad,South,2026-06-26,32.0,16.8,28.5
7643,Hyderabad,South,2026-06-27,35.5,21.3,35.4
7644,Hyderabad,South,2026-06-28,18.2,12.5,13.6
7645,Hyderabad,South,2026-06-29,45.7,19.5,41.2
7646,Hyderabad,South,2026-06-30,50.8,22.2,44.9
7647,Hyderabad,South,2026-07-01,33.0,16.2,20.8
7648,Hyderabad,South,2026-07-02,32.6,19.4,22.2
7649,Hyderabad,South,2026-07-03,42.1,22.2,32.2
7650,Hyderabad,South,2026-07-04,37.9,26.0,32.5
7651,Hyderabad,South,2026-07-05,74.4,50.0,57.6
7652,Hyderabad,South,2026-07-06,40.0,23.3,34.6
7653,Hyderabad,South,2026-07-07,42.8,18.0,39.3
7654,Hyderabad,South,2026-07-08,29.1,15.2,24.1
7655,Hyderabad,South,2026-07-09,24.6,17.3,41.5
7656,Hyderabad,South,2026-07-10,40.2,21.9,35.9
7657,Hyderabad,South,2026-07-11,48.0,24.4,37.5
7658,Hyderabad,South,2026-07-12,34.7,21.8,36.5
7659,Hyderabad,South,2026-07-13,35.9,19.0,34.8
7660,Hyderabad,South,2026-07-14,59.5,25.8,53.4
7661,Hyderabad,South,2026-07-15,39.3,14.4,41.9
7662,Hyderabad,South,2026-07-16,,,
7663,Hyderabad,South,2026-07-17,38.5,23.0,37.2
7664,Hyderabad,South,2026-07-18,46.7,25.6,48.2
7665,Hyderabad,South,2026-07-19,51.4,27.4,36.7
7666,Hyderabad,South,2026-07-20,53.7,32.8,44.5
7667,Hyderabad,South,2026-07-21,59.1,36.6,60.9
7668,Hyderabad,South,2026-07-22,39.7,20.5,27.2
7669,Hyderabad,South,2026-07-23,20.4,15.9,13.5
7670,Hyderabad,South,2026-07-24,16.8,8.4,14.8
7671,Hyderabad,South,2026-07-25,36.8,21.4,39.0
7672,Hyderabad,South,2026-07-26,38.4,19.9,38.5
7673,Hyderabad,South,2026-07-27,52.9,27.3,45.3
7674,Hyderabad,South,2026-07-28,49.2,35.4,41.7
7675,Hyderabad,South,2026-07-29,45.9,28.5,45.5
7676,Hyderabad,South,2026-07-30,43.8,32.2,35.5
7677,Hyderabad,South,2026-07-31,43.5,19.8,29.7
7678,Hyderabad,South,2026-08-01,40.8,24.9,44.7
7679,Hyderabad,South,2026-08-02,29.0,14.3,30.6
7680,Hyderabad,South,2026-08-03,54.3,30.6,47.8
7681,Hyderabad,South,2026-08-04,48.5,24.4,50.5
7682,Hyderabad,South,2026-08-05,47.7,24.4,45.6
7683,Hyderabad,South,2026-08-06,50.9,23.8,39.0
7684,Hyderabad,South,2026-08-07,46.2,29.7,43.3
7685,Hyderabad,South,2026-08-08,37.1,21.2,41.8
7686,Hyderabad,South,2026-08-09,23.6,20.8,12.1
7687,Hyderabad,South,2026-08-10,46.1,24.9,23.8
7688,Hyderabad,South,2026-08-11,75.0,42.1,75.2
7689,Hyderabad,South,2026-08-12,27.5,12.3,22.7
7690,Hyderabad,South,2026-08-13,35.4,21.8,36.7
7691,Hyderabad,South,2026-08-14,34.3,14.7,27.7
7692,Hyderabad,South,2026-08-15,53.4,31.3,47.8
7693,Hyderabad,South,2026-08-16,31.2,18.5,22.1
7694,Hyderabad,South,2026-08-17,37.6,23.7,22.3
7695,Hyderabad,South,2026-08-18,41.7,19.4,35.9
7696,Hyderabad,South,2026-08-19,32.2,10.0,24.3
7697,Chennai,South,2024-01-01,107.5,57.0,94.8
7698,Chennai,South,2024-01-02,122.6,61.5,103.2
7699,Chennai,South,2024-01-03,109.7,64.5,98.4
7700,Chennai,South,2024-01-04,108.6,57.1,84.9
7701,Chennai,South,2024-01-05,93.5,45.1,81.6
7702,Chennai,South,2024-01-06,108.2,61.1,95.8
7703,Chennai,South,2024-01-07,105.0,53.5,88.1
7704,Chennai,South,2024-01-08,113.5,64.2,95.5
7705,Chennai,South,2024-01-09,104.9,60.2,91.2
7706,Chennai,South,2024-01-10,85.8,51.3,68.9
7707,Chennai,South,2024-01-11,117.3,68.2,93.2
7708,Chennai,South,2024-01-12,106.5,63.5,94.9
7709,Chennai,South,2024-01-13,114.9,63.1,92.1
7710,Chennai,South,2024-01-14,127.0,73.2,102.5
7711,Chennai,South,2024-01-15,88.1,53.9,73.7
7712,Chennai,South,2024-01-16,94.6,52.6,82.5
7713,Chennai,South,2024-01-17,77.7,36.0,58.5
7714,Chennai,South,2024-01-18,98.6,56.9,95.6
7715,Chennai,South,2024-01-19,99.4,49.6,79.2
7716,Chennai,South,2024-01-20,103.7,55.8,101.3
7717,Chennai,South,2024-01-21,107.7,54.8,96.8
7718,Chennai,South,2024-01-22,83.3,49.5,72.6
7719,Chennai,South,2024-01-23,108.8,53.7,94.5
7720,Chennai,South,2024-01-24,107.0,60.5,87.1
7721,Chennai,South,2024-01-25,107.6,61.3,82.4
7722,Chennai,South,2024-01-26,89.5,48.2,78.9
7723,Chennai,South,2024-01-27,98.3,56.9,82.9
7724,Chennai,South,2024-01-28,109.2,53.1,93.1
7725,Chennai,South,2024-01-29,,,
7726,Chennai,South,2024-01-30,105.1,56.3,82.7
7727,Chennai,South,2024-01-31,127.5,71.1,109.0
7728,Chennai,South,2024-02-01,105.7,58.2,83.9
7729,Chennai,South,2024-02-02,76.3,47.3,67.4
7730,Chennai,South,2024-02-03,78.7,43.4,59.1
7731,Chennai,South,2024-02-04,96.0,58.6,80.1
7732,Chennai,South,2024-02-05,97.6,55.3,76.1
7733,Chennai,South,2024-02-06,98.4,58.1,88.4
7734,Chennai,South,2024-02-07,85.2,50.2,71.6
7735,Chennai,South,2024-02-08,98.0,59.2,81.1
7736,Chennai,South,2024-02-09,77.0,38.7,70.7
7737,Chennai,South,2024-02-10,76.4,38.8,59.7
7738,Chennai,South,2024-02-11,72.2,42.7,60.5
7739,Chennai,South,2024-02-12,95.8,50.1,81.6
7740,Chennai,South,2024-02-13,107.0,53.8,81.5
7741,Chennai,South,2024-02-14,99.8,52.7,85.5
7742,Chennai,South,2024-02-15,81.4,46.4,77.4
7743,Chennai,South,2024-02-16,78.5,45.4,71.6
7744,Chennai,South,2024-02-17,107.5,55.5,82.2
7745,Chennai,South,2024-02-18,100.4,49.2,84.4
7746,Chennai,South,2024-02-19,91.8,47.0,86.0
7747,Chennai,South,2024-02-20,105.5,60.3,96.4
7748,Chennai,South,2024-02-21,92.5,51.2,81.1
7749,Chennai,South,2024-02-22,96.8,51.2,79.8
7750,Chennai,South,2024-02-23,115.3,66.9,88.0
7751,Chennai,South,2024-02-24,99.8,58.1,92.9
7752,Chennai,South,2024-02-25,92.9,46.8,70.5
7753,Chennai,South,2024-02-26,96.4,52.4,86.3
7754,Chennai,South,2024-02-27,91.2,53.3,76.4
7755,Chennai,South,2024-02-28,95.7,51.3,79.3
7756,Chennai,South,2024-02-29,84.7,41.1,73.7
7757,Chennai,South,2024-03-01,94.4,53.6,68.2
7758,Chennai,South,2024-03-02,96.2,49.0,75.5
7759,Chennai,South,2024-03-03,81.1,44.1,57.7
7760,Chennai,South,2024-03-04,100.7,54.3,85.3
7761,Chennai,South,2024-03-05,93.5,51.3,81.6
7762,Chennai,South,2024-03-06,86.5,46.6,63.9
7763,Chennai,South,2024-03-07,67.1,38.8,57.0
7764,Chennai,South,2024-03-08,92.5,50.0,74.0
7765,Chennai,South,2024-03-09,,,
7766,Chennai,South,2024-03-10,98.4,61.0,79.5
7767,Chennai,South,2024-03-11,98.1,55.5,81.4
7768,Chennai,South,2024-03-12,104.1,54.3,96.2
7769,Chennai,South,2024-03-13,69.9,39.9,64.7
7770,Chennai,South,2024-03-14,90.5,50.6,68.5
7771,Chennai,South,2024-03-15,104.6,59.6,94.2
7772,Chennai,South,2024-03-16,102.6,49.5,87.5
7773,Chennai,South,2024-03-17,79.6,49.0,74.2
7774,Chennai,South,2024-03-18,96.2,38.3,89.3
7775,Chennai,South,2024-03-19,103.4,48.9,74.8
7776,Chennai,South,2024-03-20,120.9,58.7,100.5
7777,Chennai,South,2024-03-21,69.2,39.6,64.3
7778,Chennai,South,2024-03-22,78.7,47.3,57.1
7779,Chennai,South,2024-03-23,69.9,37.3,66.9
7780,Chennai,South,2024-03-24,90.8,48.3,78.2
7781,Chennai,South,2024-03-25,107.2,61.6,86.2
7782,Chennai,South,2024-03-26,111.5,58.0,101.5
7783,Chennai,South,2024-03-27,92.7,48.2,84.8
7784,Chennai,South,2024-03-28,90.5,48.7,83.8
7785,Chennai,South,2024-03-29,87.0,48.9,85.5
7786,Chennai,South,2024-03-30,88.3,54.8,78.2
7787,Chennai,South,2024-03-31,85.6,48.7,69.9
7788,Chennai,South,2024-04-01,64.1,37.4,44.6
7789,Chennai,South,2024-04-02,56.6,34.3,44.6
7790,Chennai,South,2024-04-03,,,
7791,Chennai,South,2024-04-04,45.5,19.7,48.2
7792,Chennai,South,2024-04-05,75.0,41.7,64.2
7793,Chennai,South,2024-04-06,59.3,31.7,53.3
7794,Chennai,South,2024-04-07,54.9,29.1,36.7
7795,Chennai,South,2024-04-08,34.2,16.3,21.2
7796,Chennai,South,2024-04-09,54.1,28.9,46.6
7797,Chennai,South,2024-04-10,75.7,47.9,54.1
7798,Chennai,South,2024-04-11,82.4,46.0,70.2
7799,Chennai,South,2024-04-12,81.3,48.3,78.8
7800,Chennai,South,2024-04-13,49.9,25.3,46.3
7801,Chennai,South,2024-04-14,68.4,34.8,60.2
7802,Chennai,South,2024-04-15,86.1,50.7,65.8
7803,Chennai,South,2024-04-16,67.7,39.6,63.0
7804,Chennai,South,2024-04-17,75.0,39.4,56.5
7805,Chennai,South,2024-04-18,76.5,37.7,52.0
7806,Chennai,South,2024-04-19,67.6,32.5,53.7
7807,Chennai,South,2024-04-20,80.1,42.9,66.2
7808,Chennai,South,2024-04-21,52.8,33.1,35.9
7809,Chennai,South,2024-04-22,71.0,43.1,65.3
7810,Chennai,South,2024-04-23,74.4,43.7,64.0
7811,Chennai,South,2024-04-24,58.6,32.1,41.6
7812,Chennai,South,2024-04-25,91.2,54.1,72.7
7813,Chennai,South,2024-04-26,85.8,50.9,73.1
7814,Chennai,South,2024-04-27,88.0,49.2,80.8
7815,Chennai,South,2024-04-28,74.6,37.9,54.3
7816,Chennai,South,2024-04-29,77.8,42.0,67.0
7817,Chennai,South,2024-04-30,70.3,42.7,60.6
7818,Chennai,South,2024-05-01,64.6,36.2,54.6
7819,Chennai,South,2024-05-02,64.5,34.0,57.0
7820,Chennai,South,2024-05-03,82.1,48.3,65.9
7821,Chennai,South,2024-05-04,64.5,30.7,60.2
7822,Chennai,South,2024-05-05,68.4,41.3,56.3
7823,Chennai,South,2024-05-06,69.2,38.9,53.2
7824,Chennai,South,2024-05-07,61.2,33.3,52.5
7825,Chennai,South,2024-05-08,72.3,35.7,54.6
7826,Chennai,South,2024-05-09,77.4,38.7,66.5
7827,Chennai,South,2024-05-10,61.9,35.5,54.4
7828,Chennai,South,2024-05-11,81.2,51.5,62.5
7829,Chennai,South,2024-05-12,,,
7830,Chennai,South,2024-05-13,71.6,37.4,69.7
7831,Chennai,South,2024-05-14,59.2,26.7,53.6
7832,Chennai,South,2024-05-15,68.7,35.7,69.6
7833,Chennai,South,2024-05-16,63.1,32.7,45.7
7834,Chennai,South,2024-05-17,73.2,44.0,65.0
7835,Chennai,South,2024-05-18,96.9,49.8,85.3
7836,Chennai,South,2024-05-19,65.9,34.7,53.3
7837,Chennai,South,2024-05-20,69.7,35.8,60.0
7838,Chennai,South,2024-05-21,66.7,39.0,52.0
7839,Chennai,South,2024-05-22,71.6,40.9,53.8
7840,Chennai,South,2024-05-23,84.6,44.9,71.7
7841,Chennai,South,2024-05-24,68.6,33.0,68.7
7842,Chennai,South,2024-05-25,51.6,26.0,40.9
7843,Chennai,South,2024-05-26,,,
7844,Chennai,South,2024-05-27,77.0,45.5,66.7
7845,Chennai,South,2024-05-28,80.1,45.3,64.5
7846,Chennai,South,2024-05-29,61.5,33.9,45.3
7847,Chennai,South,2024-05-30,68.5,38.1,61.8
7848,Chennai,South,2024-05-31,75.0,41.9,77.8
7849,Chennai,South,2024-06-01,22.1,14.3,8.0
7850,Chennai,South,2024-06-02,37.6,21.6,52.3
7851,Chennai,South,2024-06-03,36.4,18.0,28.3
7852,Chennai,South,2024-06-04,63.5,34.1,65.5
7853,Chennai,South,2024-06-05,51.9,27.9,44.0
7854,Chennai,South,2024-06-06,55.0,23.0,45.3
7855,Chennai,South,2024-06-07,38.7,23.2,37.4
7856,Chennai,South,2024-06-08,60.1,33.9,49.6
7857,Chennai,South,2024-06-09,49.3,28.6,42.8
7858,Chennai,South,2024-06-10,36.3,25.1,30.9
7859,Chennai,South,2024-06-11,23.1,9.3,30.1
7860,Chennai,South,2024-06-12,37.4,26.1,34.0
7861,Chennai,South,2024-06-13,30.9,15.7,31.3
7862,Chennai,South,2024-06-14,44.2,26.6,41.4
7863,Chennai,South,2024-06-15,35.6,15.5,25.9
7864,Chennai,South,2024-06-16,45.8,27.9,44.5
7865,Chennai,South,2024-06-17,20.6,14.1,19.8
7866,Chennai,South,2024-06-18,37.7,25.0,31.6
7867,Chennai,South,2024-06-19,62.1,34.2,53.7
7868,Chennai,South,2024-06-20,66.8,32.5,54.9
7869,Chennai,South,2024-06-21,65.4,40.0,47.4
7870,Chennai,South,2024-06-22,49.9,30.2,44.4
7871,Chennai,South,2024-06-23,31.5,23.7,17.1
7872,Chennai,South,2024-06-24,30.8,10.0,21.7
7873,Chennai,South,2024-06-25,56.7,32.2,48.5
7874,Chennai,South,2024-06-26,50.8,32.6,48.8
7875,Chennai,South,2024-06-27,28.0,15.8,21.8
7876,Chennai,South,2024-06-28,53.0,32.2,38.4
7877,Chennai,South,2024-06-29,31.1,24.6,10.2
7878,Chennai,South,2024-06-30,63.4,38.1,63.3
7879,Chennai,South,2024-07-01,18.4,5.0,13.5
7880,Chennai,South,2024-07-02,37.1,24.4,31.3
7881,Chennai,South,2024-07-03,41.5,16.0,38.1
7882,Chennai,South,2024-07-04,48.9,26.6,44.6
7883,Chennai,South,2024-07-05,39.8,20.0,35.3
7884,Chennai,South,2024-07-06,29.8,19.2,18.0
7885,Chennai,South,2024-07-07,58.7,29.0,35.3
7886,Chennai,South,2024-07-08,56.7,28.7,43.3
7887,Chennai,South,2024-07-09,34.6,15.0,28.0
7888,Chennai,South,2024-07-10,57.1,33.0,44.2
7889,Chennai,South,2024-07-11,72.9,42.0,60.4
7890,Chennai,South,2024-07-12,33.3,25.4,23.9
7891,Chennai,South,2024-07-13,54.8,28.6,41.8
7892,Chennai,South,2024-07-14,32.1,20.0,36.3
7893,Chennai,South,2024-07-15,59.0,37.3,49.5
7894,Chennai,South,2024-07-16,58.3,35.6,55.6
7895,Chennai,South,2024-07-17,28.9,10.1,28.6
7896,Chennai,South,2024-07-18,24.9,11.9,23.8
7897,Chennai,South,2024-07-19,52.8,33.7,51.0
7898,Chennai,South,2024-07-20,45.5,26.1,47.3
7899,Chennai,South,2024-07-21,29.2,10.1,23.6
7900,Chennai,South,2024-07-22,65.2,42.1,63.1
7901,Chennai,South,2024-07-23,50.7,29.3,32.7
7902,Chennai,South,2024-07-24,50.6,27.4,43.2
7903,Chennai,South,2024-07-25,55.4,38.2,54.0
7904,Chennai,South,2024-07-26,61.0,36.0,59.2
7905,Chennai,South,2024-07-27,44.2,25.7,39.5
7906,Chennai,South,2024-07-28,80.1,35.5,65.9
7907,Chennai,South,2024-07-29,39.3,20.2,35.6
7908,Chennai,South,2024-07-30,53.1,25.1,39.1
7909,Chennai,South,2024-07-31,53.6,32.9,58.3
7910,Chennai,South,2024-08-01,56.8,31.2,39.7
7911,Chennai,South,2024-08-02,49.3,26.1,38.4
7912,Chennai,South,2024-08-03,49.0,25.4,35.7
7913,Chennai,South,2024-08-04,38.1,24.8,35.6
7914,Chennai,South,2024-08-05,73.1,40.9,78.4
7915,Chennai,South,2024-08-06,41.6,23.5,33.5
7916,Chennai,South,2024-08-07,46.5,23.1,49.9
7917,Chennai,South,2024-08-08,48.2,26.4,35.4
7918,Chennai,South,2024-08-09,50.7,28.7,39.5
7919,Chennai,South,2024-08-10,39.9,23.9,30.4
7920,Chennai,South,2024-08-11,27.6,12.9,26.4
7921,Chennai,South,2024-08-12,,,
7922,Chennai,South,2024-08-13,33.7,17.9,35.3
7923,Chennai,South,2024-08-14,50.3,21.0,43.1
7924,Chennai,South,2024-08-15,33.7,20.5,32.9
7925,Chennai,South,2024-08-16,58.9,35.2,50.5
7926,Chennai,South,2024-08-17,53.3,23.3,39.7
7927,Chennai,South,2024-08-18,70.5,43.6,50.0
7928,Chennai,South,2024-08-19,35.9,13.0,39.9
7929,Chennai,South,2024-08-20,,,
7930,Chennai,South,2024-08-21,39.2,24.4,29.3
7931,Chennai,South,2024-08-22,28.0,14.1,14.1
7932,Chennai,South,2024-08-23,32.3,10.1,25.2
7933,Chennai,South,2024-08-24,44.8,25.8,36.5
7934,Chennai,South,2024-08-25,37.5,23.3,38.3
7935,Chennai,South,2024-08-26,32.9,19.8,23.1
7936,Chennai,South,2024-08-27,35.5,23.6,24.7
7937,Chennai,South,2024-08-28,46.0,27.1,39.8
7938,Chennai,South,2024-08-29,52.5,29.3,44.7
7939,Chennai,South,2024-08-30,37.7,16.6,29.9
7940,Chennai,South,2024-08-31,45.5,22.3,36.1
7941,Chennai,South,2024-09-01,33.8,15.6,23.0
7942,Chennai,South,2024-09-02,55.3,29.7,39.4
7943,Chennai,South,2024-09-03,37.8,21.8,32.1
7944,Chennai,South,2024-09-04,,,
7945,Chennai,South,2024-09-05,65.8,29.4,58.1
7946,Chennai,South,2024-09-06,24.4,16.6,17.5
7947,Chennai,South,2024-09-07,50.4,28.5,30.7
7948,Chennai,South,2024-09-08,58.4,32.4,42.7
7949,Chennai,South,2024-09-09,36.2,20.2,37.1
7950,Chennai,South,2024-09-10,58.2,33.0,36.5
7951,Chennai,South,2024-09-11,30.2,21.0,19.9
7952,Chennai,South,2024-09-12,45.3,25.6,45.0
7953,Chennai,South,2024-09-13,41.4,21.9,37.1
7954,Chennai,South,2024-09-14,47.2,26.8,39.0
7955,Chennai,South,2024-09-15,63.8,31.0,60.2
7956,Chennai,South,2024-09-16,43.3,22.6,30.9
7957,Chennai,South,2024-09-17,48.9,28.3,43.1
7958,Chennai,South,2024-09-18,43.8,25.6,23.6
7959,Chennai,South,2024-09-19,27.9,13.9,26.9
7960,Chennai,South,2024-09-20,38.6,24.6,38.6
7961,Chennai,South,2024-09-21,52.8,30.8,33.9
7962,Chennai,South,2024-09-22,,,
7963,Chennai,South,2024-09-23,43.9,29.3,44.0
7964,Chennai,South,2024-09-24,50.7,28.1,40.8
7965,Chennai,South,2024-09-25,67.8,40.1,49.0
7966,Chennai,South,2024-09-26,49.9,24.2,49.5
7967,Chennai,South,2024-09-27,70.1,41.8,61.3
7968,Chennai,South,2024-09-28,39.6,17.6,38.1
7969,Chennai,South,2024-09-29,44.4,25.3,38.6
7970,Chennai,South,2024-09-30,47.2,25.3,39.5
7971,Chennai,South,2024-10-01,,,
7972,Chennai,South,2024-10-02,91.3,49.6,87.6
7973,Chennai,South,2024-10-03,100.0,57.7,100.3
7974,Chennai,South,2024-10-04,87.8,46.1,75.6
7975,Chennai,South,2024-10-05,82.5,47.7,62.3
7976,Chennai,South,2024-10-06,91.2,47.6,74.4
7977,Chennai,South,2024-10-07,65.5,32.4,60.5
7978,Chennai,South,2024-10-08,105.0,54.4,77.3
7979,Chennai,South,2024-10-09,91.0,55.0,69.4
7980,Chennai,South,2024-10-10,102.2,54.9,89.9
7981,Chennai,South,2024-10-11,89.1,45.0,72.6
7982,Chennai,South,2024-10-12,93.1,41.4,87.6
7983,Chennai,South,2024-10-13,90.4,48.0,80.9
7984,Chennai,South,2024-10-14,87.7,45.9,75.2
7985,Chennai,South,2024-10-15,98.3,46.3,83.5
7986,Chennai,South,2024-10-16,77.0,41.4,56.8
7987,Chennai,South,2024-10-17,102.9,57.1,95.5
7988,Chennai,South,2024-10-18,91.3,46.0,78.1
7989,Chennai,South,2024-10-19,78.6,39.9,72.1
7990,Chennai,South,2024-10-20,104.8,50.6,88.9
7991,Chennai,South,2024-10-21,76.2,50.6,66.6
7992,Chennai,South,2024-10-22,83.7,58.4,84.0
7993,Chennai,South,2024-10-23,79.3,44.8,64.2
7994,Chennai,South,2024-10-24,84.9,42.1,83.9
7995,Chennai,South,2024-10-25,93.3,57.5,80.1
7996,Chennai,South,2024-10-26,79.4,41.2,70.3
7997,Chennai,South,2024-10-27,100.3,51.0,82.1
7998,Chennai,South,2024-10-28,90.8,49.2,70.4
7999,Chennai,South,2024-10-29,107.5,68.0,94.3
8000,Chennai,South,2024-10-30,89.9,53.4,65.8
8001,Chennai,South,2024-10-31,75.8,39.0,57.2
8002,Chennai,South,2024-11-01,137.4,79.6,129.1
8003,Chennai,South,2024-11-02,164.6,93.0,133.9
8004,Chennai,South,2024-11-03,144.8,78.4,136.4
8005,Chennai,South,2024-11-04,157.6,86.2,134.2
8006,Chennai,South,2024-11-05,145.8,80.1,122.0
8007,Chennai,South,2024-11-06,101.7,56.2,102.0
8008,Chennai,South,2024-11-07,93.5,57.5,75.9
8009,Chennai,South,2024-11-08,139.9,81.2,121.4
8010,Chennai,South,2024-11-09,97.4,51.9,83.4
8011,Chennai,South,2024-11-10,85.1,53.5,65.8
8012,Chennai,South,2024-11-11,109.8,66.3,85.1
8013,Chennai,South,2024-11-12,93.1,47.8,87.3
8014,Chennai,South,2024-11-13,113.0,62.7,99.8
8015,Chennai,South,2024-11-14,89.2,48.2,75.4
8016,Chennai,South,2024-11-15,119.7,60.3,97.5
8017,Chennai,South,2024-11-16,104.1,58.8,85.1
8018,Chennai,South,2024-11-17,103.4,55.9,86.9
8019,Chennai,South,2024-11-18,95.0,52.5,80.4
8020,Chennai,South,2024-11-19,104.7,63.3,94.1
8021,Chennai,South,2024-11-20,106.7,60.1,95.1
8022,Chennai,South,2024-11-21,116.1,68.5,99.6
8023,Chennai,South,2024-11-22,,,
8024,Chennai,South,2024-11-23,93.9,53.5,88.7
8025,Chennai,South,2024-11-24,110.6,60.9,87.1
8026,Chennai,South,2024-11-25,106.7,52.9,92.8
8027,Chennai,South,2024-11-26,107.2,63.9,107.5
8028,Chennai,South,2024-11-27,105.4,68.8,96.0
8029,Chennai,South,2024-11-28,95.3,53.5,83.6
8030,Chennai,South,2024-11-29,88.9,48.7,76.5
8031,Chennai,South,2024-11-30,121.4,61.9,105.7
8032,Chennai,South,2024-12-01,87.9,47.1,83.2
8033,Chennai,South,2024-12-02,99.8,56.0,87.3
8034,Chennai,South,2024-12-03,89.4,52.0,80.0
8035,Chennai,South,2024-12-04,99.4,61.5,98.0
8036,Chennai,South,2024-12-05,119.0,68.3,94.3
8037,Chennai,South,2024-12-06,91.4,52.7,81.0
8038,Chennai,South,2024-12-07,119.0,70.0,107.3
8039,Chennai,South,2024-12-08,102.6,59.4,89.0
8040,Chennai,South,2024-12-09,105.4,59.5,94.8
8041,Chennai,South,2024-12-10,124.6,70.4,106.9
8042,Chennai,South,2024-12-11,96.5,57.5,78.2
8043,Chennai,South,2024-12-12,79.4,49.3,81.6
8044,Chennai,South,2024-12-13,104.4,58.9,90.3
8045,Chennai,South,2024-12-14,113.7,57.0,85.2
8046,Chennai,South,2024-12-15,96.2,59.1,84.8
8047,Chennai,South,2024-12-16,92.5,51.0,75.2
8048,Chennai,South,2024-12-17,91.6,45.9,78.6
8049,Chennai,South,2024-12-18,104.0,59.0,89.6
8050,Chennai,South,2024-12-19,90.5,47.1,76.1
8051,Chennai,South,2024-12-20,107.8,56.6,97.7
8052,Chennai,South,2024-12-21,88.5,47.6,62.4
8053,Chennai,South,2024-12-22,83.0,55.3,73.2
8054,Chennai,South,2024-12-23,106.6,64.3,82.3
8055,Chennai,South,2024-12-24,93.0,54.3,71.2
8056,Chennai,South,2024-12-25,97.9,43.3,86.0
8057,Chennai,South,2024-12-26,120.8,69.6,99.2
8058,Chennai,South,2024-12-27,93.1,55.9,60.9
8059,Chennai,South,2024-12-28,97.9,49.8,85.4
8060,Chennai,South,2024-12-29,90.6,51.5,67.0
8061,Chennai,South,2024-12-30,89.6,53.0,90.6
8062,Chennai,South,2024-12-31,90.5,42.2,83.7
8063,Chennai,South,2025-01-01,105.1,49.1,85.4
8064,Chennai,South,2025-01-02,104.0,58.3,94.4
8065,Chennai,South,2025-01-03,109.6,56.8,82.2
8066,Chennai,South,2025-01-04,101.6,58.4,95.0
8067,Chennai,South,2025-01-05,115.2,62.1,93.8
8068,Chennai,South,2025-01-06,119.8,69.3,97.9
8069,Chennai,South,2025-01-07,98.2,56.0,69.0
8070,Chennai,South,2025-01-08,110.9,59.7,86.9
8071,Chennai,South,2025-01-09,86.7,44.1,75.5
8072,Chennai,South,2025-01-10,94.1,57.3,83.3
8073,Chennai,South,2025-01-11,98.8,59.7,95.3
8074,Chennai,South,2025-01-12,121.3,71.7,101.7
8075,Chennai,South,2025-01-13,114.5,65.4,111.1
8076,Chennai,South,2025-01-14,102.4,62.5,83.0
8077,Chennai,South,2025-01-15,89.8,45.1,80.6
8078,Chennai,South,2025-01-16,90.0,49.2,73.2
8079,Chennai,South,2025-01-17,106.0,60.6,91.2
8080,Chennai,South,2025-01-18,112.6,56.3,94.2
8081,Chennai,South,2025-01-19,86.4,46.2,57.4
8082,Chennai,South,2025-01-20,69.9,35.3,63.2
8083,Chennai,South,2025-01-21,81.5,42.6,76.5
8084,Chennai,South,2025-01-22,120.4,68.4,99.1
8085,Chennai,South,2025-01-23,109.6,57.6,81.7
8086,Chennai,South,2025-01-24,94.0,55.0,74.5
8087,Chennai,South,2025-01-25,87.1,41.7,82.9
8088,Chennai,South,2025-01-26,122.1,71.3,101.9
8089,Chennai,South,2025-01-27,99.6,57.2,80.7
8090,Chennai,South,2025-01-28,100.6,57.0,86.4
8091,Chennai,South,2025-01-29,137.3,73.1,115.6
8092,Chennai,South,2025-01-30,77.3,47.3,61.8
8093,Chennai,South,2025-01-31,107.8,55.5,95.5
8094,Chennai,South,2025-02-01,92.4,49.8,79.7
8095,Chennai,South,2025-02-02,101.3,54.4,94.7
8096,Chennai,South,2025-02-03,81.9,45.1,69.5
8097,Chennai,South,2025-02-04,73.0,37.5,70.1
8098,Chennai,South,2025-02-05,84.9,49.8,69.6
8099,Chennai,South,2025-02-06,90.3,48.8,80.4
8100,Chennai,South,2025-02-07,100.4,60.1,79.1
8101,Chennai,South,2025-02-08,80.4,50.1,71.3
8102,Chennai,South,2025-02-09,77.7,44.5,74.0
8103,Chennai,South,2025-02-10,89.7,48.4,74.4
8104,Chennai,South,2025-02-11,93.3,43.4,82.8
8105,Chennai,South,2025-02-12,88.4,54.3,68.0
8106,Chennai,South,2025-02-13,90.0,52.3,74.0
8107,Chennai,South,2025-02-14,89.2,45.7,68.6
8108,Chennai,South,2025-02-15,86.1,46.7,75.2
8109,Chennai,South,2025-02-16,108.8,57.5,91.9
8110,Chennai,South,2025-02-17,81.8,54.2,67.8
8111,Chennai,South,2025-02-18,77.1,45.8,72.3
8112,Chennai,South,2025-02-19,82.1,48.1,79.6
8113,Chennai,South,2025-02-20,84.6,44.7,71.6
8114,Chennai,South,2025-02-21,110.9,60.4,94.3
8115,Chennai,South,2025-02-22,84.3,46.5,63.8
8116,Chennai,South,2025-02-23,94.6,50.0,80.0
8117,Chennai,South,2025-02-24,81.7,47.8,73.7
8118,Chennai,South,2025-02-25,80.4,41.2,69.8
8119,Chennai,South,2025-02-26,98.3,55.8,89.2
8120,Chennai,South,2025-02-27,,,
8121,Chennai,South,2025-02-28,84.9,49.7,68.4
8122,Chennai,South,2025-03-01,92.3,52.4,82.1
8123,Chennai,South,2025-03-02,99.4,55.0,78.4
8124,Chennai,South,2025-03-03,96.8,50.3,79.4
8125,Chennai,South,2025-03-04,76.0,44.4,68.1
8126,Chennai,South,2025-03-05,86.9,49.2,76.8
8127,Chennai,South,2025-03-06,101.5,53.0,87.2
8128,Chennai,South,2025-03-07,100.4,52.2,81.2
8129,Chennai,South,2025-03-08,95.4,48.8,80.8
8130,Chennai,South,2025-03-09,96.3,54.6,80.3
8131,Chennai,South,2025-03-10,103.8,53.1,88.9
8132,Chennai,South,2025-03-11,76.8,41.5,67.2
8133,Chennai,South,2025-03-12,124.0,76.6,104.8
8134,Chennai,South,2025-03-13,98.4,56.4,84.6
8135,Chennai,South,2025-03-14,,,
8136,Chennai,South,2025-03-15,102.9,54.8,85.1
8137,Chennai,South,2025-03-16,100.7,52.7,84.6
8138,Chennai,South,2025-03-17,106.9,60.2,87.8
8139,Chennai,South,2025-03-18,88.3,40.7,84.8
8140,Chennai,South,2025-03-19,100.3,50.1,99.2
8141,Chennai,South,2025-03-20,97.3,43.8,87.1
8142,Chennai,South,2025-03-21,89.4,50.0,70.3
8143,Chennai,South,2025-03-22,77.1,45.5,63.3
8144,Chennai,South,2025-03-23,92.7,60.5,75.0
8145,Chennai,South,2025-03-24,,,
8146,Chennai,South,2025-03-25,100.4,52.0,84.8
8147,Chennai,South,2025-03-26,97.2,48.9,82.0
8148,Chennai,South,2025-03-27,92.6,52.0,77.9
8149,Chennai,South,2025-03-28,99.0,53.3,88.3
8150,Chennai,South,2025-03-29,108.5,56.8,96.1
8151,Chennai,South,2025-03-30,79.8,49.1,59.8
8152,Chennai,South,2025-03-31,111.0,65.7,85.8
8153,Chennai,South,2025-04-01,75.8,42.4,59.0
8154,Chennai,South,2025-04-02,78.1,37.3,61.6
8155,Chennai,South,2025-04-03,67.4,36.0,56.8
8156,Chennai,South,2025-04-04,87.5,50.0,78.2
8157,Chennai,South,2025-04-05,64.5,34.6,53.2
8158,Chennai,South,2025-04-06,62.5,29.6,59.6
8159,Chennai,South,2025-04-07,81.8,44.6,75.1
8160,Chennai,South,2025-04-08,82.9,43.7,74.6
8161,Chennai,South,2025-04-09,48.5,21.0,40.6
8162,Chennai,South,2025-04-10,72.8,42.7,59.5
8163,Chennai,South,2025-04-11,79.7,43.4,66.9
8164,Chennai,South,2025-04-12,70.9,39.9,62.3
8165,Chennai,South,2025-04-13,78.4,43.3,69.1
8166,Chennai,South,2025-04-14,65.0,37.5,57.7
8167,Chennai,South,2025-04-15,78.5,41.7,62.9
8168,Chennai,South,2025-04-16,70.3,39.0,57.5
8169,Chennai,South,2025-04-17,67.8,41.1,51.7
8170,Chennai,South,2025-04-18,73.6,34.8,65.7
8171,Chennai,South,2025-04-19,69.0,37.4,56.2
8172,Chennai,South,2025-04-20,72.9,37.9,61.8
8173,Chennai,South,2025-04-21,57.6,32.3,48.9
8174,Chennai,South,2025-04-22,81.6,45.3,64.9
8175,Chennai,South,2025-04-23,75.1,44.4,59.5
8176,Chennai,South,2025-04-24,72.8,35.2,48.3
8177,Chennai,South,2025-04-25,72.6,46.1,62.2
8178,Chennai,South,2025-04-26,73.9,33.3,67.3
8179,Chennai,South,2025-04-27,74.2,49.6,59.0
8180,Chennai,South,2025-04-28,74.9,35.0,66.9
8181,Chennai,South,2025-04-29,63.5,33.8,55.7
8182,Chennai,South,2025-04-30,63.9,35.4,56.8
8183,Chennai,South,2025-05-01,90.9,42.3,73.0
8184,Chennai,South,2025-05-02,55.6,29.8,44.6
8185,Chennai,South,2025-05-03,44.7,29.8,32.7
8186,Chennai,South,2025-05-04,85.6,53.5,83.1
8187,Chennai,South,2025-05-05,83.7,44.1,68.4
8188,Chennai,South,2025-05-06,78.7,48.1,65.1
8189,Chennai,South,2025-05-07,73.2,40.7,55.1
8190,Chennai,South,2025-05-08,54.7,27.7,49.2
8191,Chennai,South,2025-05-09,49.4,23.1,54.2
8192,Chennai,South,2025-05-10,65.1,43.7,55.8
8193,Chennai,South,2025-05-11,83.0,47.0,76.0
8194,Chennai,South,2025-05-12,77.1,44.1,63.8
8195,Chennai,South,2025-05-13,55.3,33.5,45.0
8196,Chennai,South,2025-05-14,64.4,32.9,66.0
8197,Chennai,South,2025-05-15,68.6,46.7,58.4
8198,Chennai,South,2025-05-16,78.5,44.1,70.1
8199,Chennai,South,2025-05-17,76.8,37.7,63.2
8200,Chennai,South,2025-05-18,62.4,39.3,53.1
8201,Chennai,South,2025-05-19,65.5,39.0,52.5
8202,Chennai,South,2025-05-20,61.7,31.6,55.3
8203,Chennai,South,2025-05-21,74.7,39.7,49.7
8204,Chennai,South,2025-05-22,73.9,39.9,59.0
8205,Chennai,South,2025-05-23,88.6,44.7,78.2
8206,Chennai,South,2025-05-24,64.4,35.6,60.3
8207,Chennai,South,2025-05-25,59.2,30.4,53.8
8208,Chennai,South,2025-05-26,66.5,35.5,56.9
8209,Chennai,South,2025-05-27,61.9,35.8,56.9
8210,Chennai,South,2025-05-28,58.2,27.3,53.7
8211,Chennai,South,2025-05-29,98.2,55.1,73.9
8212,Chennai,South,2025-05-30,71.6,33.6,57.6
8213,Chennai,South,2025-05-31,69.0,37.8,52.8
8214,Chennai,South,2025-06-01,64.7,31.5,65.8
8215,Chennai,South,2025-06-02,60.9,28.0,57.8
8216,Chennai,South,2025-06-03,,,
8217,Chennai,South,2025-06-04,42.7,26.3,34.5
8218,Chennai,South,2025-06-05,51.3,33.7,49.8
8219,Chennai,South,2025-06-06,32.1,11.3,24.5
8220,Chennai,South,2025-06-07,63.2,35.8,54.2
8221,Chennai,South,2025-06-08,30.9,11.6,32.8
8222,Chennai,South,2025-06-09,51.9,26.9,45.0
8223,Chennai,South,2025-06-10,29.3,16.4,27.9
8224,Chennai,South,2025-06-11,57.6,29.0,33.7
8225,Chennai,South,2025-06-12,48.8,25.6,38.4
8226,Chennai,South,2025-06-13,39.5,17.5,47.8
8227,Chennai,South,2025-06-14,38.2,21.3,25.6
8228,Chennai,South,2025-06-15,45.2,27.3,23.7
8229,Chennai,South,2025-06-16,25.6,5.9,26.2
8230,Chennai,South,2025-06-17,41.8,19.4,32.4
8231,Chennai,South,2025-06-18,63.8,33.9,47.0
8232,Chennai,South,2025-06-19,40.5,33.1,37.9
8233,Chennai,South,2025-06-20,,,
8234,Chennai,South,2025-06-21,36.1,15.0,37.3
8235,Chennai,South,2025-06-22,32.6,18.4,24.1
8236,Chennai,South,2025-06-23,52.6,27.5,57.1
8237,Chennai,South,2025-06-24,45.2,32.8,32.2
8238,Chennai,South,2025-06-25,61.6,30.9,54.3
8239,Chennai,South,2025-06-26,46.6,26.3,44.1
8240,Chennai,South,2025-06-27,42.5,34.7,38.2
8241,Chennai,South,2025-06-28,36.3,23.1,25.3
8242,Chennai,South,2025-06-29,51.2,21.9,44.1
8243,Chennai,South,2025-06-30,49.5,27.6,42.6
8244,Chennai,South,2025-07-01,48.8,33.7,38.3
8245,Chennai,South,2025-07-02,56.1,35.3,48.8
8246,Chennai,South,2025-07-03,54.2,31.1,42.5
8247,Chennai,South,2025-07-04,24.6,11.7,24.1
8248,Chennai,South,2025-07-05,50.2,26.7,30.5
8249,Chennai,South,2025-07-06,55.2,32.9,35.8
8250,Chennai,South,2025-07-07,55.3,31.5,57.0
8251,Chennai,South,2025-07-08,50.9,24.0,50.3
8252,Chennai,South,2025-07-09,22.4,15.6,19.1
8253,Chennai,South,2025-07-10,31.6,23.6,24.9
8254,Chennai,South,2025-07-11,54.8,27.6,46.7
8255,Chennai,South,2025-07-12,30.8,19.5,23.0
8256,Chennai,South,2025-07-13,43.3,26.3,37.3
8257,Chennai,South,2025-07-14,30.9,18.1,28.1
8258,Chennai,South,2025-07-15,41.9,30.5,31.7
8259,Chennai,South,2025-07-16,44.1,28.7,40.2
8260,Chennai,South,2025-07-17,62.5,37.3,56.1
8261,Chennai,South,2025-07-18,42.9,24.1,34.5
8262,Chennai,South,2025-07-19,53.5,28.6,36.9
8263,Chennai,South,2025-07-20,47.7,19.6,33.3
8264,Chennai,South,2025-07-21,44.3,22.6,45.8
8265,Chennai,South,2025-07-22,44.8,30.3,40.3
8266,Chennai,South,2025-07-23,42.3,28.4,39.7
8267,Chennai,South,2025-07-24,44.1,26.0,33.0
8268,Chennai,South,2025-07-25,53.4,32.0,50.5
8269,Chennai,South,2025-07-26,48.7,23.2,42.3
8270,Chennai,South,2025-07-27,46.9,27.5,35.9
8271,Chennai,South,2025-07-28,57.8,31.8,60.0
8272,Chennai,South,2025-07-29,28.9,15.7,24.1
8273,Chennai,South,2025-07-30,53.3,28.4,45.4
8274,Chennai,South,2025-07-31,42.8,25.4,40.7
8275,Chennai,South,2025-08-01,21.8,11.1,11.9
8276,Chennai,South,2025-08-02,53.6,21.8,43.4
8277,Chennai,South,2025-08-03,56.7,31.3,51.5
8278,Chennai,South,2025-08-04,59.3,27.8,57.5
8279,Chennai,South,2025-08-05,29.1,13.7,23.9
8280,Chennai,South,2025-08-06,35.3,18.4,20.4
8281,Chennai,South,2025-08-07,,,
8282,Chennai,South,2025-08-08,42.7,24.0,37.1
8283,Chennai,South,2025-08-09,69.2,34.3,57.9
8284,Chennai,South,2025-08-10,17.0,10.0,8.0
8285,Chennai,South,2025-08-11,27.5,16.4,23.3
8286,Chennai,South,2025-08-12,30.4,15.4,31.5
8287,Chennai,South,2025-08-13,21.5,12.6,23.2
8288,Chennai,South,2025-08-14,39.7,18.2,35.8
8289,Chennai,South,2025-08-15,33.1,21.7,30.8
8290,Chennai,South,2025-08-16,36.6,21.4,24.4
8291,Chennai,South,2025-08-17,48.7,29.7,37.0
8292,Chennai,South,2025-08-18,48.1,30.0,37.3
8293,Chennai,South,2025-08-19,50.2,23.7,36.8
8294,Chennai,South,2025-08-20,19.4,14.0,16.3
8295,Chennai,South,2025-08-21,38.9,19.0,33.8
8296,Chennai,South,2025-08-22,36.4,23.3,34.5
8297,Chennai,South,2025-08-23,41.2,29.6,41.1
8298,Chennai,South,2025-08-24,61.8,37.3,48.8
8299,Chennai,South,2025-08-25,57.7,29.0,49.7
8300,Chennai,South,2025-08-26,53.1,27.9,45.8
8301,Chennai,South,2025-08-27,36.3,21.4,22.1
8302,Chennai,South,2025-08-28,50.9,30.6,39.8
8303,Chennai,South,2025-08-29,30.3,20.5,14.8
8304,Chennai,South,2025-08-30,42.0,21.8,46.6
8305,Chennai,South,2025-08-31,39.8,20.7,28.5
8306,Chennai,South,2025-09-01,27.3,13.3,23.3
8307,Chennai,South,2025-09-02,45.5,26.6,29.7
8308,Chennai,South,2025-09-03,51.0,32.8,38.3
8309,Chennai,South,2025-09-04,34.6,24.6,29.3
8310,Chennai,South,2025-09-05,55.2,33.0,49.6
8311,Chennai,South,2025-09-06,50.1,33.4,39.2
8312,Chennai,South,2025-09-07,50.7,35.6,38.1
8313,Chennai,South,2025-09-08,32.6,15.1,26.3
8314,Chennai,South,2025-09-09,44.1,28.6,40.8
8315,Chennai,South,2025-09-10,55.6,26.0,54.1
8316,Chennai,South,2025-09-11,51.7,22.3,41.8
8317,Chennai,South,2025-09-12,57.0,28.0,51.6
8318,Chennai,South,2025-09-13,47.9,30.2,34.1
8319,Chennai,South,2025-09-14,34.1,12.9,33.0
8320,Chennai,South,2025-09-15,47.5,27.4,35.4
8321,Chennai,South,2025-09-16,51.6,35.3,36.8
8322,Chennai,South,2025-09-17,51.8,27.9,41.8
8323,Chennai,South,2025-09-18,32.1,21.5,30.9
8324,Chennai,South,2025-09-19,55.3,29.2,42.5
8325,Chennai,South,2025-09-20,39.0,19.8,36.5
8326,Chennai,South,2025-09-21,35.5,13.5,30.9
8327,Chennai,South,2025-09-22,62.2,37.0,45.6
8328,Chennai,South,2025-09-23,33.4,20.5,29.9
8329,Chennai,South,2025-09-24,58.6,32.0,45.2
8330,Chennai,South,2025-09-25,52.0,24.4,35.8
8331,Chennai,South,2025-09-26,55.2,31.6,47.5
8332,Chennai,South,2025-09-27,33.7,20.6,30.0
8333,Chennai,South,2025-09-28,64.9,32.9,50.1
8334,Chennai,South,2025-09-29,40.4,20.8,33.2
8335,Chennai,South,2025-09-30,26.1,11.5,29.6
8336,Chennai,South,2025-10-01,88.1,53.5,80.9
8337,Chennai,South,2025-10-02,94.6,53.3,78.5
8338,Chennai,South,2025-10-03,95.7,59.0,86.1
8339,Chennai,South,2025-10-04,108.9,57.3,89.0
8340,Chennai,South,2025-10-05,108.0,64.2,88.7
8341,Chennai,South,2025-10-06,85.3,48.6,71.1
8342,Chennai,South,2025-10-07,95.2,56.1,81.7
8343,Chennai,South,2025-10-08,90.1,54.3,76.5
8344,Chennai,South,2025-10-09,88.1,43.8,88.1
8345,Chennai,South,2025-10-10,95.9,55.3,88.3
8346,Chennai,South,2025-10-11,101.0,50.6,90.1
8347,Chennai,South,2025-10-12,103.5,52.7,86.3
8348,Chennai,South,2025-10-13,107.9,58.5,86.3
8349,Chennai,South,2025-10-14,100.1,56.8,89.7
8350,Chennai,South,2025-10-15,79.7,43.2,64.6
8351,Chennai,South,2025-10-16,72.8,45.0,54.7
8352,Chennai,South,2025-10-17,89.4,49.5,71.0
8353,Chennai,South,2025-10-18,94.5,52.4,85.5
8354,Chennai,South,2025-10-19,86.9,51.8,72.8
8355,Chennai,South,2025-10-20,85.5,47.0,70.3
8356,Chennai,South,2025-10-21,73.6,40.9,59.3
8357,Chennai,South,2025-10-22,120.2,69.0,92.1
8358,Chennai,South,2025-10-23,87.4,48.6,85.3
8359,Chennai,South,2025-10-24,89.3,53.7,69.7
8360,Chennai,South,2025-10-25,87.6,43.3,68.2
8361,Chennai,South,2025-10-26,102.4,61.6,82.8
8362,Chennai,South,2025-10-27,80.7,50.1,69.7
8363,Chennai,South,2025-10-28,69.1,39.9,55.2
8364,Chennai,South,2025-10-29,86.3,49.7,82.8
8365,Chennai,South,2025-10-30,108.5,54.8,98.5
8366,Chennai,South,2025-10-31,90.0,40.1,64.3
8367,Chennai,South,2025-11-01,144.1,79.6,144.4
8368,Chennai,South,2025-11-02,141.9,76.9,126.2
8369,Chennai,South,2025-11-03,135.9,74.6,121.8
8370,Chennai,South,2025-11-04,145.7,73.3,121.5
8371,Chennai,South,2025-11-05,,,
8372,Chennai,South,2025-11-06,124.3,67.3,110.6
8373,Chennai,South,2025-11-07,115.6,71.1,95.4
8374,Chennai,South,2025-11-08,127.7,66.8,108.9
8375,Chennai,South,2025-11-09,124.2,67.1,92.6
8376,Chennai,South,2025-11-10,95.9,54.9,99.9
8377,Chennai,South,2025-11-11,92.9,45.7,77.6
8378,Chennai,South,2025-11-12,115.0,64.8,112.0
8379,Chennai,South,2025-11-13,104.7,64.0,89.5
8380,Chennai,South,2025-11-14,121.3,74.7,98.7
8381,Chennai,South,2025-11-15,107.2,58.9,97.1
8382,Chennai,South,2025-11-16,97.3,49.7,87.9
8383,Chennai,South,2025-11-17,108.4,59.8,93.8
8384,Chennai,South,2025-11-18,99.0,54.3,86.1
8385,Chennai,South,2025-11-19,105.8,50.8,102.0
8386,Chennai,South,2025-11-20,107.7,56.8,92.1
8387,Chennai,South,2025-11-21,103.1,66.2,89.3
8388,Chennai,South,2025-11-22,105.9,64.5,86.8
8389,Chennai,South,2025-11-23,125.7,72.0,111.6
8390,Chennai,South,2025-11-24,112.7,64.6,94.0
8391,Chennai,South,2025-11-25,85.2,50.0,81.6
8392,Chennai,South,2025-11-26,99.0,53.8,88.1
8393,Chennai,South,2025-11-27,112.3,66.7,79.2
8394,Chennai,South,2025-11-28,90.8,51.0,82.8
8395,Chennai,South,2025-11-29,111.8,60.7,93.0
8396,Chennai,South,2025-11-30,102.6,50.5,102.6
8397,Chennai,South,2025-12-01,137.7,76.8,118.3
8398,Chennai,South,2025-12-02,99.1,47.7,89.0
8399,Chennai,South,2025-12-03,107.7,62.9,101.0
8400,Chennai,South,2025-12-04,100.2,58.8,85.0
8401,Chennai,South,2025-12-05,,,
8402,Chennai,South,2025-12-06,98.9,56.5,82.6
8403,Chennai,South,2025-12-07,98.3,56.4,84.5
8404,Chennai,South,2025-12-08,123.9,69.7,104.1
8405,Chennai,South,2025-12-09,95.1,56.8,81.4
8406,Chennai,South,2025-12-10,86.5,50.3,75.4
8407,Chennai,South,2025-12-11,113.3,65.3,89.9
8408,Chennai,South,2025-12-12,113.8,58.4,95.9
8409,Chennai,South,2025-12-13,98.5,52.8,79.3
8410,Chennai,South,2025-12-14,92.8,56.5,61.7
8411,Chennai,South,2025-12-15,91.2,52.6,67.3
8412,Chennai,South,2025-12-16,92.4,45.3,68.9
8413,Chennai,South,2025-12-17,99.0,56.7,70.9
8414,Chennai,South,2025-12-18,110.8,60.7,89.4
8415,Chennai,South,2025-12-19,98.5,54.1,81.0
8416,Chennai,South,2025-12-20,98.2,52.5,77.1
8417,Chennai,South,2025-12-21,108.5,67.2,89.7
8418,Chennai,South,2025-12-22,107.4,67.7,94.3
8419,Chennai,South,2025-12-23,87.1,47.4,81.3
8420,Chennai,South,2025-12-24,94.8,51.0,72.4
8421,Chennai,South,2025-12-25,95.0,55.1,85.9
8422,Chennai,South,2025-12-26,100.8,55.7,84.7
8423,Chennai,South,2025-12-27,113.0,69.5,96.5
8424,Chennai,South,2025-12-28,86.2,50.8,72.8
8425,Chennai,South,2025-12-29,92.9,51.2,78.6
8426,Chennai,South,2025-12-30,97.1,52.8,91.6
8427,Chennai,South,2025-12-31,94.9,55.5,79.4
8428,Chennai,South,2026-01-01,95.2,57.8,75.0
8429,Chennai,South,2026-01-02,114.9,61.6,92.2
8430,Chennai,South,2026-01-03,121.2,71.5,113.5
8431,Chennai,South,2026-01-04,107.6,55.1,96.9
8432,Chennai,South,2026-01-05,,,
8433,Chennai,South,2026-01-06,114.3,63.3,98.5
8434,Chennai,South,2026-01-07,88.5,48.8,71.9
8435,Chennai,South,2026-01-08,93.1,52.2,69.6
8436,Chennai,South,2026-01-09,90.2,48.6,78.4
8437,Chennai,South,2026-01-10,109.6,66.4,94.6
8438,Chennai,South,2026-01-11,91.6,49.0,73.1
8439,Chennai,South,2026-01-12,,,
8440,Chennai,South,2026-01-13,109.6,56.0,94.9
8441,Chennai,South,2026-01-14,114.8,60.0,90.7
8442,Chennai,South,2026-01-15,91.3,48.7,74.8
8443,Chennai,South,2026-01-16,109.0,62.7,84.5
8444,Chennai,South,2026-01-17,92.4,51.7,86.7
8445,Chennai,South,2026-01-18,105.5,64.8,90.8
8446,Chennai,South,2026-01-19,117.6,67.7,98.1
8447,Chennai,South,2026-01-20,96.7,54.0,79.0
8448,Chennai,South,2026-01-21,97.3,49.7,83.1
8449,Chennai,South,2026-01-22,103.9,47.2,87.8
8450,Chennai,South,2026-01-23,106.7,62.9,87.9
8451,Chennai,South,2026-01-24,88.4,47.1,72.9
8452,Chennai,South,2026-01-25,92.9,49.0,72.6
8453,Chennai,South,2026-01-26,95.0,54.6,77.1
8454,Chennai,South,2026-01-27,102.0,52.2,89.2
8455,Chennai,South,2026-01-28,134.8,68.2,125.3
8456,Chennai,South,2026-01-29,92.7,57.5,76.0
8457,Chennai,South,2026-01-30,113.5,63.7,107.7
8458,Chennai,South,2026-01-31,89.5,49.7,72.7
8459,Chennai,South,2026-02-01,73.8,36.9,57.4
8460,Chennai,South,2026-02-02,104.1,50.2,87.7
8461,Chennai,South,2026-02-03,108.1,63.9,94.0
8462,Chennai,South,2026-02-04,87.4,48.4,77.4
8463,Chennai,South,2026-02-05,99.1,57.4,86.2
8464,Chennai,South,2026-02-06,97.8,57.1,93.2
8465,Chennai,South,2026-02-07,72.6,38.7,62.8
8466,Chennai,South,2026-02-08,92.8,53.8,80.6
8467,Chennai,South,2026-02-09,103.8,59.4,81.7
8468,Chennai,South,2026-02-10,77.5,41.5,63.0
8469,Chennai,South,2026-02-11,95.6,59.8,86.0
8470,Chennai,South,2026-02-12,80.9,40.5,66.3
8471,Chennai,South,2026-02-13,81.6,48.3,64.6
8472,Chennai,South,2026-02-14,99.4,63.6,83.7
8473,Chennai,South,2026-02-15,91.6,47.4,82.9
8474,Chennai,South,2026-02-16,96.0,56.2,94.4
8475,Chennai,South,2026-02-17,87.3,42.5,65.5
8476,Chennai,South,2026-02-18,87.4,45.8,71.3
8477,Chennai,South,2026-02-19,101.4,57.1,81.7
8478,Chennai,South,2026-02-20,73.0,35.7,65.4
8479,Chennai,South,2026-02-21,66.4,36.7,66.1
8480,Chennai,South,2026-02-22,110.5,61.0,87.9
8481,Chennai,South,2026-02-23,88.5,44.2,85.6
8482,Chennai,South,2026-02-24,104.1,59.2,92.1
8483,Chennai,South,2026-02-25,67.6,35.0,72.8
8484,Chennai,South,2026-02-26,78.0,42.3,66.8
8485,Chennai,South,2026-02-27,105.3,52.6,89.4
8486,Chennai,South,2026-02-28,114.7,58.7,104.3
8487,Chennai,South,2026-03-01,72.6,44.6,59.5
8488,Chennai,South,2026-03-02,83.9,46.9,83.0
8489,Chennai,South,2026-03-03,74.7,41.9,68.8
8490,Chennai,South,2026-03-04,97.3,55.7,70.5
8491,Chennai,South,2026-03-05,94.4,56.1,89.2
8492,Chennai,South,2026-03-06,80.9,50.4,60.2
8493,Chennai,South,2026-03-07,94.8,50.6,63.2
8494,Chennai,South,2026-03-08,107.2,65.1,93.1
8495,Chennai,South,2026-03-09,90.6,57.5,78.2
8496,Chennai,South,2026-03-10,94.9,53.4,82.3
8497,Chennai,South,2026-03-11,107.6,58.9,90.4
8498,Chennai,South,2026-03-12,76.6,46.4,58.8
8499,Chennai,South,2026-03-13,102.8,53.7,87.5
8500,Chennai,South,2026-03-14,103.8,62.3,88.5
8501,Chennai,South,2026-03-15,100.0,54.5,77.5
8502,Chennai,South,2026-03-16,71.1,41.5,61.3
8503,Chennai,South,2026-03-17,90.1,33.1,84.7
8504,Chennai,South,2026-03-18,97.0,47.9,74.4
8505,Chennai,South,2026-03-19,94.1,51.4,83.7
8506,Chennai,South,2026-03-20,110.6,60.4,90.2
8507,Chennai,South,2026-03-21,85.3,45.7,63.2
8508,Chennai,South,2026-03-22,101.7,55.4,78.2
8509,Chennai,South,2026-03-23,93.3,53.3,95.5
8510,Chennai,South,2026-03-24,,,
8511,Chennai,South,2026-03-25,88.1,51.7,70.1
8512,Chennai,South,2026-03-26,110.9,64.4,97.5
8513,Chennai,South,2026-03-27,75.5,40.4,67.7
8514,Chennai,South,2026-03-28,81.7,48.2,65.6
8515,Chennai,South,2026-03-29,97.3,51.9,91.1
8516,Chennai,South,2026-03-30,77.0,43.5,61.2
8517,Chennai,South,2026-03-31,95.5,55.0,69.5
8518,Chennai,South,2026-04-01,77.3,46.9,67.3
8519,Chennai,South,2026-04-02,61.0,35.7,53.8
8520,Chennai,South,2026-04-03,76.2,43.0,59.2
8521,Chennai,South,2026-04-04,73.1,29.6,62.0
8522,Chennai,South,2026-04-05,66.7,33.9,56.6
8523,Chennai,South,2026-04-06,62.7,31.2,47.5
8524,Chennai,South,2026-04-07,54.4,23.5,47.3
8525,Chennai,South,2026-04-08,58.2,37.7,49.7
8526,Chennai,South,2026-04-09,65.4,35.4,55.0
8527,Chennai,South,2026-04-10,63.4,31.0,51.1
8528,Chennai,South,2026-04-11,88.4,51.8,79.3
8529,Chennai,South,2026-04-12,87.2,52.1,69.8
8530,Chennai,South,2026-04-13,82.5,46.6,67.8
8531,Chennai,South,2026-04-14,88.3,49.0,65.0
8532,Chennai,South,2026-04-15,76.0,35.8,59.8
8533,Chennai,South,2026-04-16,60.3,36.0,58.1
8534,Chennai,South,2026-04-17,69.1,31.9,55.7
8535,Chennai,South,2026-04-18,59.8,32.4,49.5
8536,Chennai,South,2026-04-19,76.3,44.9,66.7
8537,Chennai,South,2026-04-20,71.1,32.7,69.0
8538,Chennai,South,2026-04-21,60.8,27.9,46.8
8539,Chennai,South,2026-04-22,45.2,27.6,36.4
8540,Chennai,South,2026-04-23,84.3,50.9,81.9
8541,Chennai,South,2026-04-24,55.4,31.3,50.6
8542,Chennai,South,2026-04-25,67.0,39.0,58.3
8543,Chennai,South,2026-04-26,61.9,34.0,53.1
8544,Chennai,South,2026-04-27,43.5,25.0,30.1
8545,Chennai,South,2026-04-28,58.4,32.7,49.4
8546,Chennai,South,2026-04-29,84.3,47.4,60.3
8547,Chennai,South,2026-04-30,65.2,37.0,48.8
8548,Chennai,South,2026-05-01,79.2,42.2,69.4
8549,Chennai,South,2026-05-02,55.8,30.4,47.1
8550,Chennai,South,2026-05-03,76.5,48.5,55.8
8551,Chennai,South,2026-05-04,83.4,47.4,78.9
8552,Chennai,South,2026-05-05,79.6,46.1,74.5
8553,Chennai,South,2026-05-06,63.6,27.7,49.1
8554,Chennai,South,2026-05-07,62.6,38.0,49.7
8555,Chennai,South,2026-05-08,58.8,34.5,51.9
8556,Chennai,South,2026-05-09,71.3,39.9,56.9
8557,Chennai,South,2026-05-10,88.0,43.9,82.8
8558,Chennai,South,2026-05-11,54.1,32.1,41.4
8559,Chennai,South,2026-05-12,60.5,30.5,48.7
8560,Chennai,South,2026-05-13,90.0,44.8,76.1
8561,Chennai,South,2026-05-14,77.8,43.3,55.9
8562,Chennai,South,2026-05-15,60.4,38.5,40.2
8563,Chennai,South,2026-05-16,57.3,28.2,57.2
8564,Chennai,South,2026-05-17,73.7,41.8,62.4
8565,Chennai,South,2026-05-18,55.6,33.7,48.1
8566,Chennai,South,2026-05-19,60.2,36.9,47.5
8567,Chennai,South,2026-05-20,53.1,30.9,42.3
8568,Chennai,South,2026-05-21,62.2,36.9,46.4
8569,Chennai,South,2026-05-22,61.2,38.9,59.7
8570,Chennai,South,2026-05-23,94.2,57.5,75.2
8571,Chennai,South,2026-05-24,64.2,35.7,61.5
8572,Chennai,South,2026-05-25,66.7,38.7,70.6
8573,Chennai,South,2026-05-26,67.4,34.5,55.2
8574,Chennai,South,2026-05-27,61.9,36.5,41.2
8575,Chennai,South,2026-05-28,,,
8576,Chennai,South,2026-05-29,69.8,40.1,54.5
8577,Chennai,South,2026-05-30,91.1,52.5,79.7
8578,Chennai,South,2026-05-31,63.3,37.1,56.9
8579,Chennai,South,2026-06-01,24.6,11.9,20.0
8580,Chennai,South,2026-06-02,48.1,26.9,46.6
8581,Chennai,South,2026-06-03,75.6,48.8,64.3
8582,Chennai,South,2026-06-04,57.5,34.2,50.5
8583,Chennai,South,2026-06-05,47.7,20.3,45.1
8584,Chennai,South,2026-06-06,64.4,38.8,51.7
8585,Chennai,South,2026-06-07,54.4,24.5,42.3
8586,Chennai,South,2026-06-08,42.5,24.1,25.7
8587,Chennai,South,2026-06-09,66.3,28.7,53.5
8588,Chennai,South,2026-06-10,61.7,35.1,56.5
8589,Chennai,South,2026-06-11,52.7,37.7,40.0
8590,Chennai,South,2026-06-12,43.2,23.1,26.9
8591,Chennai,South,2026-06-13,59.7,38.3,55.5
8592,Chennai,South,2026-06-14,24.5,15.1,27.7
8593,Chennai,South,2026-06-15,35.9,21.6,33.8
8594,Chennai,South,2026-06-16,49.9,31.4,40.3
8595,Chennai,South,2026-06-17,40.8,22.2,25.3
8596,Chennai,South,2026-06-18,47.2,26.7,36.0
8597,Chennai,South,2026-06-19,42.7,22.4,36.6
8598,Chennai,South,2026-06-20,47.9,23.8,50.3
8599,Chennai,South,2026-06-21,49.0,28.2,38.6
8600,Chennai,South,2026-06-22,45.6,26.1,43.6
8601,Chennai,South,2026-06-23,34.8,25.0,24.4
8602,Chennai,South,2026-06-24,66.4,33.1,53.1
8603,Chennai,South,2026-06-25,38.0,23.2,34.0
8604,Chennai,South,2026-06-26,62.2,34.2,60.2
8605,Chennai,South,2026-06-27,38.7,21.6,26.5
8606,Chennai,South,2026-06-28,75.8,41.9,61.3
8607,Chennai,South,2026-06-29,42.4,23.6,32.5
8608,Chennai,South,2026-06-30,37.7,20.9,21.8
8609,Chennai,South,2026-07-01,28.0,18.8,26.1
8610,Chennai,South,2026-07-02,46.6,21.6,43.8
8611,Chennai,South,2026-07-03,56.1,33.2,56.5
8612,Chennai,South,2026-07-04,47.4,28.0,40.9
8613,Chennai,South,2026-07-05,39.0,21.8,37.9
8614,Chennai,South,2026-07-06,38.4,19.4,37.3
8615,Chennai,South,2026-07-07,43.7,26.7,32.9
8616,Chennai,South,2026-07-08,45.0,23.5,37.6
8617,Chennai,South,2026-07-09,36.7,25.7,32.5
8618,Chennai,South,2026-07-10,41.1,28.1,30.2
8619,Chennai,South,2026-07-11,39.0,24.4,35.3
8620,Chennai,South,2026-07-12,48.9,28.9,43.0
8621,Chennai,South,2026-07-13,36.4,25.9,39.2
8622,Chennai,South,2026-07-14,57.1,28.5,45.7
8623,Chennai,South,2026-07-15,60.3,30.9,49.6
8624,Chennai,South,2026-07-16,44.2,23.0,38.6
8625,Chennai,South,2026-07-17,21.1,8.8,8.0
8626,Chennai,South,2026-07-18,44.1,26.1,33.2
8627,Chennai,South,2026-07-19,47.8,28.2,44.7
8628,Chennai,South,2026-07-20,46.3,26.6,48.2
8629,Chennai,South,2026-07-21,45.3,28.5,37.1
8630,Chennai,South,2026-07-22,37.3,19.8,44.0
8631,Chennai,South,2026-07-23,19.6,12.4,11.3
8632,Chennai,South,2026-07-24,32.6,13.0,28.6
8633,Chennai,South,2026-07-25,49.0,24.6,50.2
8634,Chennai,South,2026-07-26,24.8,17.2,17.7
8635,Chennai,South,2026-07-27,,,
8636,Chennai,South,2026-07-28,40.0,15.1,32.3
8637,Chennai,South,2026-07-29,44.2,14.2,39.4
8638,Chennai,South,2026-07-30,61.5,28.1,59.4
8639,Chennai,South,2026-07-31,37.5,20.8,27.4
8640,Chennai,South,2026-08-01,22.5,5.4,28.6
8641,Chennai,South,2026-08-02,34.7,27.1,24.5
8642,Chennai,South,2026-08-03,41.4,25.4,28.6
8643,Chennai,South,2026-08-04,56.3,34.7,55.5
8644,Chennai,South,2026-08-05,45.1,26.4,32.5
8645,Chennai,South,2026-08-06,64.2,39.2,51.9
8646,Chennai,South,2026-08-07,66.0,33.5,61.0
8647,Chennai,South,2026-08-08,56.8,34.4,40.9
8648,Chennai,South,2026-08-09,29.7,16.4,26.8
8649,Chennai,South,2026-08-10,54.3,29.4,29.0
8650,Chennai,South,2026-08-11,34.1,19.1,17.3
8651,Chennai,South,2026-08-12,41.9,32.9,35.1
8652,Chennai,South,2026-08-13,36.3,22.7,24.5
8653,Chennai,South,2026-08-14,41.1,22.8,23.2
8654,Chennai,South,2026-08-15,52.3,28.7,44.5
8655,Chennai,South,2026-08-16,39.7,24.6,33.0
8656,Chennai,South,2026-08-17,30.8,18.1,26.8
8657,Chennai,South,2026-08-18,31.9,16.2,36.7
8658,Chennai,South,2026-08-19,33.3,18.6,28.9
8659,Bengaluru,South,2024-01-01,52.6,23.2,48.2
8660,Bengaluru,South,2024-01-02,65.8,33.9,53.3
8661,Bengaluru,South,2024-01-03,55.3,39.6,46.7
8662,Bengaluru,South,2024-01-04,55.5,27.9,49.2
8663,Bengaluru,South,2024-01-05,50.5,24.4,40.7
8664,Bengaluru,South,2024-01-06,51.4,26.0,49.3
8665,Bengaluru,South,2024-01-07,64.8,34.8,53.8
8666,Bengaluru,South,2024-01-08,83.5,41.6,64.2
8667,Bengaluru,South,2024-01-09,58.7,27.3,54.8
8668,Bengaluru,South,2024-01-10,75.7,38.9,65.4
8669,Bengaluru,South,2024-01-11,70.3,38.7,49.5
8670,Bengaluru,South,2024-01-12,84.7,43.4,64.8
8671,Bengaluru,South,2024-01-13,,,
8672,Bengaluru,South,2024-01-14,60.1,35.3,44.3
8673,Bengaluru,South,2024-01-15,73.0,41.9,59.1
8674,Bengaluru,South,2024-01-16,57.4,28.6,44.7
8675,Bengaluru,South,2024-01-17,80.1,49.1,72.5
8676,Bengaluru,South,2024-01-18,52.1,28.3,38.4
8677,Bengaluru,South,2024-01-19,64.4,35.9,61.6
8678,Bengaluru,South,2024-01-20,75.9,44.0,62.5
8679,Bengaluru,South,2024-01-21,88.4,46.7,76.6
8680,Bengaluru,South,2024-01-22,68.1,34.8,60.6
8681,Bengaluru,South,2024-01-23,71.6,35.6,64.5
8682,Bengaluru,South,2024-01-24,85.0,48.4,69.2
8683,Bengaluru,South,2024-01-25,88.1,51.5,80.0
8684,Bengaluru,South,2024-01-26,73.9,40.3,55.7
8685,Bengaluru,South,2024-01-27,60.5,31.9,51.1
8686,Bengaluru,South,2024-01-28,65.9,38.6,56.9
8687,Bengaluru,South,2024-01-29,54.9,27.4,46.6
8688,Bengaluru,South,2024-01-30,53.2,23.2,39.9
8689,Bengaluru,South,2024-01-31,58.6,40.3,44.4
8690,Bengaluru,South,2024-02-01,58.1,32.1,52.8
8691,Bengaluru,South,2024-02-02,65.9,38.3,55.7
8692,Bengaluru,South,2024-02-03,63.7,31.7,66.0
8693,Bengaluru,South,2024-02-04,68.8,34.7,58.5
8694,Bengaluru,South,2024-02-05,61.4,33.8,50.8
8695,Bengaluru,South,2024-02-06,57.0,25.4,33.9
8696,Bengaluru,South,2024-02-07,50.9,31.0,42.7
8697,Bengaluru,South,2024-02-08,70.1,30.6,58.3
8698,Bengaluru,South,2024-02-09,68.7,34.1,54.0
8699,Bengaluru,South,2024-02-10,54.6,28.8,46.0
8700,Bengaluru,South,2024-02-11,45.6,18.5,39.3
8701,Bengaluru,South,2024-02-12,52.0,27.1,53.8
8702,Bengaluru,South,2024-02-13,54.2,27.0,36.4
8703,Bengaluru,South,2024-02-14,67.8,36.1,42.2
8704,Bengaluru,South,2024-02-15,50.7,28.7,36.0
8705,Bengaluru,South,2024-02-16,84.0,50.4,69.2
8706,Bengaluru,South,2024-02-17,60.8,33.5,48.6
8707,Bengaluru,South,2024-02-18,79.8,45.8,59.6
8708,Bengaluru,South,2024-02-19,77.7,39.7,67.1
8709,Bengaluru,South,2024-02-20,64.3,39.7,48.9
8710,Bengaluru,South,2024-02-21,54.5,26.4,43.9
8711,Bengaluru,South,2024-02-22,,,
8712,Bengaluru,South,2024-02-23,52.7,28.6,34.2
8713,Bengaluru,South,2024-02-24,71.9,40.6,61.1
8714,Bengaluru,South,2024-02-25,80.4,55.1,68.0
8715,Bengaluru,South,2024-02-26,53.1,25.1,31.6
8716,Bengaluru,South,2024-02-27,61.3,36.8,46.1
8717,Bengaluru,South,2024-02-28,60.7,36.0,44.4
8718,Bengaluru,South,2024-02-29,53.0,29.3,43.2
8719,Bengaluru,South,2024-03-01,,,
8720,Bengaluru,South,2024-03-02,38.3,23.3,29.5
8721,Bengaluru,South,2024-03-03,45.4,22.7,31.0
8722,Bengaluru,South,2024-03-04,61.5,29.5,56.3
8723,Bengaluru,South,2024-03-05,79.4,44.1,71.0
8724,Bengaluru,South,2024-03-06,77.0,48.4,59.0
8725,Bengaluru,South,2024-03-07,62.4,36.3,57.0
8726,Bengaluru,South,2024-03-08,58.5,28.4,54.7
8727,Bengaluru,South,2024-03-09,43.3,16.9,30.6
8728,Bengaluru,South,2024-03-10,54.1,30.2,47.0
8729,Bengaluru,South,2024-03-11,67.3,42.2,63.4
8730,Bengaluru,South,2024-03-12,49.6,27.8,41.5
8731,Bengaluru,South,2024-03-13,45.3,27.9,35.2
8732,Bengaluru,South,2024-03-14,42.5,24.6,38.7
8733,Bengaluru,South,2024-03-15,65.1,40.3,50.5
8734,Bengaluru,South,2024-03-16,54.4,27.1,55.5
8735,Bengaluru,South,2024-03-17,59.0,31.6,47.0
8736,Bengaluru,South,2024-03-18,70.8,37.3,57.0
8737,Bengaluru,South,2024-03-19,85.7,47.3,74.4
8738,Bengaluru,South,2024-03-20,55.2,25.4,46.9
8739,Bengaluru,South,2024-03-21,61.2,38.5,52.2
8740,Bengaluru,South,2024-03-22,,,
8741,Bengaluru,South,2024-03-23,,,
8742,Bengaluru,South,2024-03-24,65.1,35.7,61.0
8743,Bengaluru,South,2024-03-25,45.2,28.2,43.1
8744,Bengaluru,South,2024-03-26,69.9,40.8,62.7
8745,Bengaluru,South,2024-03-27,,,
8746,Bengaluru,South,2024-03-28,67.4,34.8,55.6
8747,Bengaluru,South,2024-03-29,62.5,31.6,53.6
8748,Bengaluru,South,2024-03-30,59.6,32.2,56.6
8749,Bengaluru,South,2024-03-31,39.2,19.5,41.7
8750,Bengaluru,South,2024-04-01,47.6,27.7,41.6
8751,Bengaluru,South,2024-04-02,30.9,17.7,26.7
8752,Bengaluru,South,2024-04-03,46.0,25.8,34.6
8753,Bengaluru,South,2024-04-04,67.3,30.1,45.8
8754,Bengaluru,South,2024-04-05,47.3,21.4,49.3
8755,Bengaluru,South,2024-04-06,34.2,22.1,20.9
8756,Bengaluru,South,2024-04-07,37.4,25.7,39.8
8757,Bengaluru,South,2024-04-08,30.8,10.0,34.2
8758,Bengaluru,South,2024-04-09,41.2,23.8,37.2
8759,Bengaluru,South,2024-04-10,57.1,32.2,51.1
8760,Bengaluru,South,2024-04-11,37.8,15.1,25.3
8761,Bengaluru,South,2024-04-12,45.8,28.5,30.8
8762,Bengaluru,South,2024-04-13,34.2,19.4,29.4
8763,Bengaluru,South,2024-04-14,55.2,29.2,49.8
8764,Bengaluru,South,2024-04-15,35.0,11.6,42.0
8765,Bengaluru,South,2024-04-16,36.3,18.0,39.3
8766,Bengaluru,South,2024-04-17,66.9,41.7,55.1
8767,Bengaluru,South,2024-04-18,37.5,21.0,32.0
8768,Bengaluru,South,2024-04-19,50.3,32.5,42.1
8769,Bengaluru,South,2024-04-20,36.7,17.7,27.8
8770,Bengaluru,South,2024-04-21,36.1,18.0,38.7
8771,Bengaluru,South,2024-04-22,59.6,36.2,47.0
8772,Bengaluru,South,2024-04-23,33.0,20.2,30.7
8773,Bengaluru,South,2024-04-24,41.4,20.9,31.9
8774,Bengaluru,South,2024-04-25,54.7,26.9,45.0
8775,Bengaluru,South,2024-04-26,22.0,10.9,20.8
8776,Bengaluru,South,2024-04-27,41.9,16.1,35.2
8777,Bengaluru,South,2024-04-28,42.7,28.8,35.3
8778,Bengaluru,South,2024-04-29,64.1,34.3,50.9
8779,Bengaluru,South,2024-04-30,43.1,24.5,36.6
8780,Bengaluru,South,2024-05-01,40.9,18.9,35.9
8781,Bengaluru,South,2024-05-02,49.6,26.9,39.9
8782,Bengaluru,South,2024-05-03,41.7,19.2,36.3
8783,Bengaluru,South,2024-05-04,55.1,34.6,44.8
8784,Bengaluru,South,2024-05-05,36.7,15.9,34.0
8785,Bengaluru,South,2024-05-06,42.3,23.9,34.2
8786,Bengaluru,South,2024-05-07,36.6,17.2,19.5
8787,Bengaluru,South,2024-05-08,,,
8788,Bengaluru,South,2024-05-09,54.2,29.0,38.7
8789,Bengaluru,South,2024-05-10,47.0,24.3,46.3
8790,Bengaluru,South,2024-05-11,40.3,21.6,39.2
8791,Bengaluru,South,2024-05-12,52.7,25.4,42.0
8792,Bengaluru,South,2024-05-13,37.7,22.0,30.5
8793,Bengaluru,South,2024-05-14,48.6,26.9,44.2
8794,Bengaluru,South,2024-05-15,28.6,18.0,33.9
8795,Bengaluru,South,2024-05-16,55.2,35.1,43.0
8796,Bengaluru,South,2024-05-17,55.4,31.4,45.9
8797,Bengaluru,South,2024-05-18,76.6,38.0,71.3
8798,Bengaluru,South,2024-05-19,,,
8799,Bengaluru,South,2024-05-20,53.3,33.8,44.5
8800,Bengaluru,South,2024-05-21,45.4,21.4,42.3
8801,Bengaluru,South,2024-05-22,54.2,26.5,49.6
8802,Bengaluru,South,2024-05-23,34.0,23.2,29.6
8803,Bengaluru,South,2024-05-24,33.7,18.9,33.8
8804,Bengaluru,South,2024-05-25,54.5,31.4,40.0
8805,Bengaluru,South,2024-05-26,39.8,28.4,34.5
8806,Bengaluru,South,2024-05-27,57.1,31.1,54.8
8807,Bengaluru,South,2024-05-28,37.3,20.5,36.7
8808,Bengaluru,South,2024-05-29,62.9,35.2,62.0
8809,Bengaluru,South,2024-05-30,51.2,29.5,40.9
8810,Bengaluru,South,2024-05-31,44.2,20.1,39.5
8811,Bengaluru,South,2024-06-01,27.8,16.2,20.7
8812,Bengaluru,South,2024-06-02,31.3,26.7,26.3
8813,Bengaluru,South,2024-06-03,37.6,22.7,24.5
8814,Bengaluru,South,2024-06-04,36.5,14.2,37.3
8815,Bengaluru,South,2024-06-05,24.9,11.7,17.4
8816,Bengaluru,South,2024-06-06,15.0,8.0,10.8
8817,Bengaluru,South,2024-06-07,46.3,26.6,32.2
8818,Bengaluru,South,2024-06-08,45.0,23.5,41.1
8819,Bengaluru,South,2024-06-09,35.4,17.2,19.7
8820,Bengaluru,South,2024-06-10,15.0,6.2,18.0
8821,Bengaluru,South,2024-06-11,36.5,23.0,21.9
8822,Bengaluru,South,2024-06-12,15.0,8.7,8.0
8823,Bengaluru,South,2024-06-13,41.2,23.1,41.5
8824,Bengaluru,South,2024-06-14,,,
8825,Bengaluru,South,2024-06-15,19.8,17.6,9.5
8826,Bengaluru,South,2024-06-16,33.4,14.7,18.8
8827,Bengaluru,South,2024-06-17,48.2,19.7,36.5
8828,Bengaluru,South,2024-06-18,36.6,26.5,30.8
8829,Bengaluru,South,2024-06-19,15.0,7.5,15.4
8830,Bengaluru,South,2024-06-20,23.3,10.6,26.1
8831,Bengaluru,South,2024-06-21,42.6,22.5,40.8
8832,Bengaluru,South,2024-06-22,29.7,8.3,29.7
8833,Bengaluru,South,2024-06-23,15.8,5.0,15.9
8834,Bengaluru,South,2024-06-24,36.4,21.1,35.1
8835,Bengaluru,South,2024-06-25,36.8,23.1,32.3
8836,Bengaluru,South,2024-06-26,37.2,14.2,28.2
8837,Bengaluru,South,2024-06-27,44.9,32.2,46.5
8838,Bengaluru,South,2024-06-28,29.6,12.8,23.4
8839,Bengaluru,South,2024-06-29,37.3,19.2,32.0
8840,Bengaluru,South,2024-06-30,52.7,32.1,53.3
8841,Bengaluru,South,2024-07-01,15.0,9.2,17.9
8842,Bengaluru,South,2024-07-02,34.1,17.2,35.5
8843,Bengaluru,South,2024-07-03,18.7,9.0,18.9
8844,Bengaluru,South,2024-07-04,26.2,12.3,16.6
8845,Bengaluru,South,2024-07-05,46.9,21.6,38.4
8846,Bengaluru,South,2024-07-06,22.8,11.2,21.6
8847,Bengaluru,South,2024-07-07,16.1,13.4,8.0
8848,Bengaluru,South,2024-07-08,30.5,23.6,28.1
8849,Bengaluru,South,2024-07-09,54.9,28.4,48.2
8850,Bengaluru,South,2024-07-10,15.0,5.9,21.1
8851,Bengaluru,South,2024-07-11,36.2,21.6,32.0
8852,Bengaluru,South,2024-07-12,29.2,12.5,27.8
8853,Bengaluru,South,2024-07-13,15.0,8.4,18.1
8854,Bengaluru,South,2024-07-14,24.3,11.6,23.5
8855,Bengaluru,South,2024-07-15,18.8,9.8,8.1
8856,Bengaluru,South,2024-07-16,40.8,24.2,37.3
8857,Bengaluru,South,2024-07-17,21.6,15.5,22.6
8858,Bengaluru,South,2024-07-18,29.1,10.0,25.4
8859,Bengaluru,South,2024-07-19,21.3,6.1,22.6
8860,Bengaluru,South,2024-07-20,30.0,17.1,28.0
8861,Bengaluru,South,2024-07-21,16.9,5.0,18.2
8862,Bengaluru,South,2024-07-22,19.5,12.4,16.3
8863,Bengaluru,South,2024-07-23,31.8,18.4,26.8
8864,Bengaluru,South,2024-07-24,15.0,5.0,15.3
8865,Bengaluru,South,2024-07-25,15.0,8.7,16.6
8866,Bengaluru,South,2024-07-26,15.6,5.0,8.0
8867,Bengaluru,South,2024-07-27,15.8,12.0,15.7
8868,Bengaluru,South,2024-07-28,21.4,10.4,18.1
8869,Bengaluru,South,2024-07-29,30.9,21.7,30.8
8870,Bengaluru,South,2024-07-30,31.6,20.7,25.0
8871,Bengaluru,South,2024-07-31,40.4,23.3,28.4
8872,Bengaluru,South,2024-08-01,32.4,21.0,25.3
8873,Bengaluru,South,2024-08-02,18.4,21.4,15.2
8874,Bengaluru,South,2024-08-03,18.1,5.0,22.5
8875,Bengaluru,South,2024-08-04,42.2,22.4,43.4
8876,Bengaluru,South,2024-08-05,41.1,15.9,36.9
8877,Bengaluru,South,2024-08-06,45.0,25.3,41.3
8878,Bengaluru,South,2024-08-07,42.2,29.5,38.8
8879,Bengaluru,South,2024-08-08,39.7,24.0,25.5
8880,Bengaluru,South,2024-08-09,42.7,26.0,26.8
8881,Bengaluru,South,2024-08-10,,,
8882,Bengaluru,South,2024-08-11,38.3,22.0,41.8
8883,Bengaluru,South,2024-08-12,37.0,25.3,24.4
8884,Bengaluru,South,2024-08-13,27.9,11.2,25.3
8885,Bengaluru,South,2024-08-14,26.4,12.9,24.1
8886,Bengaluru,South,2024-08-15,34.7,12.8,24.1
8887,Bengaluru,South,2024-08-16,17.8,8.0,22.8
8888,Bengaluru,South,2024-08-17,51.7,25.9,38.0
8889,Bengaluru,South,2024-08-18,43.3,25.3,41.7
8890,Bengaluru,South,2024-08-19,38.2,27.4,33.3
8891,Bengaluru,South,2024-08-20,,,
8892,Bengaluru,South,2024-08-21,27.8,19.4,22.1
8893,Bengaluru,South,2024-08-22,46.5,27.4,38.6
8894,Bengaluru,South,2024-08-23,25.6,10.6,24.8
8895,Bengaluru,South,2024-08-24,65.5,38.2,56.8
8896,Bengaluru,South,2024-08-25,36.7,26.0,31.7
8897,Bengaluru,South,2024-08-26,27.8,10.0,15.0
8898,Bengaluru,South,2024-08-27,34.6,19.0,20.0
8899,Bengaluru,South,2024-08-28,22.4,14.5,15.7
8900,Bengaluru,South,2024-08-29,17.2,13.8,15.9
8901,Bengaluru,South,2024-08-30,34.2,17.8,26.3
8902,Bengaluru,South,2024-08-31,17.3,10.6,12.1
8903,Bengaluru,South,2024-09-01,43.0,26.9,37.3
8904,Bengaluru,South,2024-09-02,38.1,23.5,27.2
8905,Bengaluru,South,2024-09-03,22.6,14.6,22.4
8906,Bengaluru,South,2024-09-04,35.6,20.8,32.7
8907,Bengaluru,South,2024-09-05,37.1,22.8,24.3
8908,Bengaluru,South,2024-09-06,34.3,21.5,31.8
8909,Bengaluru,South,2024-09-07,41.8,27.3,39.0
8910,Bengaluru,South,2024-09-08,38.1,23.1,35.9
8911,Bengaluru,South,2024-09-09,15.0,6.1,21.4
8912,Bengaluru,South,2024-09-10,29.7,17.9,29.7
8913,Bengaluru,South,2024-09-11,37.8,21.3,30.2
8914,Bengaluru,South,2024-09-12,30.0,18.1,18.5
8915,Bengaluru,South,2024-09-13,26.0,16.5,25.5
8916,Bengaluru,South,2024-09-14,36.2,18.9,29.1
8917,Bengaluru,South,2024-09-15,15.0,8.5,21.8
8918,Bengaluru,South,2024-09-16,41.0,16.4,35.7
8919,Bengaluru,South,2024-09-17,25.2,15.9,19.8
8920,Bengaluru,South,2024-09-18,28.4,17.7,31.6
8921,Bengaluru,South,2024-09-19,15.0,8.3,18.3
8922,Bengaluru,South,2024-09-20,52.8,24.7,50.5
8923,Bengaluru,South,2024-09-21,34.4,20.7,28.5
8924,Bengaluru,South,2024-09-22,26.9,13.7,30.7
8925,Bengaluru,South,2024-09-23,25.6,5.9,25.2
8926,Bengaluru,South,2024-09-24,28.3,11.0,28.8
8927,Bengaluru,South,2024-09-25,20.8,15.0,14.2
8928,Bengaluru,South,2024-09-26,42.2,19.4,36.0
8929,Bengaluru,South,2024-09-27,26.8,15.0,18.8
8930,Bengaluru,South,2024-09-28,35.1,15.9,25.2
8931,Bengaluru,South,2024-09-29,15.0,8.1,13.8
8932,Bengaluru,South,2024-09-30,19.4,18.5,17.7
8933,Bengaluru,South,2024-10-01,55.7,27.3,47.6
8934,Bengaluru,South,2024-10-02,81.0,39.7,68.2
8935,Bengaluru,South,2024-10-03,67.4,37.2,56.7
8936,Bengaluru,South,2024-10-04,57.7,32.5,38.2
8937,Bengaluru,South,2024-10-05,74.4,45.4,64.1
8938,Bengaluru,South,2024-10-06,65.9,34.5,59.9
8939,Bengaluru,South,2024-10-07,51.7,35.4,38.7
8940,Bengaluru,South,2024-10-08,46.3,22.0,35.7
8941,Bengaluru,South,2024-10-09,61.1,32.9,47.5
8942,Bengaluru,South,2024-10-10,62.9,33.0,46.0
8943,Bengaluru,South,2024-10-11,44.6,20.9,37.8
8944,Bengaluru,South,2024-10-12,56.7,28.3,45.0
8945,Bengaluru,South,2024-10-13,70.8,45.4,55.4
8946,Bengaluru,South,2024-10-14,44.8,16.2,51.0
8947,Bengaluru,South,2024-10-15,52.8,28.9,43.0
8948,Bengaluru,South,2024-10-16,,,
8949,Bengaluru,South,2024-10-17,58.0,34.4,46.6
8950,Bengaluru,South,2024-10-18,50.5,26.3,33.6
8951,Bengaluru,South,2024-10-19,50.2,23.5,54.7
8952,Bengaluru,South,2024-10-20,47.8,33.1,42.1
8953,Bengaluru,South,2024-10-21,59.4,37.4,45.5
8954,Bengaluru,South,2024-10-22,61.7,31.9,57.6
8955,Bengaluru,South,2024-10-23,,,
8956,Bengaluru,South,2024-10-24,57.1,24.5,54.8
8957,Bengaluru,South,2024-10-25,72.7,44.4,53.3
8958,Bengaluru,South,2024-10-26,59.6,32.3,49.0
8959,Bengaluru,South,2024-10-27,73.8,42.7,65.5
8960,Bengaluru,South,2024-10-28,56.6,34.5,41.1
8961,Bengaluru,South,2024-10-29,62.3,37.1,50.3
8962,Bengaluru,South,2024-10-30,56.4,38.9,37.7
8963,Bengaluru,South,2024-10-31,65.9,33.7,51.0
8964,Bengaluru,South,2024-11-01,115.3,64.0,100.7
8965,Bengaluru,South,2024-11-02,109.8,57.1,98.0
8966,Bengaluru,South,2024-11-03,96.5,45.5,84.6
8967,Bengaluru,South,2024-11-04,106.0,57.4,84.6
8968,Bengaluru,South,2024-11-05,88.7,41.9,74.3
8969,Bengaluru,South,2024-11-06,54.8,33.8,50.6
8970,Bengaluru,South,2024-11-07,78.7,39.1,66.2
8971,Bengaluru,South,2024-11-08,89.5,47.9,64.9
8972,Bengaluru,South,2024-11-09,71.1,35.8,65.4
8973,Bengaluru,South,2024-11-10,67.0,34.9,54.6
8974,Bengaluru,South,2024-11-11,81.7,49.6,68.7
8975,Bengaluru,South,2024-11-12,66.1,39.0,58.5
8976,Bengaluru,South,2024-11-13,68.0,32.2,58.2
8977,Bengaluru,South,2024-11-14,54.9,39.1,47.0
8978,Bengaluru,South,2024-11-15,73.7,40.5,56.5
8979,Bengaluru,South,2024-11-16,77.0,49.5,69.1
8980,Bengaluru,South,2024-11-17,74.3,37.0,55.1
8981,Bengaluru,South,2024-11-18,55.6,25.8,38.1
8982,Bengaluru,South,2024-11-19,85.3,42.5,71.3
8983,Bengaluru,South,2024-11-20,62.5,32.9,50.6
8984,Bengaluru,South,2024-11-21,36.2,21.9,32.2
8985,Bengaluru,South,2024-11-22,73.0,47.6,68.1
8986,Bengaluru,South,2024-11-23,80.4,40.8,70.0
8987,Bengaluru,South,2024-11-24,68.0,34.3,47.2
8988,Bengaluru,South,2024-11-25,55.6,29.2,33.1
8989,Bengaluru,South,2024-11-26,63.6,36.5,50.9
8990,Bengaluru,South,2024-11-27,85.0,47.3,70.9
8991,Bengaluru,South,2024-11-28,74.5,40.9,70.3
8992,Bengaluru,South,2024-11-29,48.4,29.0,30.0
8993,Bengaluru,South,2024-11-30,62.2,29.4,61.8
8994,Bengaluru,South,2024-12-01,72.6,38.0,69.1
8995,Bengaluru,South,2024-12-02,,,
8996,Bengaluru,South,2024-12-03,60.2,34.5,58.2
8997,Bengaluru,South,2024-12-04,69.1,38.7,54.9
8998,Bengaluru,South,2024-12-05,62.1,33.3,55.1
8999,Bengaluru,South,2024-12-06,73.0,34.4,67.7
9000,Bengaluru,South,2024-12-07,82.3,44.4,60.7
9001,Bengaluru,South,2024-12-08,58.7,31.9,49.7
9002,Bengaluru,South,2024-12-09,81.9,52.4,76.7
9003,Bengaluru,South,2024-12-10,77.7,39.0,64.4
9004,Bengaluru,South,2024-12-11,54.7,24.7,41.0
9005,Bengaluru,South,2024-12-12,54.9,26.9,49.4
9006,Bengaluru,South,2024-12-13,71.9,31.4,63.7
9007,Bengaluru,South,2024-12-14,53.5,32.9,33.4
9008,Bengaluru,South,2024-12-15,62.9,37.4,42.2
9009,Bengaluru,South,2024-12-16,59.6,29.7,60.5
9010,Bengaluru,South,2024-12-17,73.9,39.8,59.9
9011,Bengaluru,South,2024-12-18,68.4,34.9,58.7
9012,Bengaluru,South,2024-12-19,72.0,37.2,65.0
9013,Bengaluru,South,2024-12-20,59.5,35.5,40.6
9014,Bengaluru,South,2024-12-21,54.9,29.5,38.2
9015,Bengaluru,South,2024-12-22,71.4,43.2,62.5
9016,Bengaluru,South,2024-12-23,73.0,38.3,58.8
9017,Bengaluru,South,2024-12-24,86.0,50.0,79.0
9018,Bengaluru,South,2024-12-25,63.6,35.8,48.4
9019,Bengaluru,South,2024-12-26,63.7,33.1,49.9
9020,Bengaluru,South,2024-12-27,50.3,25.1,31.5
9021,Bengaluru,South,2024-12-28,39.9,20.7,33.9
9022,Bengaluru,South,2024-12-29,74.8,30.0,63.4
9023,Bengaluru,South,2024-12-30,74.8,50.2,66.1
9024,Bengaluru,South,2024-12-31,64.2,35.7,53.2
9025,Bengaluru,South,2025-01-01,70.2,45.1,62.0
9026,Bengaluru,South,2025-01-02,,,
9027,Bengaluru,South,2025-01-03,57.0,36.0,51.5
9028,Bengaluru,South,2025-01-04,70.9,37.5,60.6
9029,Bengaluru,South,2025-01-05,73.3,38.7,58.3
9030,Bengaluru,South,2025-01-06,62.8,33.8,43.7
9031,Bengaluru,South,2025-01-07,65.0,36.0,52.0
9032,Bengaluru,South,2025-01-08,52.1,26.2,43.4
9033,Bengaluru,South,2025-01-09,,,
9034,Bengaluru,South,2025-01-10,68.8,49.1,64.5
9035,Bengaluru,South,2025-01-11,64.6,40.7,58.2
9036,Bengaluru,South,2025-01-12,65.8,39.4,62.4
9037,Bengaluru,South,2025-01-13,49.8,18.3,43.6
9038,Bengaluru,South,2025-01-14,60.7,35.7,59.7
9039,Bengaluru,South,2025-01-15,72.3,42.1,57.3
9040,Bengaluru,South,2025-01-16,67.4,28.9,50.4
9041,Bengaluru,South,2025-01-17,64.8,31.7,55.6
9042,Bengaluru,South,2025-01-18,67.4,39.6,53.7
9043,Bengaluru,South,2025-01-19,69.0,34.1,66.8
9044,Bengaluru,South,2025-01-20,79.8,50.2,73.4
9045,Bengaluru,South,2025-01-21,66.9,35.3,52.3
9046,Bengaluru,South,2025-01-22,62.6,38.6,46.3
9047,Bengaluru,South,2025-01-23,82.0,40.5,58.5
9048,Bengaluru,South,2025-01-24,69.4,40.2,54.9
9049,Bengaluru,South,2025-01-25,68.2,44.3,53.2
9050,Bengaluru,South,2025-01-26,71.2,35.8,60.0
9051,Bengaluru,South,2025-01-27,45.6,30.7,45.0
9052,Bengaluru,South,2025-01-28,58.6,35.5,56.0
9053,Bengaluru,South,2025-01-29,52.4,27.4,48.1
9054,Bengaluru,South,2025-01-30,50.0,34.6,39.6
9055,Bengaluru,South,2025-01-31,73.5,31.3,57.3
9056,Bengaluru,South,2025-02-01,61.8,38.3,62.0
9057,Bengaluru,South,2025-02-02,57.4,34.8,51.3
9058,Bengaluru,South,2025-02-03,48.5,24.5,52.3
9059,Bengaluru,South,2025-02-04,,,
9060,Bengaluru,South,2025-02-05,67.4,39.5,57.4
9061,Bengaluru,South,2025-02-06,79.8,44.8,68.9
9062,Bengaluru,South,2025-02-07,87.6,53.6,65.6
9063,Bengaluru,South,2025-02-08,58.8,31.1,48.1
9064,Bengaluru,South,2025-02-09,70.7,35.9,62.2
9065,Bengaluru,South,2025-02-10,75.9,44.4,66.6
9066,Bengaluru,South,2025-02-11,64.3,38.2,54.3
9067,Bengaluru,South,2025-02-12,49.5,29.5,43.0
9068,Bengaluru,South,2025-02-13,44.5,21.1,37.2
9069,Bengaluru,South,2025-02-14,43.5,22.6,38.0
9070,Bengaluru,South,2025-02-15,67.6,40.6,59.9
9071,Bengaluru,South,2025-02-16,44.8,24.1,38.5
9072,Bengaluru,South,2025-02-17,47.4,27.1,45.5
9073,Bengaluru,South,2025-02-18,45.2,30.0,45.6
9074,Bengaluru,South,2025-02-19,74.4,43.4,68.0
9075,Bengaluru,South,2025-02-20,61.7,36.6,55.9
9076,Bengaluru,South,2025-02-21,55.1,27.2,54.2
9077,Bengaluru,South,2025-02-22,50.9,30.3,44.4
9078,Bengaluru,South,2025-02-23,51.4,27.7,44.5
9079,Bengaluru,South,2025-02-24,41.0,29.0,31.5
9080,Bengaluru,South,2025-02-25,63.6,33.1,56.7
9081,Bengaluru,South,2025-02-26,67.5,33.3,58.9
9082,Bengaluru,South,2025-02-27,58.2,27.0,53.8
9083,Bengaluru,South,2025-02-28,66.8,31.4,62.6
9084,Bengaluru,South,2025-03-01,45.8,26.7,49.5
9085,Bengaluru,South,2025-03-02,,,
9086,Bengaluru,South,2025-03-03,77.1,38.4,58.6
9087,Bengaluru,South,2025-03-04,46.4,27.6,37.9
9088,Bengaluru,South,2025-03-05,58.0,32.9,54.4
9089,Bengaluru,South,2025-03-06,22.4,17.5,16.6
9090,Bengaluru,South,2025-03-07,59.9,34.6,55.6
9091,Bengaluru,South,2025-03-08,59.5,40.3,47.6
9092,Bengaluru,South,2025-03-09,53.5,33.0,54.2
9093,Bengaluru,South,2025-03-10,40.2,27.2,28.7
9094,Bengaluru,South,2025-03-11,68.0,36.9,52.6
9095,Bengaluru,South,2025-03-12,62.3,31.7,59.2
9096,Bengaluru,South,2025-03-13,39.9,21.1,32.9
9097,Bengaluru,South,2025-03-14,59.8,29.8,49.4
9098,Bengaluru,South,2025-03-15,69.1,36.8,52.3
9099,Bengaluru,South,2025-03-16,76.5,36.4,60.1
9100,Bengaluru,South,2025-03-17,61.9,30.9,46.3
9101,Bengaluru,South,2025-03-18,50.1,32.3,52.0
9102,Bengaluru,South,2025-03-19,57.2,31.4,56.3
9103,Bengaluru,South,2025-03-20,51.9,25.0,34.8
9104,Bengaluru,South,2025-03-21,68.3,33.6,50.3
9105,Bengaluru,South,2025-03-22,66.0,40.5,58.2
9106,Bengaluru,South,2025-03-23,39.6,15.6,26.8
9107,Bengaluru,South,2025-03-24,58.0,32.9,41.2
9108,Bengaluru,South,2025-03-25,83.0,46.7,81.4
9109,Bengaluru,South,2025-03-26,72.9,41.0,66.6
9110,Bengaluru,South,2025-03-27,71.2,38.3,53.2
9111,Bengaluru,South,2025-03-28,56.9,33.8,54.2
9112,Bengaluru,South,2025-03-29,48.1,25.0,37.8
9113,Bengaluru,South,2025-03-30,55.5,28.4,54.3
9114,Bengaluru,South,2025-03-31,61.0,38.3,51.5
9115,Bengaluru,South,2025-04-01,43.8,22.5,45.4
9116,Bengaluru,South,2025-04-02,40.5,19.5,37.1
9117,Bengaluru,South,2025-04-03,28.6,14.5,32.5
9118,Bengaluru,South,2025-04-04,49.7,26.6,49.7
9119,Bengaluru,South,2025-04-05,27.2,20.0,15.8
9120,Bengaluru,South,2025-04-06,37.0,25.7,26.7
9121,Bengaluru,South,2025-04-07,45.2,19.3,39.3
9122,Bengaluru,South,2025-04-08,48.7,26.0,46.2
9123,Bengaluru,South,2025-04-09,42.9,25.3,34.1
9124,Bengaluru,South,2025-04-10,59.0,24.0,47.7
9125,Bengaluru,South,2025-04-11,46.5,24.5,38.6
9126,Bengaluru,South,2025-04-12,53.1,38.4,49.2
9127,Bengaluru,South,2025-04-13,32.3,14.1,26.7
9128,Bengaluru,South,2025-04-14,52.0,26.7,45.2
9129,Bengaluru,South,2025-04-15,35.9,15.1,29.0
9130,Bengaluru,South,2025-04-16,61.1,29.4,46.9
9131,Bengaluru,South,2025-04-17,56.5,32.7,48.0
9132,Bengaluru,South,2025-04-18,67.7,36.6,59.2
9133,Bengaluru,South,2025-04-19,51.2,32.2,64.0
9134,Bengaluru,South,2025-04-20,38.5,27.0,35.8
9135,Bengaluru,South,2025-04-21,28.9,15.5,23.9
9136,Bengaluru,South,2025-04-22,45.7,21.1,42.5
9137,Bengaluru,South,2025-04-23,44.2,22.1,36.7
9138,Bengaluru,South,2025-04-24,55.9,30.4,53.1
9139,Bengaluru,South,2025-04-25,58.5,34.1,55.9
9140,Bengaluru,South,2025-04-26,74.0,34.9,69.4
9141,Bengaluru,South,2025-04-27,41.4,23.4,36.1
9142,Bengaluru,South,2025-04-28,29.8,19.1,18.9
9143,Bengaluru,South,2025-04-29,38.7,24.8,36.8
9144,Bengaluru,South,2025-04-30,59.6,34.1,50.0
9145,Bengaluru,South,2025-05-01,52.6,29.4,48.3
9146,Bengaluru,South,2025-05-02,57.7,33.1,47.0
9147,Bengaluru,South,2025-05-03,31.3,18.5,21.3
9148,Bengaluru,South,2025-05-04,37.6,22.4,33.8
9149,Bengaluru,South,2025-05-05,41.7,28.7,25.6
9150,Bengaluru,South,2025-05-06,31.6,18.6,31.8
9151,Bengaluru,South,2025-05-07,59.3,37.6,49.1
9152,Bengaluru,South,2025-05-08,69.5,35.5,63.8
9153,Bengaluru,South,2025-05-09,39.2,23.9,32.7
9154,Bengaluru,South,2025-05-10,40.3,29.5,22.7
9155,Bengaluru,South,2025-05-11,58.9,29.7,48.6
9156,Bengaluru,South,2025-05-12,54.6,34.0,59.6
9157,Bengaluru,South,2025-05-13,47.2,24.0,33.8
9158,Bengaluru,South,2025-05-14,42.4,19.2,35.8
9159,Bengaluru,South,2025-05-15,60.8,31.3,53.1
9160,Bengaluru,South,2025-05-16,58.1,33.2,43.7
9161,Bengaluru,South,2025-05-17,50.5,32.6,45.9
9162,Bengaluru,South,2025-05-18,51.6,28.4,46.9
9163,Bengaluru,South,2025-05-19,44.0,22.0,47.3
9164,Bengaluru,South,2025-05-20,34.8,19.6,25.5
9165,Bengaluru,South,2025-05-21,34.2,23.9,25.4
9166,Bengaluru,South,2025-05-22,71.0,40.5,55.5
9167,Bengaluru,South,2025-05-23,42.7,23.2,34.7
9168,Bengaluru,South,2025-05-24,53.6,28.6,51.5
9169,Bengaluru,South,2025-05-25,42.4,22.7,37.6
9170,Bengaluru,South,2025-05-26,37.4,16.1,33.9
9171,Bengaluru,South,2025-05-27,60.8,31.0,51.9
9172,Bengaluru,South,2025-05-28,66.3,36.6,56.3
9173,Bengaluru,South,2025-05-29,39.8,25.2,35.9
9174,Bengaluru,South,2025-05-30,35.6,22.7,32.6
9175,Bengaluru,South,2025-05-31,55.2,30.5,51.2
9176,Bengaluru,South,2025-06-01,41.5,22.2,35.6
9177,Bengaluru,South,2025-06-02,34.9,16.7,24.8
9178,Bengaluru,South,2025-06-03,15.0,9.2,8.0
9179,Bengaluru,South,2025-06-04,29.2,11.8,32.0
9180,Bengaluru,South,2025-06-05,59.9,40.5,52.7
9181,Bengaluru,South,2025-06-06,41.8,26.4,42.8
9182,Bengaluru,South,2025-06-07,15.0,16.7,8.3
9183,Bengaluru,South,2025-06-08,,,
9184,Bengaluru,South,2025-06-09,28.6,14.3,24.3
9185,Bengaluru,South,2025-06-10,47.9,29.3,51.8
9186,Bengaluru,South,2025-06-11,30.8,21.4,28.2
9187,Bengaluru,South,2025-06-12,48.1,23.5,48.7
9188,Bengaluru,South,2025-06-13,63.5,34.7,55.3
9189,Bengaluru,South,2025-06-14,18.4,10.2,14.4
9190,Bengaluru,South,2025-06-15,27.3,18.3,23.1
9191,Bengaluru,South,2025-06-16,34.7,24.4,26.6
9192,Bengaluru,South,2025-06-17,47.6,22.4,30.9
9193,Bengaluru,South,2025-06-18,,,
9194,Bengaluru,South,2025-06-19,49.9,23.1,32.6
9195,Bengaluru,South,2025-06-20,37.9,28.7,24.0
9196,Bengaluru,South,2025-06-21,29.1,16.8,12.0
9197,Bengaluru,South,2025-06-22,38.2,22.8,31.1
9198,Bengaluru,South,2025-06-23,32.8,10.1,26.1
9199,Bengaluru,South,2025-06-24,33.9,14.8,24.7
9200,Bengaluru,South,2025-06-25,36.7,27.8,40.1
9201,Bengaluru,South,2025-06-26,44.9,26.4,36.5
9202,Bengaluru,South,2025-06-27,16.5,8.5,8.0
9203,Bengaluru,South,2025-06-28,23.1,11.7,19.8
9204,Bengaluru,South,2025-06-29,29.6,18.1,28.2
9205,Bengaluru,South,2025-06-30,,,
9206,Bengaluru,South,2025-07-01,15.0,5.0,8.0
9207,Bengaluru,South,2025-07-02,31.1,16.3,27.6
9208,Bengaluru,South,2025-07-03,40.1,20.8,37.1
9209,Bengaluru,South,2025-07-04,39.1,25.5,18.1
9210,Bengaluru,South,2025-07-05,18.5,14.2,23.0
9211,Bengaluru,South,2025-07-06,15.0,6.8,11.3
9212,Bengaluru,South,2025-07-07,24.9,16.2,25.4
9213,Bengaluru,South,2025-07-08,41.2,29.5,43.2
9214,Bengaluru,South,2025-07-09,39.9,25.1,40.0
9215,Bengaluru,South,2025-07-10,28.2,12.1,21.8
9216,Bengaluru,South,2025-07-11,37.1,19.8,29.7
9217,Bengaluru,South,2025-07-12,24.8,11.2,16.3
9218,Bengaluru,South,2025-07-13,21.8,7.2,17.2
9219,Bengaluru,South,2025-07-14,49.3,26.8,51.6
9220,Bengaluru,South,2025-07-15,32.4,16.0,28.0
9221,Bengaluru,South,2025-07-16,49.9,33.1,39.4
9222,Bengaluru,South,2025-07-17,35.4,24.9,33.2
9223,Bengaluru,South,2025-07-18,24.6,8.7,16.1
9224,Bengaluru,South,2025-07-19,15.0,5.0,12.0
9225,Bengaluru,South,2025-07-20,24.8,19.5,22.2
9226,Bengaluru,South,2025-07-21,48.3,28.8,46.8
9227,Bengaluru,South,2025-07-22,48.3,27.1,37.0
9228,Bengaluru,South,2025-07-23,24.1,14.1,38.1
9229,Bengaluru,South,2025-07-24,31.7,13.6,29.8
9230,Bengaluru,South,2025-07-25,40.8,21.1,38.5
9231,Bengaluru,South,2025-07-26,15.0,7.9,21.7
9232,Bengaluru,South,2025-07-27,26.5,10.1,12.7
9233,Bengaluru,South,2025-07-28,15.0,13.0,11.4
9234,Bengaluru,South,2025-07-29,58.9,37.0,61.1
9235,Bengaluru,South,2025-07-30,15.0,11.0,20.0
9236,Bengaluru,South,2025-07-31,32.6,18.1,21.9
9237,Bengaluru,South,2025-08-01,15.0,9.7,13.4
9238,Bengaluru,South,2025-08-02,29.7,17.1,24.4
9239,Bengaluru,South,2025-08-03,,,
9240,Bengaluru,South,2025-08-04,49.0,27.9,52.6
9241,Bengaluru,South,2025-08-05,31.8,16.7,25.3
9242,Bengaluru,South,2025-08-06,28.0,17.3,29.1
9243,Bengaluru,South,2025-08-07,33.6,17.7,30.1
9244,Bengaluru,South,2025-08-08,26.4,8.6,19.9
9245,Bengaluru,South,2025-08-09,35.1,19.8,36.9
9246,Bengaluru,South,2025-08-10,25.2,18.1,21.9
9247,Bengaluru,South,2025-08-11,33.1,23.5,22.3
9248,Bengaluru,South,2025-08-12,20.9,16.6,24.2
9249,Bengaluru,South,2025-08-13,39.1,19.1,18.2
9250,Bengaluru,South,2025-08-14,18.6,5.0,19.6
9251,Bengaluru,South,2025-08-15,21.2,5.0,22.5
9252,Bengaluru,South,2025-08-16,21.5,13.0,20.8
9253,Bengaluru,South,2025-08-17,39.6,28.2,30.1
9254,Bengaluru,South,2025-08-18,15.0,9.0,8.0
9255,Bengaluru,South,2025-08-19,19.9,8.1,24.9
9256,Bengaluru,South,2025-08-20,40.4,19.4,41.8
9257,Bengaluru,South,2025-08-21,49.7,30.3,43.4
9258,Bengaluru,South,2025-08-22,38.1,20.2,28.6
9259,Bengaluru,South,2025-08-23,29.3,14.8,24.3
9260,Bengaluru,South,2025-08-24,38.9,24.8,29.0
9261,Bengaluru,South,2025-08-25,46.4,21.3,37.3
9262,Bengaluru,South,2025-08-26,,,
9263,Bengaluru,South,2025-08-27,15.0,17.3,8.0
9264,Bengaluru,South,2025-08-28,38.5,26.1,24.5
9265,Bengaluru,South,2025-08-29,31.6,20.5,19.0
9266,Bengaluru,South,2025-08-30,19.6,12.1,9.7
9267,Bengaluru,South,2025-08-31,30.0,14.4,26.1
9268,Bengaluru,South,2025-09-01,18.6,5.0,10.6
9269,Bengaluru,South,2025-09-02,31.6,17.4,28.1
9270,Bengaluru,South,2025-09-03,17.4,5.0,15.3
9271,Bengaluru,South,2025-09-04,28.5,16.2,16.2
9272,Bengaluru,South,2025-09-05,30.1,12.8,37.8
9273,Bengaluru,South,2025-09-06,15.0,12.2,8.0
9274,Bengaluru,South,2025-09-07,29.1,16.0,28.9
9275,Bengaluru,South,2025-09-08,40.7,23.1,28.7
9276,Bengaluru,South,2025-09-09,31.2,16.8,22.7
9277,Bengaluru,South,2025-09-10,28.8,21.2,25.0
9278,Bengaluru,South,2025-09-11,20.9,16.6,29.2
9279,Bengaluru,South,2025-09-12,49.3,27.2,41.7
9280,Bengaluru,South,2025-09-13,35.4,18.7,18.7
9281,Bengaluru,South,2025-09-14,,,
9282,Bengaluru,South,2025-09-15,26.1,19.3,21.1
9283,Bengaluru,South,2025-09-16,43.6,26.4,42.7
9284,Bengaluru,South,2025-09-17,20.1,5.1,10.8
9285,Bengaluru,South,2025-09-18,53.4,24.6,55.1
9286,Bengaluru,South,2025-09-19,29.4,11.6,20.9
9287,Bengaluru,South,2025-09-20,43.3,22.6,32.8
9288,Bengaluru,South,2025-09-21,43.1,21.7,33.7
9289,Bengaluru,South,2025-09-22,43.5,27.3,38.3
9290,Bengaluru,South,2025-09-23,23.9,11.1,35.6
9291,Bengaluru,South,2025-09-24,15.6,5.0,13.6
9292,Bengaluru,South,2025-09-25,24.5,17.4,17.8
9293,Bengaluru,South,2025-09-26,37.7,20.4,29.0
9294,Bengaluru,South,2025-09-27,33.9,15.7,41.3
9295,Bengaluru,South,2025-09-28,42.8,24.9,41.0
9296,Bengaluru,South,2025-09-29,24.7,14.4,23.9
9297,Bengaluru,South,2025-09-30,44.5,26.7,41.3
9298,Bengaluru,South,2025-10-01,82.8,47.3,64.5
9299,Bengaluru,South,2025-10-02,64.8,36.3,61.1
9300,Bengaluru,South,2025-10-03,38.2,26.9,25.2
9301,Bengaluru,South,2025-10-04,77.3,45.4,60.7
9302,Bengaluru,South,2025-10-05,53.9,28.1,47.1
9303,Bengaluru,South,2025-10-06,47.6,24.6,45.5
9304,Bengaluru,South,2025-10-07,61.7,33.5,57.2
9305,Bengaluru,South,2025-10-08,48.7,22.3,39.7
9306,Bengaluru,South,2025-10-09,63.8,32.2,54.5
9307,Bengaluru,South,2025-10-10,64.4,37.7,59.5
9308,Bengaluru,South,2025-10-11,55.7,36.3,49.3
9309,Bengaluru,South,2025-10-12,57.2,36.5,46.3
9310,Bengaluru,South,2025-10-13,46.7,27.2,29.8
9311,Bengaluru,South,2025-10-14,53.3,29.6,48.3
9312,Bengaluru,South,2025-10-15,70.6,40.5,62.2
9313,Bengaluru,South,2025-10-16,52.1,30.4,41.9
9314,Bengaluru,South,2025-10-17,57.2,29.3,57.4
9315,Bengaluru,South,2025-10-18,,,
9316,Bengaluru,South,2025-10-19,47.5,25.8,48.2
9317,Bengaluru,South,2025-10-20,61.1,37.7,47.0
9318,Bengaluru,South,2025-10-21,80.1,52.5,68.8
9319,Bengaluru,South,2025-10-22,24.8,7.5,13.8
9320,Bengaluru,South,2025-10-23,71.4,38.8,54.1
9321,Bengaluru,South,2025-10-24,68.4,35.6,48.2
9322,Bengaluru,South,2025-10-25,35.7,22.8,34.9
9323,Bengaluru,South,2025-10-26,48.7,22.1,38.8
9324,Bengaluru,South,2025-10-27,87.1,49.3,70.7
9325,Bengaluru,South,2025-10-28,52.6,31.3,50.8
9326,Bengaluru,South,2025-10-29,46.3,23.5,39.5
9327,Bengaluru,South,2025-10-30,59.9,33.4,49.7
9328,Bengaluru,South,2025-10-31,81.9,42.9,75.8
9329,Bengaluru,South,2025-11-01,105.4,66.2,87.4
9330,Bengaluru,South,2025-11-02,109.6,64.8,88.2
9331,Bengaluru,South,2025-11-03,122.1,66.6,103.3
9332,Bengaluru,South,2025-11-04,99.9,56.9,81.3
9333,Bengaluru,South,2025-11-05,112.5,61.1,97.0
9334,Bengaluru,South,2025-11-06,63.9,39.8,47.0
9335,Bengaluru,South,2025-11-07,65.9,40.8,60.5
9336,Bengaluru,South,2025-11-08,78.7,39.3,75.6
9337,Bengaluru,South,2025-11-09,59.8,33.0,46.6
9338,Bengaluru,South,2025-11-10,75.7,45.1,54.3
9339,Bengaluru,South,2025-11-11,38.2,24.1,29.4
9340,Bengaluru,South,2025-11-12,75.4,42.4,64.2
9341,Bengaluru,South,2025-11-13,63.5,29.6,50.2
9342,Bengaluru,South,2025-11-14,72.6,42.3,69.6
9343,Bengaluru,South,2025-11-15,63.1,33.7,55.5
9344,Bengaluru,South,2025-11-16,36.8,25.0,29.4
9345,Bengaluru,South,2025-11-17,65.1,36.4,48.8
9346,Bengaluru,South,2025-11-18,72.0,35.7,44.2
9347,Bengaluru,South,2025-11-19,74.4,50.4,67.3
9348,Bengaluru,South,2025-11-20,73.5,40.3,75.7
9349,Bengaluru,South,2025-11-21,85.4,44.9,72.1
9350,Bengaluru,South,2025-11-22,,,
9351,Bengaluru,South,2025-11-23,57.7,31.7,37.8
9352,Bengaluru,South,2025-11-24,56.8,34.5,54.0
9353,Bengaluru,South,2025-11-25,53.8,28.5,44.3
9354,Bengaluru,South,2025-11-26,64.1,34.4,48.3
9355,Bengaluru,South,2025-11-27,80.1,44.1,62.7
9356,Bengaluru,South,2025-11-28,68.1,40.5,61.3
9357,Bengaluru,South,2025-11-29,91.7,46.4,74.3
9358,Bengaluru,South,2025-11-30,52.9,23.7,52.3
9359,Bengaluru,South,2025-12-01,67.4,36.6,63.6
9360,Bengaluru,South,2025-12-02,60.8,27.7,50.7
9361,Bengaluru,South,2025-12-03,55.8,25.0,58.3
9362,Bengaluru,South,2025-12-04,69.9,41.0,69.9
9363,Bengaluru,South,2025-12-05,67.0,39.7,54.5
9364,Bengaluru,South,2025-12-06,42.7,26.4,44.5
9365,Bengaluru,South,2025-12-07,60.7,32.5,41.3
9366,Bengaluru,South,2025-12-08,51.8,34.7,40.7
9367,Bengaluru,South,2025-12-09,56.6,30.2,41.7
9368,Bengaluru,South,2025-12-10,51.1,21.7,44.3
9369,Bengaluru,South,2025-12-11,58.8,30.3,54.2
9370,Bengaluru,South,2025-12-12,89.8,47.1,68.4
9371,Bengaluru,South,2025-12-13,51.4,32.4,37.5
9372,Bengaluru,South,2025-12-14,71.5,45.3,60.5
9373,Bengaluru,South,2025-12-15,63.8,36.7,64.8
9374,Bengaluru,South,2025-12-16,58.4,32.2,46.7
9375,Bengaluru,South,2025-12-17,62.9,29.9,62.8
9376,Bengaluru,South,2025-12-18,74.1,42.4,68.2
9377,Bengaluru,South,2025-12-19,72.8,45.2,58.8
9378,Bengaluru,South,2025-12-20,64.0,34.3,55.7
9379,Bengaluru,South,2025-12-21,49.9,39.4,37.5
9380,Bengaluru,South,2025-12-22,65.1,41.7,53.2
9381,Bengaluru,South,2025-12-23,76.6,47.1,53.2
9382,Bengaluru,South,2025-12-24,54.9,31.4,40.0
9383,Bengaluru,South,2025-12-25,81.9,50.3,74.5
9384,Bengaluru,South,2025-12-26,59.4,30.5,54.4
9385,Bengaluru,South,2025-12-27,43.7,20.5,42.1
9386,Bengaluru,South,2025-12-28,67.0,30.8,59.6
9387,Bengaluru,South,2025-12-29,75.5,39.6,52.8
9388,Bengaluru,South,2025-12-30,52.5,28.6,42.7
9389,Bengaluru,South,2025-12-31,47.2,23.2,37.5
9390,Bengaluru,South,2026-01-01,72.0,33.4,54.9
9391,Bengaluru,South,2026-01-02,79.4,37.5,53.2
9392,Bengaluru,South,2026-01-03,47.8,23.7,35.2
9393,Bengaluru,South,2026-01-04,64.0,33.9,46.7
9394,Bengaluru,South,2026-01-05,76.0,37.6,70.8
9395,Bengaluru,South,2026-01-06,52.6,28.2,51.8
9396,Bengaluru,South,2026-01-07,60.1,35.4,57.6
9397,Bengaluru,South,2026-01-08,47.1,21.6,39.0
9398,Bengaluru,South,2026-01-09,47.2,25.3,41.6
9399,Bengaluru,South,2026-01-10,63.0,31.7,54.0
9400,Bengaluru,South,2026-01-11,59.6,32.2,45.3
9401,Bengaluru,South,2026-01-12,83.6,51.4,75.3
9402,Bengaluru,South,2026-01-13,63.7,37.4,56.0
9403,Bengaluru,South,2026-01-14,,,
9404,Bengaluru,South,2026-01-15,35.3,22.1,31.5
9405,Bengaluru,South,2026-01-16,70.8,36.1,62.8
9406,Bengaluru,South,2026-01-17,61.3,27.3,50.6
9407,Bengaluru,South,2026-01-18,90.6,49.3,74.5
9408,Bengaluru,South,2026-01-19,51.7,33.4,46.8
9409,Bengaluru,South,2026-01-20,61.0,39.9,52.3
9410,Bengaluru,South,2026-01-21,73.4,38.4,73.3
9411,Bengaluru,South,2026-01-22,51.3,32.8,41.2
9412,Bengaluru,South,2026-01-23,51.3,30.5,37.5
9413,Bengaluru,South,2026-01-24,58.5,34.5,55.6
9414,Bengaluru,South,2026-01-25,89.8,48.2,77.5
9415,Bengaluru,South,2026-01-26,31.9,17.1,17.3
9416,Bengaluru,South,2026-01-27,59.6,31.8,53.1
9417,Bengaluru,South,2026-01-28,70.3,41.2,53.3
9418,Bengaluru,South,2026-01-29,38.8,27.2,31.3
9419,Bengaluru,South,2026-01-30,73.0,36.6,58.0
9420,Bengaluru,South,2026-01-31,59.4,30.9,53.3
9421,Bengaluru,South,2026-02-01,55.9,29.3,47.2
9422,Bengaluru,South,2026-02-02,57.4,29.9,56.5
9423,Bengaluru,South,2026-02-03,62.0,42.2,53.7
9424,Bengaluru,South,2026-02-04,49.3,22.4,41.3
9425,Bengaluru,South,2026-02-05,46.5,23.8,33.9
9426,Bengaluru,South,2026-02-06,,,
9427,Bengaluru,South,2026-02-07,54.2,25.8,41.2
9428,Bengaluru,South,2026-02-08,58.5,37.2,52.8
9429,Bengaluru,South,2026-02-09,54.8,30.3,49.7
9430,Bengaluru,South,2026-02-10,43.2,23.6,31.4
9431,Bengaluru,South,2026-02-11,49.5,29.9,44.8
9432,Bengaluru,South,2026-02-12,68.4,33.5,58.7
9433,Bengaluru,South,2026-02-13,68.5,34.2,58.5
9434,Bengaluru,South,2026-02-14,56.3,36.6,44.1
9435,Bengaluru,South,2026-02-15,48.6,28.0,35.7
9436,Bengaluru,South,2026-02-16,66.9,40.1,59.9
9437,Bengaluru,South,2026-02-17,67.5,35.0,63.4
9438,Bengaluru,South,2026-02-18,61.7,36.7,46.1
9439,Bengaluru,South,2026-02-19,57.1,20.3,34.3
9440,Bengaluru,South,2026-02-20,,,
9441,Bengaluru,South,2026-02-21,49.7,23.1,53.7
9442,Bengaluru,South,2026-02-22,59.9,29.0,55.5
9443,Bengaluru,South,2026-02-23,66.5,41.3,57.3
9444,Bengaluru,South,2026-02-24,65.5,34.9,57.1
9445,Bengaluru,South,2026-02-25,48.1,21.9,40.5
9446,Bengaluru,South,2026-02-26,67.6,46.6,58.3
9447,Bengaluru,South,2026-02-27,60.2,36.2,42.1
9448,Bengaluru,South,2026-02-28,52.7,35.0,43.8
9449,Bengaluru,South,2026-03-01,64.2,33.8,56.9
9450,Bengaluru,South,2026-03-02,85.8,43.4,74.7
9451,Bengaluru,South,2026-03-03,53.2,30.5,45.7
9452,Bengaluru,South,2026-03-04,77.0,45.5,58.4
9453,Bengaluru,South,2026-03-05,65.2,38.4,56.0
9454,Bengaluru,South,2026-03-06,58.4,24.9,49.5
9455,Bengaluru,South,2026-03-07,64.8,40.1,52.7
9456,Bengaluru,South,2026-03-08,46.1,24.7,40.8
9457,Bengaluru,South,2026-03-09,59.8,25.9,49.0
9458,Bengaluru,South,2026-03-10,55.1,24.0,45.1
9459,Bengaluru,South,2026-03-11,45.7,22.6,43.0
9460,Bengaluru,South,2026-03-12,71.2,41.3,62.8
9461,Bengaluru,South,2026-03-13,39.3,17.8,33.4
9462,Bengaluru,South,2026-03-14,81.0,44.8,60.6
9463,Bengaluru,South,2026-03-15,,,
9464,Bengaluru,South,2026-03-16,70.3,38.8,56.6
9465,Bengaluru,South,2026-03-17,46.9,23.4,35.4
9466,Bengaluru,South,2026-03-18,49.9,26.6,42.5
9467,Bengaluru,South,2026-03-19,51.8,35.5,40.6
9468,Bengaluru,South,2026-03-20,52.2,21.8,43.6
9469,Bengaluru,South,2026-03-21,87.3,46.1,77.3
9470,Bengaluru,South,2026-03-22,72.9,46.4,69.2
9471,Bengaluru,South,2026-03-23,46.1,27.2,46.5
9472,Bengaluru,South,2026-03-24,68.8,35.9,56.4
9473,Bengaluru,South,2026-03-25,56.7,25.2,48.3
9474,Bengaluru,South,2026-03-26,82.5,47.5,73.1
9475,Bengaluru,South,2026-03-27,52.1,23.8,42.4
9476,Bengaluru,South,2026-03-28,65.0,32.2,55.8
9477,Bengaluru,South,2026-03-29,61.7,40.2,53.5
9478,Bengaluru,South,2026-03-30,81.0,46.7,61.5
9479,Bengaluru,South,2026-03-31,63.0,36.8,49.9
9480,Bengaluru,South,2026-04-01,50.0,35.6,35.6
9481,Bengaluru,South,2026-04-02,42.0,25.8,31.4
9482,Bengaluru,South,2026-04-03,,,
9483,Bengaluru,South,2026-04-04,35.3,18.7,29.5
9484,Bengaluru,South,2026-04-05,47.6,27.8,33.2
9485,Bengaluru,South,2026-04-06,61.5,29.7,57.0
9486,Bengaluru,South,2026-04-07,58.9,30.9,48.8
9487,Bengaluru,South,2026-04-08,55.4,34.4,49.2
9488,Bengaluru,South,2026-04-09,26.9,12.8,29.0
9489,Bengaluru,South,2026-04-10,28.8,10.9,27.4
9490,Bengaluru,South,2026-04-11,39.0,19.8,30.8
9491,Bengaluru,South,2026-04-12,39.9,23.5,42.3
9492,Bengaluru,South,2026-04-13,35.5,19.8,26.0
9493,Bengaluru,South,2026-04-14,55.5,29.7,62.5
9494,Bengaluru,South,2026-04-15,51.1,29.1,51.8
9495,Bengaluru,South,2026-04-16,41.8,20.8,36.6
9496,Bengaluru,South,2026-04-17,40.3,15.0,30.2
9497,Bengaluru,South,2026-04-18,43.4,27.3,34.0
9498,Bengaluru,South,2026-04-19,28.0,10.1,33.1
9499,Bengaluru,South,2026-04-20,48.9,32.1,59.1
9500,Bengaluru,South,2026-04-21,33.6,17.2,16.7
9501,Bengaluru,South,2026-04-22,38.9,18.6,41.1
9502,Bengaluru,South,2026-04-23,43.8,21.1,51.8
9503,Bengaluru,South,2026-04-24,23.6,18.0,22.7
9504,Bengaluru,South,2026-04-25,39.2,18.3,32.1
9505,Bengaluru,South,2026-04-26,46.0,25.7,40.6
9506,Bengaluru,South,2026-04-27,49.3,26.1,46.1
9507,Bengaluru,South,2026-04-28,48.4,19.2,37.4
9508,Bengaluru,South,2026-04-29,67.1,39.8,69.8
9509,Bengaluru,South,2026-04-30,41.3,18.4,38.0
9510,Bengaluru,South,2026-05-01,41.3,21.9,28.1
9511,Bengaluru,South,2026-05-02,45.4,28.6,38.6
9512,Bengaluru,South,2026-05-03,49.4,27.1,49.4
9513,Bengaluru,South,2026-05-04,59.5,30.7,43.6
9514,Bengaluru,South,2026-05-05,46.1,25.3,41.8
9515,Bengaluru,South,2026-05-06,32.8,23.8,38.1
9516,Bengaluru,South,2026-05-07,32.8,17.7,24.2
9517,Bengaluru,South,2026-05-08,41.6,30.3,36.7
9518,Bengaluru,South,2026-05-09,47.9,30.7,28.9
9519,Bengaluru,South,2026-05-10,66.9,45.5,59.2
9520,Bengaluru,South,2026-05-11,21.9,11.0,28.8
9521,Bengaluru,South,2026-05-12,42.2,16.6,36.0
9522,Bengaluru,South,2026-05-13,23.1,12.3,17.4
9523,Bengaluru,South,2026-05-14,40.7,27.2,36.6
9524,Bengaluru,South,2026-05-15,63.3,35.6,50.3
9525,Bengaluru,South,2026-05-16,42.8,21.9,25.1
9526,Bengaluru,South,2026-05-17,53.2,30.9,49.3
9527,Bengaluru,South,2026-05-18,41.7,25.3,29.9
9528,Bengaluru,South,2026-05-19,44.1,23.2,34.4
9529,Bengaluru,South,2026-05-20,48.3,32.6,50.5
9530,Bengaluru,South,2026-05-21,40.5,27.3,20.3
9531,Bengaluru,South,2026-05-22,49.3,24.7,40.3
9532,Bengaluru,South,2026-05-23,55.4,35.0,50.2
9533,Bengaluru,South,2026-05-24,,,
9534,Bengaluru,South,2026-05-25,44.6,22.6,36.4
9535,Bengaluru,South,2026-05-26,28.6,19.2,20.1
9536,Bengaluru,South,2026-05-27,46.6,32.2,52.2
9537,Bengaluru,South,2026-05-28,20.7,12.6,9.4
9538,Bengaluru,South,2026-05-29,35.4,19.1,33.8
9539,Bengaluru,South,2026-05-30,52.6,26.3,44.2
9540,Bengaluru,South,2026-05-31,76.0,44.0,53.6
9541,Bengaluru,South,2026-06-01,35.8,14.1,28.4
9542,Bengaluru,South,2026-06-02,48.3,27.4,33.9
9543,Bengaluru,South,2026-06-03,51.4,26.0,42.7
9544,Bengaluru,South,2026-06-04,46.5,30.5,46.3
9545,Bengaluru,South,2026-06-05,23.3,8.7,17.5
9546,Bengaluru,South,2026-06-06,39.5,26.0,41.1
9547,Bengaluru,South,2026-06-07,38.4,16.0,31.3
9548,Bengaluru,South,2026-06-08,43.1,16.9,28.9
9549,Bengaluru,South,2026-06-09,28.7,15.2,23.8
9550,Bengaluru,South,2026-06-10,43.9,26.3,40.5
9551,Bengaluru,South,2026-06-11,32.4,22.7,36.8
9552,Bengaluru,South,2026-06-12,53.8,30.8,48.5
9553,Bengaluru,South,2026-06-13,15.7,6.1,8.0
9554,Bengaluru,South,2026-06-14,54.6,35.2,36.1
9555,Bengaluru,South,2026-06-15,45.4,22.8,34.5
9556,Bengaluru,South,2026-06-16,36.4,13.2,21.0
9557,Bengaluru,South,2026-06-17,47.8,28.0,39.4
9558,Bengaluru,South,2026-06-18,39.0,23.2,26.6
9559,Bengaluru,South,2026-06-19,35.5,19.0,30.7
9560,Bengaluru,South,2026-06-20,20.1,7.3,29.1
9561,Bengaluru,South,2026-06-21,30.5,18.0,37.5
9562,Bengaluru,South,2026-06-22,35.0,22.0,20.5
9563,Bengaluru,South,2026-06-23,38.5,28.4,35.1
9564,Bengaluru,South,2026-06-24,17.6,5.0,17.1
9565,Bengaluru,South,2026-06-25,15.0,6.6,8.6
9566,Bengaluru,South,2026-06-26,19.4,15.1,8.5
9567,Bengaluru,South,2026-06-27,33.1,20.2,23.6
9568,Bengaluru,South,2026-06-28,21.3,15.2,15.5
9569,Bengaluru,South,2026-06-29,26.6,19.3,27.7
9570,Bengaluru,South,2026-06-30,54.8,32.0,44.9
9571,Bengaluru,South,2026-07-01,42.8,24.4,42.6
9572,Bengaluru,South,2026-07-02,31.8,16.4,28.4
9573,Bengaluru,South,2026-07-03,37.3,25.4,46.3
9574,Bengaluru,South,2026-07-04,29.6,12.1,19.3
9575,Bengaluru,South,2026-07-05,22.8,14.3,12.9
9576,Bengaluru,South,2026-07-06,24.3,14.5,17.5
9577,Bengaluru,South,2026-07-07,15.0,11.0,16.0
9578,Bengaluru,South,2026-07-08,52.9,43.9,46.6
9579,Bengaluru,South,2026-07-09,15.0,5.0,13.6
9580,Bengaluru,South,2026-07-10,38.3,11.3,38.7
9581,Bengaluru,South,2026-07-11,33.1,19.9,30.5
9582,Bengaluru,South,2026-07-12,15.0,10.9,14.2
9583,Bengaluru,South,2026-07-13,16.0,11.2,13.9
9584,Bengaluru,South,2026-07-14,39.9,21.9,26.2
9585,Bengaluru,South,2026-07-15,23.8,11.0,19.5
9586,Bengaluru,South,2026-07-16,41.6,19.7,38.1
9587,Bengaluru,South,2026-07-17,15.9,14.9,11.8
9588,Bengaluru,South,2026-07-18,27.0,11.5,34.2
9589,Bengaluru,South,2026-07-19,15.0,13.1,15.6
9590,Bengaluru,South,2026-07-20,15.0,8.3,8.0
9591,Bengaluru,South,2026-07-21,26.5,12.2,27.7
9592,Bengaluru,South,2026-07-22,40.5,26.0,28.6
9593,Bengaluru,South,2026-07-23,29.2,10.0,26.1
9594,Bengaluru,South,2026-07-24,17.3,7.7,8.0
9595,Bengaluru,South,2026-07-25,23.4,10.0,13.6
9596,Bengaluru,South,2026-07-26,33.7,15.7,27.7
9597,Bengaluru,South,2026-07-27,31.5,14.2,25.9
9598,Bengaluru,South,2026-07-28,22.3,8.1,15.5
9599,Bengaluru,South,2026-07-29,28.8,16.3,32.1
9600,Bengaluru,South,2026-07-30,43.7,22.1,46.2
9601,Bengaluru,South,2026-07-31,,,
9602,Bengaluru,South,2026-08-01,43.6,22.5,43.7
9603,Bengaluru,South,2026-08-02,62.9,30.8,55.7
9604,Bengaluru,South,2026-08-03,44.8,23.5,29.9
9605,Bengaluru,South,2026-08-04,45.3,29.1,45.5
9606,Bengaluru,South,2026-08-05,18.7,6.7,15.4
9607,Bengaluru,South,2026-08-06,23.4,14.4,27.0
9608,Bengaluru,South,2026-08-07,32.2,17.8,35.8
9609,Bengaluru,South,2026-08-08,,,
9610,Bengaluru,South,2026-08-09,47.1,30.0,44.0
9611,Bengaluru,South,2026-08-10,21.6,11.4,15.0
9612,Bengaluru,South,2026-08-11,24.3,14.9,14.9
9613,Bengaluru,South,2026-08-12,45.5,23.1,43.7
9614,Bengaluru,South,2026-08-13,47.9,18.9,36.3
9615,Bengaluru,South,2026-08-14,24.7,5.0,23.4
9616,Bengaluru,South,2026-08-15,32.0,21.6,24.4
9617,Bengaluru,South,2026-08-16,36.3,15.7,33.1
9618,Bengaluru,South,2026-08-17,15.0,9.3,11.1
9619,Bengaluru,South,2026-08-18,40.7,34.0,36.0
9620,Bengaluru,South,2026-08-19,35.5,20.8,32.7
8732,Bengaluru,South,2024-03-14,42.5,24.6,38.7
4066,Jaipur,North,2024-08-05,55.0,27.4,55.0
6536,Pune,West,2026-02-02,98.2,57.3,81.2
8413,Chennai,South,2025-12-17,99.0,56.7,70.9
4900,Mumbai,West,2024-03-30,110.3,65.0,98.8
366,Delhi,North,2024-12-31,376.9,206.0,318.7
9190,Bengaluru,South,2025-06-15,27.3,18.3,23.1
4096,Jaipur,North,2024-09-04,61.4,33.5,47.8
2688,Lucknow,North,2026-02-02,257.2,137.1,216.4
4518,Jaipur,North,2025-10-31,163.6,83.2,136.5
1010,Patna,East,2024-02-17,209.8,113.7,189.1
6981,Hyderabad,South,2024-09-03,28.7,18.7,21.8
7979,Chennai,South,2024-10-09,91.0,55.0,69.4
7553,Hyderabad,South,2026-03-29,86.5,47.1,70.8
1310,Patna,East,2024-12-13,292.1,158.1,257.4
4654,Jaipur,North,2026-03-16,182.5,101.1,158.7
8023,Chennai,South,2024-11-22,,,
5920,Pune,West,2024-05-27,42.0,31.9,27.3
8274,Chennai,South,2025-07-31,42.8,25.4,40.7
6001,Pune,West,2024-08-16,29.3,20.7,29.1
1988,Lucknow,North,2024-03-04,239.9,130.1,205.0
8385,Chennai,South,2025-11-19,105.8,50.8,102.0
1461,Patna,East,2025-05-13,123.5,71.8,110.3
6146,Pune,West,2025-01-08,102.4,59.9,91.5
4226,Jaipur,North,2025-01-12,202.4,112.3,174.8
9171,Bengaluru,South,2025-05-27,60.8,31.0,51.9
9001,Bengaluru,South,2024-12-08,58.7,31.9,49.7
6479,Pune,West,2025-12-07,91.6,58.0,82.2
3328,Kolkata,East,2025-03-17,139.8,80.5,112.6
4524,Jaipur,North,2025-11-06,227.0,126.8,184.3
7912,Chennai,South,2024-08-03,49.0,25.4,35.7
102,Delhi,North,2024-04-11,134.8,77.9,113.7
3149,Kolkata,East,2024-09-19,60.0,31.7,51.6
5193,Mumbai,West,2025-01-17,91.4,54.8,79.0
2394,Lucknow,North,2025-04-14,139.2,73.3,120.2
